,0,1,2,3,4,5,6,7,8,9,10,11,12,13,14,15,16,17,18,19,20,21,22,23,24,25,26,27,28,29
0,0.0,0.0,0.0,0.0,0.0,0.0,0.0,0.0,0.0,0.0,0.0,0.0,0.0,0.0,0.0,0.0,0.0,0.0,0.0,0.0,0.0,0.0,0.0,0.0,0.0,0.0,0.0,0.0,0.0,0.0
1,-0.003424920160144179,-0.005466243536910375,0.005178264371541036,-0.03835767379625829,0.09566500965077171,0.07458930478255736,-0.0034249201311892874,-0.005434796420950481,0.0051782643367951665,0.04795027873030296,0.04420943874928472,0.07725165377454503,0.0013767241718251927,-0.006163687738131887,0.005151580529856307,0.020953083045322014,0.046769868321625,0.04977776841020619,0.0051889306184892325,-0.0032985535908902726,0.0050604763166767295,-4.163605552004481e-05,0.0294145376641724,0.018738232199809808,0.0,0.0,0.0,0.0,0.0,0.0
2,-0.006849706289120661,-0.010932268681039248,0.010356325416269203,-0.07671379676971109,0.19132626827174692,0.1491756434890914,-0.006849705825880605,-0.010869376401705676,0.010356324860381136,0.09589867101370761,0.08841713818327754,0.15450025018152372,0.0027533925019914353,-0.012327131283972384,0.010302958284500296,0.04190533870919883,0.09353789813068586,0.09955357351980522,0.010377654374841153,-0.00659697800441909,0.010120753435218736,-8.327056156517174e-05,0.0588279173678051,0.03747573071664749,0.0,0.0,0.0,0.0,0.0,0.0
3,-0.010274226638895254,-0.016397853650125204,0.015533982190710468,-0.11506676552884992,0.2869800771892652,0.22375602577443396,-0.010274224293811706,-0.016303521226002312,0.015533979376610212,0.1438433067246212,0.13262137397259716,0.23174272962394732,0.004129946979412722,-0.01849008586870194,0.015453932080173156,0.06285594194826633,0.1403022691831547,0.14932546118272505,0.015565961898310976,-0.009895146118447063,0.015180633706748013,-0.0001249021219878093,0.08823898999695567,0.056211773763182114,0.0,0.0,0.0,0.0,0.0,0.0
4,-0.013698351956334098,-0.02186277297303927,0.0207110363580704,-0.1534149194040843,0.3826227949663393,0.2983274349310631,-0.013698344544989619,-0.021737009703020078,0.020711027464457025,0.19178233360584404,0.1768204381945216,0.30897603018347725,0.005506327229000443,-0.02465230610350637,0.020604302476091085,0.08380407029866575,0.1870611812255001,0.19909148730784798,0.020753641089620856,-0.013192933056987781,0.020239921179211945,-0.000166529507928744,0.1176466161276656,0.07494565255233551,0.0,0.0,0.0,0.0,0.0,0.0
5,-0.017121955487026715,-0.027326797500583363,0.025887292194731563,-0.1917565405425129,0.47825083751712716,0.3728868280219326,-0.017121937394070995,-0.027169618177190893,0.025887270483184698,0.23971391733369074,0.22101263939316024,0.3861970877416009,0.006882470514920854,-0.03081354598957169,0.025753871781585398,0.1047489039085482,0.23381285405620283,0.24884971793066551,0.025940477130598456,-0.01649021619401221,0.025298421604405253,-0.00020815165774614816,0.1470496660668661,0.09367667131871041,0.0,0.0,0.0,0.0,0.0,0.0
6,-0.020544912978601573,-0.03278969441700443,0.03106255659621822,-0.23008985401375803,0.5738606782097574,0.44743113601844337,-0.020544875464384407,-0.032601120538496196,0.031062511579157615,0.28763624157955786,0.26519630263636224,0.46340283610122307,0.008258311744317404,-0.03697355892820668,0.030902444062895305,0.12568962557002022,0.28055552758330854,0.29859822928290797,0.031126252494349402,-0.01978687515679868,0.030355942444653783,-0.00024976767691275244,0.17644701989135195,0.11240414733738585,0.0,0.0,0.0,0.0,0.0,0.0
7,-0.023967102683532658,-0.038251227252211396,0.036236639082626046,-0.2684130279266632,0.6694488479574717,0.5219572639434594,-0.023967033191594194,-0.03803128823324878,0.03623655569229989,0.3355475080679362,0.30936976956936224,0.540590207108647,0.009633783471497287,-0.0431320977310922,0.036049825149612205,0.14662542075049448,0.32728746187802976,0.3483351078601389,0.03631074695595745,-0.023082791828827654,0.03541229287915904,-0.00029137683788236314,0.2058375674848172,0.13112741094007524,0.0,0.0,0.0,0.0,0.0,0.0
8,-0.027388405361432507,-0.043711155894688804,0.041409351803510804,-0.3067241735567492,0.7650119352979761,0.5964620910193315,-0.02738828682700483,-0.0434598902753578,0.041409209562197596,0.3834459366308543,0.3535313984651483,0.6177561307759203,0.011008815902581378,-0.0492889146306583,0.04119582264077396,0.16755547762342374,0.3740069372243899,0.39805845048729926,0.041493737603709516,-0.0263778503522179,0.04046728381000188,-0.000332978579926234,0.2352202085729426,0.14984580552862595,0.0,0.0,0.0,0.0,0.0,0.0
9,-0.030808704280827156,-0.049169236605099184,0.04658050954223008,-0.34502134548430025,0.8605465864608887,0.6709424708208653,-0.03080851444050455,-0.048886693258074494,0.046580281733842946,0.43132976525874,0.3976795642715413,0.6948975354035108,0.012383336900616358,-0.05544376129058842,0.046340245910607016,0.1884789870983928,0.42071225416490104,0.4477663643821768,0.04667499885084126,-0.02967193712970063,0.045520727867803375,-0.00037457250893989196,0.2645938527565243,0.1685586875858413,0.0,0.0,0.0,0.0,0.0,0.0
10,-0.034227885220409184,-0.054625222030566724,0.05174992971973329,-0.38330254174295986,0.956049505423197,0.7453952314331901,-0.0342275959231477,-0.05431146136621684,0.0517495825630195,0.47919725014769243,0.4418126586549792,0.7720113477032939,0.013757271991147691,-0.06159638881645177,0.0514829061139156,0.20939514285054717,0.4674017335422748,0.49745696721679045,0.051854302447799816,-0.03296494082612909,0.050572439417042064,-0.00041615839722101424,0.2939574195426371,0.1872654266836078,0.0,0.0,0.0,0.0,0.0,0.0
11,-0.03764583646976411,-0.060078861219634676,0.056917432397793816,-0.421565703978713,1.0515174539526115,0.8198171756144641,-0.03764541298937406,-0.05973395638887039,0.05691692422132575,0.527046665743146,0.4859290900409881,0.8490944929218076,0.015130544368252574,-0.06774654776646276,0.05662361619111533,0.2303031413493305,0.5140737165371551,0.5471283871766607,0.057031417495019276,-0.03625675236951964,0.05562223456102493,-0.00045773618321896114,0.3233098383738191,0.20596540548830608,0.0,0.0,0.0,0.0,0.0,0.0
12,-0.041062448822962706,-0.06552989964774247,0.062082840274791565,-0.4598087177717407,1.1469472514873578,0.8942050810340898,-0.041061849176894066,-0.06515393773424695,0.06208212069950919,0.5748763047554837,0.5300272836310305,0.9261438949433858,0.016503074899399228,-0.07389398816309842,0.06176219087160007,0.25120218191067206,0.5607265646607749,0.5967787629890957,0.06220611046005194,-0.03954726494621085,0.060669931145234876,-0.0004993059699882432,0.35265004864795596,0.22465801973135108,0.0,0.0,0.0,0.0,0.0,0.0
13,-0.04447761558286501,-0.07097807922658202,0.06724597869265563,-0.49802941270853907,1.242335775261452,0.968555700395243,-0.04447678984958149,-0.07057116244212185,0.0672449878127154,0.6226844782137702,0.5741056814507356,1.0031564764280603,0.01787478213349902,-0.08003845950359573,0.06689844667900094,0.27209146670746887,0.6073586598136825,0.6464062439984737,0.06737814518863589,-0.04283637400476698,0.06571534876252158,-0.0005408680257700341,0.3819769997487326,0.24334267823172823,0.0,0.0,0.0,0.0,0.0,0.0
14,-0.047891232571927934,-0.07642313830359897,0.07240667565057562,-0.5362255623013318,1.3376799605789729,1.0428657614866845,-0.04789012220207087,-0.07598538519500583,0.07240534320674714,0.6704695155416401,0.6181627424161704,1.0801291589717064,0.01924558231124835,-0.08617971076981241,0.07203220193744483,0.2929702007531855,0.6539684043841674,0.6960089902701863,0.07254728291220433,-0.046123977265168814,0.0707583087592658,-0.0005824227859091991,0.41128965108166815,0.26201880295000785,0.0,0.0,0.0,0.0,0.0,0.0
15,-0.05130319811973948,-0.08186481169604826,0.07756476179443189,-0.574394884442593,1.432976800554872,1.1171319674825675,-0.051301735257202385,-0.08139635833557578,0.07756300635938736,0.7182297645454201,0.6621969423268687,1.1570588631962064,0.020615389370308792,-0.09231749044072379,0.07716327677293981,0.313837591967814,0.7005542212012336,0.7455851725930348,0.07771328226912864,-0.049409974708898664,0.07579863423679728,-0.0006239708503803429,0.4405869720829538,0.2806858289289488,0.0,0.0,0.0,0.0,0.0,0.0
16,-0.05471341306008306,-0.08730283071065607,0.0827200704161485,-0.6125350416365564,1.528223346074142,1.1913509971389578,-0.054711519866125526,-0.08680383188197517,0.08271779858339946,0.7659635914360194,0.7062067738866233,1.233942508870684,0.0219841149533827,-0.09845154650393127,0.08229149311641822,0.33469285120636705,0.7471145535463521,0.79513297252347,0.08287589932056827,-0.0526942685768023,0.08083615005442725,-0.0006655129832182291,0.46986794223754685,0.2993432042803497,0.0,0.0,0.0,0.0,0.0,0.0
17,-0.05812178072754024,-0.09273692316377509,0.0878724374525511,-0.6506436412382878,1.6234167057403615,1.2655195049939105,-0.0581193687080632,-0.09220755354354969,0.08786954302917867,0.8136693808475088,0.7501907467212121,1.3107770150330906,0.02335166841675595,-0.10458162646728722,0.08741667470643656,0.35553519228624003,0.7936478651617832,0.8446505824280042,0.08803488756675408,-0.05597676336653945,0.08587068283214667,-0.0007070501119399055,0.49913155109535073,0.3179903901695207,0.0,0.0,0.0,0.0,0.0,0.0
18,-0.06152820695354677,-0.09816681340215216,0.09302170148363771,-0.6887182357021484,1.7185540458116337,1.3396341215719483,-0.06152517628971269,-0.09760726873703797,0.09301806468703683,0.861345535852069,0.7941473873927911,1.38755930011187,0.024717956839285498,-0.11070747737064739,0.09253864709151514,0.37636383201373613,0.8401526402549478,0.8941362055234261,0.09318999796375128,-0.05925736582955204,0.09090206095297367,-0.0007485833269429666,0.5283767982853872,0.3366268607969529,0.0,0.0,0.0,0.0,0.0,0.0
19,-0.06493260006189715,-0.10359222232429946,0.09816770373025677,-0.7267563228395164,1.8136325901238106,1.4136914535928913,-0.0649288389442818,-0.1030027206032141,0.09816319038911833,0.9089904779712963,0.838075239410939,1.4642862820476659,0.026082885031829903,-0.11682884579774956,0.0976572376321146,0.3971779902097229,0.8866273834988382,0.9435880559148007,0.09834097894069677,-0.06253598496754782,0.09593011456494732,-0.0007901138808805786,0.5576026935279453,0.35525210337717333,0.0,0.0,0.0,0.0,0.0,0.0
20,-0.06833487086369472,-0.10901286740246183,0.10331028805119058,-0.764755346085634,1.908649620000955,1.4876880841849738,-0.0683302548301596,-0.10839365002398044,0.10330474881094846,0.9566026471838764,0.8819728632403712,1.5409548784150475,0.02744635554712248,-0.12294547788821895,0.10277227550225092,0.41797688973440705,0.9330706200284878,0.9930043586312325,0.10348757641750743,-0.06581253202849636,0.10095467558276931,-0.0008316431880139256,0.5868082566447118,0.3738656181147639,0.0,0.0,0.0,0.0,0.0,0.0
21,-0.07173493265174492,-0.11442846270517176,0.10844930093963745,-0.8027126947754605,2.0036024741529443,1.5616205731021997,-0.07172932392922225,-0.11377979563990764,0.10844257047261023,1.0041805019295942,0.9258388363052906,1.6175620065442358,0.028808268690084474,-0.12905711934970077,0.10788359169074513,0.43875975651119603,0.9794808954334794,1.0423833496593953,0.10862953382305496,-0.06908692050213674,0.10597557768908968,-0.0008731728235426955,0.6159925175668652,0.39246691817754487,0.0,0.0,0.0,0.0,0.0,0.0
22,-0.07513270119438814,-0.11983871892038367,0.11358459151908962,-0.8406257044283765,2.0984885485601525,1.6354854569458637,-0.07512594804477235,-0.11916089386821886,0.11357648773955066,1.0517225191096984,0.9696717529903827,1.6941045836427895,0.03016852252857736,-0.13516351547011848,0.1129910190021081,0.45952581954963073,1.0258567757465056,1.0917232759747961,0.11376659211380238,-0.07235906611499318,0.11099265633543733,-0.0009147045229142598,0.6451545163411355,0.41105552966689646,0.0,0.0,0.0,0.0,0.0,0.0
23,-0.078528094728769,-0.1252433433791802,0.11871601153860328,-0.8784916570416408,2.193305296345142,1.709279249390204,-0.07852003079911193,-0.1245366789212167,0.11870633482301479,1.0992271940835994,1.0134702246384568,1.7705795269172402,0.03152701290459273,-0.14126441113005941,0.11809439205705977,0.4802743109673649,1.0721968474279846,1.141022395570778,0.118898489792899,-0.07562888682489825,0.11600574874279405,-0.0009562401811121668,0.6742933031338193,0.4296309915852167,0.0,0.0,0.0,0.0,0.0,0.0
24,-0.08192103395354144,-0.13064204008004182,0.12384341536745641,-0.9163077813924421,2.288050227631311,1.7829984414121072,-0.08191147763075009,-0.1299068828251493,0.12383194778010678,1.1466930406619096,1.0572328795447155,1.846983753694646,0.03288363344587749,-0.14735955081528662,0.12319354729268062,0.5010044660111705,1.1184997173467275,1.1902789774852418,0.12402496292972855,-0.07889630281502095,0.12101469390181091,-0.0009977818519245824,0.7034079382327499,0.4481928558005012,0.0,0.0,0.0,0.0,0.0,0.0
25,-0.08531144202100215,-0.136034509713671,0.12896665998918974,-0.9540712533484248,2.3827209093883717,1.8566395015248074,-0.08530019579124092,-0.13527123543951242,0.12895316451347627,1.1941185910958003,1.1009583629476496,1.9233141815440162,0.03423827557799433,-0.15344867862937564,0.1282883229621953,0.5217155230769455,1.1647640127566552,1.239491301825062,0.12914574517990643,-0.08216123648739672,0.12601933257266565,-0.0010393317471933032,0.7324974920472074,0.4667406870080253,0.0,0.0,0.0,0.0,0.0,0.0
26,-0.0886992445286563,-0.14142044968836437,0.13408560499502994,-0.9917791961865627,2.477314965264699,1.9301988760155482,-0.08868609434165749,-0.1406294644767865,0.13406982477063137,1.2415023960627047,1.1446453370165757,1.9995677283976336,0.03559082853681349,-0.1595315383064793,0.13337855913438837,0.5424067237287081,1.2109883812695919,1.2886576597882196,0.13426056780572207,-0.08542361245596083,0.1310195072845621,-0.0010808922360439632,0.7615610451057785,0.48527406268913714,0.0,0.0,0.0,0.0,0.0,0.0
27,-0.09208436951020683,-0.14679955415592427,0.1392001125766871,-1.0294286809202597,2.5718300754063756,2.0036729891871206,-0.09206908414869579,-0.145981295522605,0.13918177014287383,1.288843024648321,1.1882924808357735,2.075741312672192,0.03694117938143691,-0.16560787322421663,0.13846409769264842,0.563077312716549,1.257171490824096,1.337776353683597,0.139369159697022,-0.08868335753907942,0.1360150623348677,-0.0011224658440980575,0.7905976880521427,0.5037925730671279,0.0,0.0,0.0,0.0,0.0,0.0
28,-0.09546674742597033,-0.15217151403810142,0.1443100475185295,-1.0670167266345212,2.6662639762629867,2.0770582436032443,-0.09544907788041344,-0.15132645205635065,0.14428884406386122,1.336139064324966,1.2318984903852734,2.15183185338977,0.038289213007550234,-0.17167742641668932,0.14354478233364526,0.5837265379935361,1.3033120296503926,1.3868456969484688,0.144471247392529,-0.09194040075158046,0.14100584378789274,-0.0011640552526673892,0.8196065216388041,0.522295821060192,0.0,0.0,0.0,0.0,0.0,0.0
29,-0.09884631115271207,-0.15753601705356018,0.14941527718912495,-1.1045403008290986,2.760614460379993,2.150351020337709,-0.0988259900015986,-0.1566646554721777,0.1493908918077888,1.3833891209262152,1.2754620785182336,2.2278362702985848,0.039634812161203375,-0.17773994058762155,0.1486204585656326,0.6043536507315288,1.34940870623134,1.4358640141636378,0.14956655510159303,-0.09519467329628006,0.14599169947330595,-0.0012056632979315495,0.8485866567187383,0.5407834222314511,0.0,0.0,0.0,0.0,0.0,0.0
30,-0.1022229959729027,-0.16289274774536053,0.154515671532151,-1.1419963197694627,2.854879376177731,2.2235476792272433,-0.1021997367687732,-0.16199562510045826,0.1544877604871956,1.4305918186178859,1.318981974934955,2.3037514839935236,0.04097785745301649,-0.1837951581236272,0.15369097370638163,0.6249579053359062,1.395460249259502,1.484829641066235,0.15465480472637025,-0.09844610855500464,0.1509724789841893,-0.0012472929700990398,0.8775372142349727,0.559255004736041,0.0,0.0,0.0,0.0,0.0,0.0
31,-0.10559673956339084,-0.16824138750894566,0.15961110305666945,-1.1793816488454807,2.9490566277169235,2.2966445591280387,-0.10557023622482657,-0.16731907822964637,0.15957929905039234,1.4777457998653176,1.362456926153501,2.3795744160364096,0.042318227372809825,-0.18984282110759992,0.1587561768807415,0.645538559459175,1.4414654075902862,1.5337409245601572,0.1597357158844244,-0.10169464207910665,0.15594803367473029,-0.001288947412552633,0.9064573252080841,0.5777102092652523,0.0,0.0,0.0,0.0,0.0,0.0
32,-0.10896748198349249,-0.1735816146206309,0.16470144682676108,-1.216693102937679,3.0431441744506778,2.369637978175887,-0.1089374081932831,-0.17263473012856176,0.16466535827850978,1.524849725396973,1.4058856954769299,2.455301989076004,0.04365579830465565,-0.1958826713322297,0.16381591901782702,0.6660948740134426,1.4874229501911695,1.5825962227241468,0.16480900593174755,-0.10494021157947327,0.16091821665755013,-0.0013306299209795637,0.9353461307216131,0.5961486889877184,0.0,0.0,0.0,0.0,0.0,0.0
33,-0.11233516566249381,-0.17891310426658427,0.16978658045052009,-1.253927446790966,3.137140030962944,2.442524234049875,-0.11230117427220197,-0.17794229406908824,0.1697457907821699,1.5719022741643658,1.4492670629571618,2.5309311269677135,0.04499044454235115,-0.20191445031364416,0.16887005284783477,0.6866261131817419,1.5333316660870346,1.6313939048174997,0.16987438998619653,-0.10818275691602691,0.1658828828006704,-0.001372343942487138,0.9642027819054015,0.6145701094876428,0.0,0.0,0.0,0.0,0.0,0.0
34,-0.11569973538656539,-0.18423552857228975,0.17486638406840305,-1.2910813953956717,3.2310422666933274,2.5152996042395452,-0.11566145782770866,-0.18324148134928095,0.17482045099777493,1.6189021432982746,1.492599825355426,2.606458754892944,0.04632203830530864,-0.20793789930517179,0.17391843289848327,0.7071315444281778,1.5791903643015777,1.6801323512833792,0.17493158095133687,-0.11142222008671548,0.17084188872411346,-0.0014140930747043436,0.9930264399168303,0.632974148700055,0.0,0.0,0.0,0.0,0.0,0.0
35,-0.11906113828508677,-0.18954855663248737,0.1799407403409307,-1.328151614375802,3.3248490056482725,2.587960346315513,-0.11901818398715976,-0.1885320013168851,0.17988919518341825,1.6658480480612954,1.5358827960993469,2.681881799478139,0.047650449754863496,-0.21395275931123106,0.178960915491081,0.7276104385068913,1.624997873794844,1.728809953749751,0.17998028954069534,-0.1146585452159922,0.17579509279613995,-0.0014558810648700423,1.0218162759199756,0.6513604968430942,0.0,0.0,0.0,0.0,0.0,0.0
36,-0.12241932381638092,-0.19485185454158335,0.1850095344357431,-1.3651347203843947,3.4185584260985835,2.6605026982034827,-0.12237127963194122,-0.19381356139325936,0.1849518814144155,1.7127387217967,1.5791148052366424,2.757197188913442,0.04897554701099575,-0.21995877110134252,0.18399735873622045,0.7480620694698152,1.670753043396873,1.7774251150279223,0.18502022430241213,-0.117891678542785,0.18074235512912173,-0.0014977118089082896,1.0505714710626721,0.6697288563473166,0.0,0.0,0.0,0.0,0.0,0.0
37,-0.12577424375285465,-0.2001450854245197,0.19007265401400036,-1.4020272815058168,3.512168760263185,2.7329228784615665,-0.12572067338989912,-0.19908586709770254,0.19000836957845368,1.7595729158736109,1.6222946993854288,2.832401853070967,0.05029719616946518,-0.22595567522426402,0.18902762252909647,0.7684857146732095,1.7164547417374596,1.8259762491086735,0.1900510916442919,-0.1211215684079526,0.18568353757504946,-0.0015395893504913814,1.079291216451481,0.6880789417820145,0.0,0.0,0.0,0.0,0.0,0.0
38,-0.12912585216554695,-0.20542790946809764,0.195129989216132,-1.4388258176649174,3.6056782939791674,2.8052170865608943,-0.12906629562740526,-0.20434862207217927,0.19505852137036195,1.8063493996285018,1.6654213416811567,2.907492723622667,0.051615261319355864,-0.23194321202224863,0.19405156854445174,0.7888806547829567,1.7621018571720537,1.8744617811559832,0.195072595859246,-0.12434816524122883,0.19061850372067582,-0.0015815178800911531,1.1079747131245674,0.7064104797785502,0.0,0.0,0.0,0.0,0.0,0.0
39,-0.1324741053834507,-0.21069998398961337,0.20018143262125462,-1.4755268016139413,3.699085365793548,2.877381503434014,-0.13240807843457947,-0.209601528111181,0.20010220028260914,1.853066960219,1.7084936116516456,2.9824667340732853,0.05292960455244379,-0.23792112164783738,0.19906906022729753,0.8092461738787409,1.8076932975540672,1.9228801473898696,0.20008443916442453,-0.12757142152763865,0.19554711887854362,-0.0016235017290186068,1.1366211720009642,0.7247232088315447,0.0,0.0,0.0,0.0,0.0,0.0
40,-0.1358189619316546,-0.21596096353681019,0.20522687918447705,-1.5121266604044068,3.7923883655694413,2.9494122922480264,-0.1357459556045209,-0.2148442851963309,0.2051392715919166,1.8997244024020195,1.7515104050296921,3.057320819724361,0.05424008596639025,-0.24388914408286813,0.20407996277979532,0.829581559638544,1.8532279898771429,1.971229794876306,0.2050863217521452,-0.13079129175662177,0.20046925007427252,-0.0016655453593276226,1.165229813808382,0.7430168789972507,0.0,0.0,0.0,0.0,0.0,0.0
41,-0.1391603826462129,-0.22121049972280749,0.21026622635840508,-1.5486217727536709,3.8855857371424802,3.021305597275735,-0.13907986265893327,-0.22007659149701478,0.21016960237366952,1.9463205489142585,1.7944706340567536,3.1320519182445583,0.05554656372977227,-0.24984701914018062,0.2090841431756372,0.8498861028023176,1.8987048809922435,2.0195091820955144,0.21007794174525452,-0.1340077325147707,0.20538476606063835,-0.001707653389673781,1.1937998691647327,0.7612912524469312,0.0,0.0,0.0,0.0,0.0,0.0
42,-0.14249833058956493,-0.2264482413590382,0.21529937400667573,-1.5850084710272352,3.9786759764059,3.0930575449056414,-0.14240973682143931,-0.22529814340905882,0.21519306148492495,1.99285424017345,1.8373732272328382,3.2066569695543157,0.056848894077262686,-0.2557944864848109,0.21408147014336104,0.8701590974462153,1.9441229371135806,2.06771677863189,0.21505899525980915,-0.13722070241654016,0.21029353730138448,-0.0017498305807031773,1.2223305784859766,0.7795461030555806,0.0,0.0,0.0,0.0,0.0,0.0
43,-0.1458327710239376,-0.23167383450097664,0.22032622437790692,-1.6212830418700834,4.071657630724381,3.1646642440260373,-0.14573551700575088,-0.23050863558285,0.2202095195560828,2.0393243341742737,1.8802171292244938,3.2811329159126577,0.05814693132613373,-0.2617312856496306,0.21907181415823798,0.8903998410155834,1.9894811436759647,2.1158510651195925,0.22002917643674536,-0.1404301620820028,0.21519543596338603,-0.001792081832370292,1.2508211919418963,0.7977812162708494,0.0,0.0,0.0,0.0,0.0,0.0
44,-0.14916367139126252,-0.23688692248363652,0.2253466820864011,-1.6574417266793788,4.164529298497045,3.236121786335667,-0.14905714380534524,-0.23570776095047224,0.22521884898330036,2.0857297064048765,1.9230013007892177,3.3554767020278664,0.059440527895639986,-0.26765715605040863,0.22405504743489782,0.9106076343277342,2.03477850523157,2.1639105332170177,0.2249881774700772,-0.1436360741198683,0.2200903359095318,-0.0018344121826908179,1.2792709694159912,0.8159963890133682,0.0,0.0,0.0,0.0,0.0,0.0
45,-0.15249100129251517,-0.24208714595744554,0.230360654092207,-1.6934807220828039,4.257289628707023,3.3074262466571214,-0.15237455948279324,-0.24089521075320186,0.2302209239205407,2.132069249759888,1.9657247186966416,3.429685275167592,0.06072953432677822,-0.2735718370009863,0.22903104391959353,0.930781781573413,2.0800140453430638,2.211893685578901,0.22993568863543834,-0.1468384031100071,0.224978112691256,-0.0018768268064872718,1.3076791804633598,0.8341914295741801,0.0,0.0,0.0,0.0,0.0,0.0
46,-0.15581473246647784,-0.24727414292449434,0.23536804968054018,-1.7293961804224862,4.349937320457649,3.378573683252942,-0.15568770795874107,-0.24607067456936157,0.23521562027125606,2.178341874449923,2.0083863756464906,3.503755585268431,0.06201379930242328,-0.27947506772856906,0.23399967928210674,0.9509215903169478,2.12518680647309,2.259799035826098,0.2348713983189644,-0.15003711558547925,0.2298586435407186,-0.001919331014127976,1.3360451042665633,0.8523661575092879,0.0,0.0,0.0,0.0,0.0,0.0
47,-0.15913483876792217,-0.25244754877514747,0.24036878044056229,-1.7651842102443558,4.442471122495201,3.449560138144321,-0.15899653480054354,-0.2512338403425276,0.2402028156797079,2.2245465079076094,2.0509852801833555,3.5776845850448677,0.06329316966783866,-0.2853665873891283,0.23896083090729497,0.9710263714950722,2.170295849870156,2.3076251085129686,0.23979499304651022,-0.15323218001406624,0.23473180736263707,-0.0019619302502598885,1.364368029589485,0.8705204035313,0.0,0.0,0.0,0.0,0.0,0.0
48,-0.1624512961452183,-0.25760699632501405,0.24536276024351653,-1.8008408767928583,4.5348898327182985,3.520381637432421,-0.1623009872105547,-0.2563843944100886,0.24518238952192017,2.2706820946901107,2.0935204566082337,3.6514692300976686,0.06456749045155687,-0.29124613508291863,0.24391437788627846,0.991095439414404,2.2153402554509,2.3553704390924426,0.24470615751319846,-0.156423566779311,0.23959748472576703,-0.0020046300925357875,1.3926472547291775,0.8886540093982058,0.0,0.0,0.0,0.0,0.0,0.0
49,-0.16576408261736295,-0.26275211585226765,0.25034990522022266,-1.8363622025108897,4.627192297673826,3.5910341916221955,-0.16560101401406987,-0.26152202153215115,0.25015422289627093,2.31674759637818,2.1359909448868852,3.725106479021608,0.06583660488663157,-0.29711344987010385,0.24886020100726974,1.0111281117475732,2.260319121678768,2.4030335738786945,0.24960457461329547,-0.15961124816106104,0.24445555785403475,-0.0020474362503363408,1.4208820874657027,0.9067668277992544,0.0,0.0,0.0,0.0,0.0,0.0
50,-0.16907317825043633,-0.2678825351353134,0.2553301337379298,-1.8717441675448927,4.719377412039569,3.661513795948719,-0.1688965656469286,-0.26664640492079317,0.25511819861372054,2.3627419914717573,2.1783958005550073,3.798593293512618,0.0671003544322563,-0.30296827078649824,0.2537981827460471,1.031123709527995,2.3052315654391378,2.450613070007501,0.25448992547041166,-0.16279519831552156,0.24930591061732132,-0.0020903545634874962,1.4490718450099795,0.9248587222379694,0.0,0.0,0.0,0.0,0.0,0.0
51,-0.1723785651334807,-0.27299787949079046,0.26030336637652846,-1.9069827102549632,4.811444118093423,3.731816430705946,-0.1721875941427716,-0.27175722626965604,0.2600742011876775,2.408664275282093,2.2207340946202243,3.8719266384742586,0.06835857879574865,-0.3088103368594145,0.2587282072560691,1.0510815571432583,2.3500767219108614,2.498107495394217,0.2593618894680194,-0.16597539325481472,0.25414842852189873,-0.0021333910009736982,1.4772158539496203,0.9429295669122849,0.0,0.0,0.0,0.0,0.0,0.0
52,-0.17568022735380692,-0.27809777181190815,0.2652695259041206,-1.9420737277299116,4.903391405169302,3.801938061577864,-0.1754740531199586,-0.27685416578387806,0.2650221168235026,2.4545134598204412,2.2630049134609136,3.9451034821235593,0.0696111159548982,-0.31463938712362416,0.2636501603582346,1.0710009823271436,2.394853744434282,2.5455154286894257,0.26422014428028745,-0.16915181082605013,0.2589829987005192,-0.0021765516596473624,1.5053134501927856,0.9609792465918263,0.0,0.0,0.0,0.0,0.0,0.0
53,-0.1789781509717269,-0.2831818326071078,0.2702285372519512,-1.977013076307161,4.995218309099698,3.871874639972004,-0.17875589776814504,-0.28193690221036305,0.2699618334076529,2.5002885736833065,2.3052073587218667,4.018120796096189,0.07085780218067639,-0.3204551606374268,0.26856392953028735,1.0908813161502489,2.4395618043757166,2.5928354592322345,0.26906436590322774,-0.1723244306899037,0.26380950990215807,-0.002219842762935095,1.5333639789100413,0.9790076564923225,0.0,0.0,0.0,0.0,0.0,0.0
54,-0.18227232399471582,-0.28824968003904317,0.2751803274886999,-2.0117965720973956,5.086923911644983,3.941622103355234,-0.18203308483452102,-0.28700511286838165,0.2748932404964662,2.5459886619342744,2.347340547206816,4.090975555550942,0.07209847206030391,-0.32625739649882707,0.27346940389586666,1.1107218930092118,2.4842000909884367,2.6400661870012327,0.27389422868614793,-0.1754932342987106,0.26862785248141224,-0.002263270659541037,1.5613667944742344,0.9970147021471797,0.0,0.0,0.0,0.0,0.0,0.0
55,-0.1855627363510019,-0.29330092996387475,0.28012482579413484,-2.0464199915138472,5.178507339909396,4.011176375591826,-0.18530557260971045,-0.2920584736805016,0.27981622930458505,2.5916127859824263,2.389403610767804,4.163664739273539,0.07333295852067713,-0.3320458338618182,0.2783664742132033,1.1305220506145326,2.5287678112701455,2.687206222563103,0.27870940536340827,-0.17865820487406903,0.2734379183875522,-0.002306841822147808,1.5893212603983868,1.0150002992762017,0.0,0.0,0.0,0.0,0.0,0.0
56,-0.18884937986259065,-0.29833519597087316,0.2850619634321293,-2.080879071806172,5.269967765743857,4.080533367283747,-0.18857332091333814,-0.29709665920384737,0.2847306926930263,2.637160023457368,2.4313956961914527,4.2361853297797545,0.07456109285214753,-0.3378202119527767,0.28325503286346565,1.1502811299769875,2.5732641898169994,2.7342541870189274,0.2835095670864806,-0.18181932738396164,0.27823960115323365,-0.002350562846115437,1.6172267492716237,1.0329643736514913,0.0,0.0,0.0,0.0,0.0,0.0
57,-0.19213224821771896,-0.3033520894223235,0.2899916737230442,-2.1151695115987934,5.36130440513554,4.149688976113107,-0.19183629107925804,-0.3021193426616803,0.2896365251568911,2.682629468080853,2.4733159650820995,4.308534313417795,0.07578270473265541,-0.3435802700869576,0.28813497383875264,1.169998475392612,2.617688468674154,2.781208711948138,0.2882943834563007,-0.18497658851939067,0.28303279588286395,-0.002394440448178682,1.645082642693119,1.0509068609605146,0.0,0.0,0.0,0.0,0.0,0.0
58,-0.19541133694274498,-0.3083512194937266,0.2949138920154737,-2.149286971433628,5.452516517584282,4.218639087186733,-0.19509444594045003,-0.30712619597530105,0.29453362281271966,2.728020229535047,2.5151635937418337,4.380708680469983,0.07699762225221293,-0.3493257476850983,0.29300619272973644,1.1896734344262712,2.662039907182875,2.82806843935016,0.29306352255591434,-0.18812997667053247,0.28781739924062805,-0.0024384814651430917,1.6728883312040896,1.0688277066663567,0.0,0.0,0.0,0.0,0.0,0.0
59,-0.19868664337347575,-0.3133321932142921,0.2998285556573632,-2.18322707431714,5.543603405465932,4.2873795733828715,-0.19834774981358602,-0.31211688979626956,0.2994218833854955,2.773331433327443,2.5569377730474696,4.4527054252537255,0.07820567193773562,-0.3550563842901261,0.29786858671295935,1.2093053578937971,2.7063177818242483,2.874832021583744,0.29781665098341387,-0.19127948190241253,0.29259330943817663,-0.0024826928525802697,1.7006432142178378,1.0867268658651792,0.0,0.0,0.0,0.0,0.0,0.0
60,-0.2019581666259322,-0.31829461550771876,0.3047356039664924,-2.216985406271635,5.634564413382552,4.355906295699933,-0.20159616848326473,-0.3170910935389402,0.30430120619529144,2.8185622206524132,2.598637708324409,4.524521546221746,0.0794066787782204,-0.3607719195839702,0.3027220545377786,1.22889359984269,2.7505213860594555,2.921498121304001,0.30255343388515804,-0.19442509593010232,0.29736042622197156,-0.0025270816835225715,1.728346699947832,1.1046043031408823,0.0,0.0,0.0,0.0,0.0,0.0
61,-0.20522590756655437,-0.323238089233252,0.3096349782003331,-2.2505575168906526,5.725398927499638,4.424215103607217,-0.2048396691859171,-0.3220484754133052,0.3091714921435683,2.863711748249455,2.6402626192174736,4.5961540460615335,0.08060046625026651,-0.3664720934044728,0.30756649651296925,1.2484375175313869,2.7946500301667005,2.9680654113971054,0.30727353498927407,-0.19756681209343865,0.3021186508602967,-0.0025716551471576935,1.7559982053338608,1.1224599924169822,0.0,0.0,0.0,0.0,0.0,0.0
62,-0.2084898687818517,-0.32816221522702205,0.3145266215252788,-2.2839389198984996,5.816106374870343,4.492301835397658,-0.2080782205933873,-0.32698870245815087,0.31403264369912154,2.908779188258113,2.6818117395586776,4.667599931794106,0.08178685634393855,-0.3721566457624065,0.3124018144929796,1.2679364714070878,2.8387030410747527,3.0145325749127476,0.31197661663943926,-0.20070462533127173,0.30686788612993215,-0.0026164205475234254,1.7835971559662473,1.1402939168057329,0.0,0.0,0.0,0.0,0.0,0.0
63,-0.21175005454749687,-0.33306659234365116,0.3194104789852518,-2.317125093713766,5.90668622274678,4.560162318542507,-0.21131179279618634,-0.3319114405745159,0.31888456488367917,2.953763728069597,2.723284317231958,4.738856214871973,0.0829656695889685,-0.3778253168585887,0.317227911863843,1.287389825082132,2.8826797621931406,3.0608983049942755,0.31666233982893616,-0.2038385321552399,0.3116080363024914,-0.0026613853022028856,1.8111429860081336,1.158106068454483,0.0,0.0,0.0,0.0,0.0,0.0
64,-0.21500647079687002,-0.33795081749812655,0.3242864974696888,-2.3501114820167395,5.997137977878479,4.627792370047901,-0.21454035728642495,-0.33681635455945313,0.3237271612571548,2.9986645701751584,2.764679614034929,4.809919911276362,0.08413672508129365,-0.3834778471010985,0.3220446935287512,1.3067969453089456,2.9265795532390597,3.107161304806584,0.3213303642349793,-0.2069685306230766,0.31633900713042906,-0.0027065569410205706,1.838635138115863,1.1758964483893017,0.0,0.0,0.0,0.0,0.0,0.0
65,-0.21825912508905154,-0.34281448570793865,0.3291546256809079,-2.382893494320756,6.087461185798002,4.695187796813343,-0.21776388694042184,-0.34170310814009064,0.32856033990255223,3.0434809320111533,2.8059969055375813,4.880788041613662,0.0852998405099308,-0.38911397712259,0.3268520658932829,1.3261572019535248,2.970401790060929,3.153320287461726,0.3259803482533106,-0.21009462031144982,0.3210607058327134,-0.002751943104739466,1.8660730633574396,1.1936650663558743,0.0,0.0,0.0,0.0,0.0,0.0
66,-0.22150802656731824,-0.3476571901490705,0.334014814091538,-2.4154665067579533,6.177655429888741,4.762344396089607,-0.22098235599965774,-0.34657136400794003,0.3333840094103454,3.0882120457786613,2.8472354809215297,4.9514576311706975,0.0864548321781721,-0.3947334477982291,0.33164993685010613,1.345469968015606,3.0141458644084094,3.1993739759019837,0.33061194903670366,-0.21321680228126666,0.3257730410799833,-0.0027975515416258276,1.893456221127986,1.211411940615262,0.0,0.0,0.0,0.0,0.0,0.0
67,-0.22475318582153647,-0.35247852235754285,0.33886701480185244,-2.447825865120371,6.26772032825054,4.8292579569816585,-0.22419574003646975,-0.3514207838541448,0.3381980798597723,3.13285715801684,2.8883946426343585,5.02192570954402,0.08760151496275902,-0.4003360002695384,0.33643821576052985,1.3647346201546278,3.05781118315891,3.245321102350843,0.3352248225735151,-0.21633507896685714,0.33047592297662465,-0.0028433900814026124,1.9207840790471535,1.2291370972832631,0.0,0.0,0.0,0.0,0.0,0.0
68,-0.22799461502941606,-0.3572780720069214,0.3437111816874344,-2.4799668813307867,6.357655536954504,4.895924258906426,-0.22740401596104493,-0.3562510284068284,0.34300246280538904,3.177415529866525,2.9294737065557177,5.092189311531174,0.08873970246134599,-0.4059213759520606,0.34121681344156934,1.3839505377112071,3.1013971691102156,3.2911604090196143,0.3398186236529841,-0.2194494542853834,0.33516926304825534,-0.002889466675831523,1.9480561128887364,1.2468405709911594,0.0,0.0,0.0,0.0,0.0,0.0
69,-0.23123232788151082,-0.36205542701331983,0.34854727032156324,-2.5118848349869793,6.447460748342621,4.962339072403079,-0.23060716199794373,-0.361061757463822,0.34779707126128273,3.2218864368115034,2.970472001779453,5.162245477027617,0.08986920698974099,-0.41148931655499743,0.34598564215043953,1.4031171029073444,3.144903260567643,3.336890647839562,0.3443930059158129,-0.22255993357590223,0.339852974226672,-0.0029357893873460674,1.9752718064947188,1.2645224045238257,0.0,0.0,0.0,0.0,0.0,0.0
70,-0.23446633951111082,-0.3668101736326328,0.3533752379026742,-2.5435749747858063,6.537135689439244,5.02849815988708,-0.23380515766221177,-0.36585262992733664,0.3525818196839954,3.266269168422589,3.0113888703952765,5.23209125095594,0.09098983958559907,-0.4170395641009423,0.35074461556778963,1.4222337010072572,3.188328910953997,3.3825105802166906,0.34894762190403134,-0.2256665235420224,0.34452697083357303,-0.0029823663792045126,2.0024306516823693,1.2821826484797791,0.0,0.0,0.0,0.0,0.0,0.0
71,-0.23769666645843165,-0.37154189650516295,0.35819504321749146,-2.575032519132061,6.626680121148183,5.0943972760264,-0.23699798374024983,-0.3706233038393565,0.35735662395567325,3.310563028183993,3.052223667330713,5.301723683352817,0.09210141003618968,-0.4225718609437183,0.3554936487812014,1.4412997202882993,3.231673588611364,3.4280189769411855,0.3534821230971285,-0.22876923222158835,0.34919116856454274,-0.003029205913978399,2.0295321481529687,1.2998213610934977,0.0,0.0,0.0,0.0,0.0,0.0
72,-0.24092332663431193,-0.3762501787004467,0.363006646603601,-2.606252656750244,6.716093837438288,5.160032168119121,-0.2401856222703991,-0.37537343641728105,0.3621214013669056,3.354767333316791,3.092975760190365,5.371139829455148,0.09320372690645268,-0.4280859497863001,0.36023265826838174,1.4603145520105192,3.274936776599994,3.47341461809481,0.35799615994840134,-0.2318680689559474,0.3538454844727374,-0.003076316352044942,2.0565758033988395,1.3174386080552998,0.0,0.0,0.0,0.0,0.0,0.0
73,-0.2441463392834215,-0.3809346017622766,0.3678100099114722,-2.637230547299228,6.805376664517608,5.225398576472445,-0.24336805652324417,-0.3801026840898154,0.3668760705992595,3.398881414599529,3.1336445290925545,5.440336749785424,0.09429659756734238,-0.4335815736988175,0.36496156188005563,1.4792775903848463,3.3181179724943224,3.518696292956279,0.36248938192151775,-0.23496304435880433,0.3584898369522786,-0.003123706150083416,2.083561132608671,1.3350344623288177,0.0,0.0,0.0,0.0,0.0,0.0
74,-0.2473657249469885,-0.3855947457539185,0.3726050964659278,-2.667961321989763,6.894528459996242,5.290492234783038,-0.24654527098163678,-0.3848107025331024,0.3716205517075057,3.442904616185956,3.17422936650331,5.509311510236279,0.09537982822445477,-0.4390584761366394,0.36968027882255494,1.4981882325399132,3.3612166881761074,3.5638627999046033,0.36696143752728927,-0.2380541702846669,0.36312414572135066,-0.003171383859575801,2.1104876585711647,1.3526090039660739,0.0,0.0,0.0,0.0,0.0,0.0
75,-0.2505815054250445,-0.39023018930351483,0.3773918710270703,-2.69844008420474,6.98354911203794,5.355308870518681,-0.2497172513204405,-0.38949714670709434,0.3763547661015455,3.4868362954199306,3.2147296770677602,5.578061182154231,0.09645322394693819,-0.44451640095853645,0.374388729640112,1.5170458784875223,3.4042324496247582,3.608912946320441,0.3714119743606533,-0.2411414597968863,0.36774833180501026,-0.0032193581253118376,2.137354911577004,1.370162319920193,0.0,0.0,0.0,0.0,0.0,0.0
76,-0.25379370373819893,-0.39484050964968237,0.3821702997506709,-2.728661910122277,7.072438538500659,5.419844205301297,-0.2528839843860032,-0.3941616708921661,0.38107863652803603,3.530675822647532,3.2551448774389504,5.646582842422682,0.09751658869668407,-0.4499550924449254,0.3790868361968569,1.535849931086763,3.4471647967048558,3.653845548485492,0.3758406391378622,-0.24422492713529778,0.37236231751770654,-0.003267637683898547,2.1641624293191684,1.3876945038557784,0.0,0.0,0.0,0.0,0.0,0.0
77,-0.2570023440889437,-0.3994252826872919,0.38694035014802525,-2.7586218493415124,7.161196686066104,5.484093955291234,-0.256045458175357,-0.3988039287259613,0.38579208705172124,3.5744225810263934,3.295474396104101,5.714873573544127,0.0985697253577956,-0.4553742953161892,0.3837745216585238,1.554599796006791,3.490013282950907,3.6986594314799284,0.38024707773387517,-0.24730458768346456,0.3769660264455166,-0.003316231362274544,2.1909097567916125,1.405205655956965,0.0,0.0,0.0,0.0,0.0,0.0
78,-0.2602074518224888,-0.4039840830134305,0.3917019910452748,-2.78831492551108,7.249823529358288,5.5480538315727825,-0.25920166181514354,-0.40342357324046924,0.39049504303646054,3.618075966332231,3.3357176732082907,5.782930463721508,0.09961243576633382,-0.4607737547510691,0.3884517104738602,1.5732948816882468,3.532777475349303,3.7433534290778416,0.3846309352199504,-0.25038045793552677,0.38155938342809415,-0.003365148076229047,2.2175964461862865,1.4226958827331697,0.0,0.0,0.0,0.0,0.0,0.0
79,-0.2634090533871468,-0.40851648397355,0.39645519254221345,-2.817736136960312,7.338319070051478,5.611719540541032,-0.26235258554028035,-0.40802025689933547,0.3951874311259736,3.661635386762706,3.375874160375674,5.850750606938911,0.10064452074033522,-0.4661532164051389,0.3931183283557562,1.5919345993033798,3.5754569541176093,3.787926383640838,0.38899185590143803,-0.2534525554626663,0.38614231454034215,-0.0034143968289258933,2.2442220567885744,1.4401652968225913,0.0,0.0,0.0,0.0,0.0,0.0
80,-0.26660717629425496,-0.4130220577077904,0.4011999259705724,-2.8468804573330497,7.426683335967342,5.675086784289896,-0.265498220672354,-0.4125936316353956,0.3998691792242914,3.7051002627385414,3.4159433205281857,5.91833110304141,0.10166578011010415,-0.4715124264293464,0.3977743022620845,1.61051836271483,3.6180513124811307,3.832377146009682,0.39332948335576834,-0.2565208988791848,0.3907147470738039,-0.0034639867094324586,2.2707861548711126,1.4576140167934528,0.0,0.0,0.0,0.0,0.0,0.0
81,-0.2698018490776543,-0.4175003751974839,0.4059361638517932,-2.8757428362241217,7.514916380161635,5.738151261001396,-0.2686385595977583,-0.41714334888843485,0.4045402164759179,3.748470026701942,3.455924627701753,5.98566905781418,0.10267601274877147,-0.47685113148862884,0.40241956037625426,1.6290455884330937,3.6605601564467753,3.8767045753940765,0.3976434604706338,-0.2595855078082043,0.395276609517777,-0.0035139268912536934,2.29728831358601,1.4750421669430411,0.0,0.0,0.0,0.0,0.0,0.0
82,-0.27299310125272386,-0.42195100631183513,0.41066387985429864,-2.9043181998184178,7.603018280000468,5.800908665336144,-0.27177359574556964,-0.42166905964316925,0.4092004732457136,3.7917441229124123,3.495817566860109,6.052761583060864,0.10367501660312337,-0.4821690787806005,0.4070540320874923,1.6475156955727175,3.7029831045743355,3.920907539260588,0.401933429482365,-0.2626464028469929,0.3998278315401587,-0.003564226630871307,2.323728112855529,1.4924498770945476,0.0,0.0,0.0,0.0,0.0,0.0
83,-0.27618096327497504,-0.42637351985477706,0.4153830487502613,-2.9326014515325856,7.6909891362262535,5.8633546888250265,-0.2749033235651663,-0.42617041446744447,0.41384988109849075,3.834922007239887,3.5356216337061523,6.119605796681174,0.1046625887246934,-0.487466016054307,0.4116776479708397,1.6659281058071715,3.745319787745091,3.9649849132187205,0.40619903201449453,-0.265703605531921,0.40436834396801596,-0.0036148952662879985,2.3501051392611765,1.509837282391756,0.0,0.0,0.0,0.0,0.0,0.0
84,-0.27936546649821753,-0.430767483611999,0.42009364637188135,-2.9605874726592916,7.778829072013528,5.925485020262059,-0.2780277385035959,-0.43064706355065097,0.41848837277833545,3.87800314695531,3.5753363344909204,6.1861988227477696,0.10563852530111821,-0.4927416916290489,0.416290339766879,1.684282243322468,3.78756984892786,4.0089355809051845,0.41043990911650996,-0.2687571383030525,0.4088980787678907,-0.003665942215577046,2.376418985931281,1.5272045230915987,0.0,0.0,0.0,0.0,0.0,0.0
85,-0.28254664313229644,-0.4351324643981519,0.42479564956717897,-2.988271123014112,7.866538232014747,5.987295346098457,-0.2811468369826905,-0.43509865674235354,0.42311588218765184,3.9209870205186084,3.61496118582021,6.252537791582409,0.10660262168775474,-0.4979958544132718,0.4208920403611872,1.7025775347695,3.829732942942472,4.052758433866366,0.41465570130279344,-0.27180702446837646,0.41341696902583985,-0.0037173769754368924,2.4026692524270326,1.5445517443546062,0.0,0.0,0.0,0.0,0.0,0.0
86,-0.28572452620041283,-0.439468028104224,0.4294890361553045,-3.0156472415849835,7.954116781396216,6.048781350837838,-0.2842606163759375,-0.439524843591132,0.42773234436593416,3.963873117364141,3.6544957144588466,6.318619839831405,0.1075546724395535,-0.5032282539235237,0.42548268376352183,1.72081340921514,3.871808736220713,4.096452371439053,0.41884604859174507,-0.2748532881676864,0.41792494892721244,-0.0037692091197510545,2.428855544627019,1.5618790960333022,0.0,0.0,0.0,0.0,0.0,0.0
87,-0.28889914949602413,-0.44377373974508566,0.4341737848813784,-3.0427106471841876,8.041564904864188,6.109938717432564,-0.28736907498509934,-0.4439252733836243,0.43233769546826867,4.0066609376836215,3.6939394571326254,6.384442110540285,0.10849447134319072,-0.5084386403034682,0.43006220508673965,1.7389892980920847,3.9137969065647575,4.140016300629347,0.42301059054508566,-0.27789595433610487,0.4224219537361687,-0.003821448298153077,2.4549774746102773,1.5791867324585265,0.0,0.0,0.0,0.0,0.0,0.0
88,-0.29207054753934486,-0.4480491635072131,0.4388498753708654,-3.06945613910301,8.128882805681481,6.170763127681316,-0.29047221201659984,-0.44829959518378454,0.43693187274357137,4.049349992206569,3.7332919603279877,6.4500017532278875,0.10942181144945327,-0.5136267643429712,0.4346305405254556,1.757104635147497,3.955697142903138,4.183449135989941,0.42714896630734644,-0.28093504866726976,0.4269079197749437,-0.003874104234596703,2.4810346605378704,1.5964748122237817,0.0,0.0,0.0,0.0,0.0,0.0
89,-0.29523875553344014,-0.4522938627965763,0.44351728808348906,-3.0958784977689002,8.216070704674543,6.231250262627738,-0.29357002755766626,-0.45264745787233474,0.4415148145125604,4.09193980197828,3.7725527800894287,6.515295923959666,0.11033648510587413,-0.5187923774972385,0.4391876273344397,1.775158856390414,3.997509145044247,4.22674979949563,0.4312608146455304,-0.283970597576179,0.4313827844028559,-0.003927186725930929,2.507026726533007,1.613743497967579,0.0,0.0,0.0,0.0,0.0,0.0
90,-0.2984038093199273,-0.45650740028670356,0.4481760042666967,-3.12197248540527,8.303128839231237,6.2913958029602615,-0.2966625225522391,-0.456968510186423,0.4460864601454709,4.13442989813541,3.811721481814663,6.580321785420383,0.11123828398961998,-0.5239352319060192,0.44373340380676135,1.7931514000379882,4.039232623427446,4.269917220417198,0.4353457739889574,-0.28700262816170263,0.4358464859950702,-0.003980705640480193,2.532953302559739,1.6309929561538545,0.0,0.0,0.0,0.0,0.0,0.0
91,-0.30156574533428704,-0.46068933796691386,0.45282600590867955,-3.1477328466938626,8.390057462289448,6.351195429413052,-0.29974969877664664,-0.46126240075947444,0.45064675003951105,4.176819821679124,3.850797640047606,6.645076506986085,0.11212699914062385,-0.5290550804128603,0.4482678092516771,1.8110817064605271,4.0808672988717625,4.312950335193603,0.4394034824692789,-0.29003116816876684,0.4402989639211101,-0.004034670916629301,2.5588140243002258,1.648223356850454,0.0,0.0,0.0,0.0,0.0,0.0
92,-0.30472460056079786,-0.46483923719072395,0.4574672756909571,-3.1731543094397714,8.476856841316735,6.410644823168124,-0.3028315588150564,-0.46552877816124044,0.45519562559606724,4.219109123245902,3.8897808382691634,6.709557264795511,0.11300242099496154,-0.5341516765844249,0.45279078397227246,1.8289492181253901,4.122412902322236,4.355848087302622,0.4434335779606711,-0.2930562459502189,0.44474015852312926,-0.00408909256141318,2.5846085330306074,1.6654348735057667,0.0,0.0,0.0,0.0,0.0,0.0
93,-0.3078804124870911,-0.4689566587244291,0.4620997969405348,-3.1982315852390784,8.563527257281052,6.469739666258587,-0.30590810603469426,-0.4697672909380399,0.4597330291976586,4.2612973628760145,3.928670668685881,6.773761241820799,0.11386433941847508,-0.5392247747298583,0.45730226924285566,1.8467533795397375,4.163869174593941,4.398609427129817,0.4474356981202002,-0.2960778904283722,0.44917001109394283,-0.004143980649111256,2.610336475495507,1.6826276827234843,0.0,0.0,0.0,0.0,0.0,0.0
94,-0.31103321900882513,-0.47304116287462167,0.4667235535302459,-3.222959371370327,8.650069002479357,6.528475642540349,-0.308979344568725,-0.47397758762635667,0.4642589042021257,4.303384109781564,3.967466732051209,6.837685627569254,0.11471254366407203,-0.5442741299177962,0.46180220730319976,1.864493637634975,4.205235865898049,4.441233311600713,0.45140948043072476,-0.2990961310202952,0.4535884638714476,-0.0041993453032830395,2.6359975038757995,1.6998019638148405,0.0,0.0,0.0,0.0,0.0,0.0
95,-0.3141830583676606,-0.4770923095628171,0.47133852981371605,-3.247332351867257,8.736482379128244,6.586848438281043,-0.31204527928929954,-0.4781593167924003,0.4687731949196828,4.345368942075868,4.0061686374258,6.901327618074661,0.11554682239297759,-0.5492994979965461,0.46629054133601083,1.8821694418062842,4.246512735491903,4.483718703973507,0.45535456224793447,-0.3021109975861338,0.45799546001672387,-0.004255196691176683,2.6615912756634557,1.7169578984939444,0.0,0.0,0.0,0.0,0.0,0.0
96,-0.31732996924974094,-0.4811096581440656,0.4759447107267995,-3.2713451946210705,8.822767701628587,6.644853740906692,-0.31510591575979563,-0.4823121271501866,0.47327584653886506,4.38725144653578,4.044776001864404,6.964684417037895,0.11636696393116866,-0.5543006356204214,0.4707672153944529,1.8997802425638444,4.287699552050906,4.5260645743919605,0.4592705808334188,-0.3051225204951883,0.4623909435435459,-0.004311545070611422,2.6871174532598157,1.7340956712943894,0.0,0.0,0.0,0.0,0.0,0.0
97,-0.32047399064974325,-0.48509276759786946,0.48054208164558504,-3.2949925542538048,8.90892529346334,6.702487240431023,-0.3181612602273126,-0.4864356675472716,0.4777668051386683,4.429031218397197,4.083288450291538,7.027753235195489,0.11717275615524461,-0.5592773002635881,0.4752321744139495,1.91732549230929,4.328796093033808,4.568269899322712,0.46315717339493173,-0.30813073052255957,0.4667748593298881,-0.004368400757704633,2.7125757040406278,1.7512154689444333,0.0,0.0,0.0,0.0,0.0,0.0
98,-0.32361516182078853,-0.489041196582497,0.48513062833356285,-3.31826907287497,8.994955486060615,6.759744629899397,-0.3212113195979466,-0.49052958700319244,0.48224601766615244,4.470707861117922,4.121705615287418,7.090531290359537,0.11796398652082929,-0.5642292502393075,0.4796853641902067,1.934804645307105,4.369802144405493,4.61033366140239,0.4670139771270034,-0.31113565880723465,0.47114715309656346,-0.004425774124295733,2.737965700233945,1.7683174801207315,0.0,0.0,0.0,0.0,0.0,0.0
99,-0.32675352222700305,-0.4929545034847691,0.48971033689150756,-3.3411693807679943,9.080858617717103,6.816621605800003,-0.32425610141137196,-0.4945935347497387,0.48671343191275024,4.51228098613818,4.160027136869717,7.153015807479429,0.1187404420958489,-0.5691562447193779,0.4841267313559675,1.9522171576283216,4.410717500370505,4.652254849297449,0.4708406292516118,-0.31413733681204886,0.47550777138462974,-0.0044836755963707856,2.763287118791015,1.7854018952136907,0.0,0.0,0.0,0.0,0.0,0.0
100,-0.3298891114957994,-0.4968322464699773,0.4942811937070403,-3.363688097078769,9.166635032514847,6.8731138684758,-0.3272956138152507,-0.49862716027135556,0.49116899649038187,4.55375021263931,4.198252662273649,7.215204018703003,0.11950190959399579,-0.5740580437536076,0.4885562233575752,1.9695624870932928,4.451541963104757,4.694032457562784,0.4746367670589779,-0.31713579628341454,0.47985666153260814,-0.004542115652491743,2.7885396412560794,1.8024689060914527,0.0,0.0,0.0,0.0,0.0,0.0
101,-0.3330219693698855,-0.5006739835319407,0.49884318540387573,-3.3858198305064207,9.252285079231479,6.929217122537362,-0.3303298655394687,-0.5026301133456847,0.49561266080737554,4.5951151673006585,4.236381845730403,7.277093163437172,0.12024817540838398,-0.5789344082893162,0.4929737884313462,1.986840093213571,4.492275342485457,4.735665486499125,0.47840202794848824,-0.32013106921081635,0.484193771653516,-0.004601104822230225,2.813722953635109,1.819518705862524,0.0,0.0,0.0,0.0,0.0,0.0
102,-0.3361521356590129,-0.5044792725432065,0.5033962987907701,-3.4075591799962974,9.337809110244235,6.984927077276579,-0.3333588658702099,-0.5066020440842416,0.5000443750442064,4.63637548405478,4.274414348244011,7.3386804884081105,0.12097902564538772,-0.5837851001908706,0.49737937557976275,2.004049437132934,4.5329174558193355,4.777152942009315,0.4821360494697454,-0.32312318778609067,0.48851905061172446,-0.004660653684605576,2.8388367462635333,1.8365514886371426,0.0,0.0,0.0,0.0,0.0,0.0
103,-0.3392796501914724,-0.5082476713053925,0.5079405208101717,-3.4289007354352723,9.423207480427862,7.0402394470812455,-0.33638262462386825,-0.5105426029732241,0.5044640901290467,4.677530803840884,4.312349837366602,7.399963247720947,0.12169424615866684,-0.5886098822592465,0.5017729345474803,2.021189981567551,4.573468127569122,4.818493835453429,0.48583846936374536,-0.3261121843624861,0.49283244799963494,-0.00472077286652689,2.863880713672936,1.8535674492873688,0.0,0.0,0.0,0.0,0.0,0.0
104,-0.34240455276534093,-0.5119787375996735,0.5124758384865915,-3.4498390783493456,9.508480546046583,7.09514995185052,-0.33940115212079924,-0.5144514409144489,0.5088717577131414,4.718580774356628,4.350187986972145,7.460938702919015,0.1223936225833718,-0.5934085182516153,0.5061544157971618,2.0382611907453305,4.61392718907838,4.859687183502823,0.4895089256041765,-0.32909809141351914,0.4971339141141866,-0.0047814730412387854,2.88885455445677,1.8705667832059862,0.0,0.0,0.0,0.0,0.0,0.0
105,-0.3455268830994938,-0.5156720292374187,0.5170022388746952,-3.4703687826036687,9.593628663640384,7.149654317411293,-0.3424144591589185,-0.5183282092664199,0.5132673301460049,4.759525049808283,4.387928477028679,7.521604123042673,0.12307694037053203,-0.5981807729009581,0.5105237704851379,2.0552625303444754,4.654294478294686,4.900732007993099,0.49314705643884854,-0.33208094149162604,0.5014233999331941,-0.0048427649267706865,2.913757971135106,1.8875496860642114,0.0,0.0,0.0,0.0,0.0,0.0
106,-0.3486466807843859,-0.5193271041109789,0.5215197090071365,-3.4904844151049894,9.678652188905769,7.20374827593548,-0.3454225569871473,-0.5221725598855179,0.5176507604504502,4.800363290659286,4.425570993369072,7.581956784687735,0.12374398482162083,-0.6029264119356987,0.5148809504368993,2.072193467431269,4.694569839491216,4.94162733577606,0.49675250043124314,-0.3350607671866237,0.5057008570915218,-0.004904659284389185,2.9385906700184448,1.9045163535682934,0.0,0.0,0.0,0.0,0.0,0.0
107,-0.3517639852326181,-0.5229435202446269,0.5260282358421333,-3.5101805365065943,9.763551475571234,7.257427566358233,-0.3484254572787144,-0.5259841451673167,0.5220220022974489,4.841095163377246,4.463115227460341,7.6419939720635295,0.12439454112329573,-0.6076452020993601,0.5192259081224242,2.0890534703971086,4.734753122986741,4.982372198570673,0.5003248965021878,-0.3380376010839833,0.5099662378570966,-0.00496716691705339,2.9633523610705925,1.9214669812150267,0.0,0.0,0.0,0.0,0.0,0.0
108,-0.35487883562928757,-0.5265208358456592,0.5305278062108031,-3.5294517019158644,9.848326874267629,7.3106879347971345,-0.35142317210431,-0.5297626180880214,0.5263810099808299,4.881720340179417,4.500560876171592,7.70171297705059,0.12502839438231705,-0.6123369111702394,0.5235585966313457,2.105842008894834,4.774844184864108,5.022965632813059,0.503863883971659,-0.341011475722925,0.5142194951067652,-0.005030298667872603,2.9880427577706667,1.9384017640462186,0.0,0.0,0.0,0.0,0.0,0.0
109,-0.357991270882144,-0.5300586093556559,0.5350184067642636,-3.548292461604398,9.932978731393643,7.363525134972353,-0.35441571390510673,-0.533507632246024,0.5307277383918189,4.922238498776688,4.537907641540549,7.761111099258065,0.12564532966063496,-0.6170013079811012,0.5278789696479635,2.1225585537743554,4.814842886687191,5.063406679505605,0.5073691026007047,-0.3439824235543433,0.5184605823019995,-0.005094065418566403,3.0126615769742036,1.9553208964021764,0.0,0.0,0.0,0.0,0.0,0.0
110,-0.36110132957154445,-0.5335563995019058,0.5395000239205144,-3.566697361720895,10.017507387976558,7.415934928627791,-0.3574030954656365,-0.53721884190358,0.5350621429934248,4.962649322116121,4.575155230538801,7.820185646080771,0.1262451320106513,-0.6216381624388829,0.5321869814261033,2.1392025770176204,4.854749095216381,5.103694384065127,0.5108401926334932,-0.34695047689856434,0.5226894534644524,-0.00515847808792635,3.037208538773435,1.9722245716742204,0.0,0.0,0.0,0.0,0.0,0.0
111,-0.36420904990023506,-0.537013765348999,0.543972643811105,-3.58466094500673,10.101913178528608,7.467913085953221,-0.36038532988654504,-0.5408959020285963,0.5393841797946769,5.002952498122099,4.612303354835726,7.878933932756012,0.1268275865106451,-0.6262472455444179,0.53648258676383,2.1557735516729553,4.894562682122657,5.143827796170246,0.5142767948394839,-0.34991566790295225,0.5269060631513719,-0.005223547630279327,3.0616833663567333,1.989112982056313,0.0,0.0,0.0,0.0,0.0,0.0
112,-0.3673144696429502,-0.540430266350592,0.5484362522276005,-3.6021777515144247,10.186196429898967,7.519455386007502,-0.3633624305572106,-0.5445384683365361,0.5436938053247131,5.043147719436065,4.649351730561143,7.937353282420141,0.1273924783003712,-0.6308283294121669,0.5407657409780141,2.17227095178879,4.934283523700212,5.183805969607906,0.5176785505557256,-0.3528780284993623,0.5311103664308726,-0.00528928503395183,3.0860857858672603,2.00598631829581,0.0,0.0,0.0,0.0,0.0,0.0
113,-0.3704176260958559,-0.5438054624013484,0.5528908345678638,-3.6192423193290004,10.270357460121854,7.5705576171428355,-0.36633441112824655,-0.5481461973324345,0.5479909766067326,5.083234683154968,4.686300078066781,7.995441026164914,0.1279395926168167,-0.6353811872899616,0.5450363998787645,2.1886942523468145,4.9739115005777546,5.2236279621191555,0.5210451017292738,-0.3558375903614578,0.5353023188570747,-0.005355701319734918,3.1104155262608377,2.0228447694434184,0.0,0.0,0.0,0.0,0.0,0.0
114,-0.3735185560258312,-0.547138913889061,0.5573363757821546,-3.6358491852923196,10.354396577260673,7.621215577430071,-0.3693012854838768,-0.5517187463530231,0.5522756511318093,5.123213090568405,4.723148121686523,8.053194503093609,0.12846871483012637,-0.6399055935787528,0.5492945197437231,2.2050429291945908,5.013446497428458,5.263292835244139,0.5243760909597361,-0.3587943848618895,0.539481876445111,-0.0054228075393496205,3.134672319163081,2.0396885226023547,0.0,0.0,0.0,0.0,0.0,0.0
115,-0.3766172956196147,-0.5504301817469567,0.5617728603190664,-3.651992885730504,10.438314078248707,7.671425075085219,-0.37226306771420586,-0.5552557736089642,0.5565477868325757,5.163082646894518,4.75989558949554,8.110611060377085,0.1289796304796842,-0.6444013238523718,0.5535400572922337,2.221316458977656,5.052888402678621,5.302799654166481,0.5276711615419417,-0.36174844302935677,0.5436489956460079,-0.00549061477391181,3.1588558987257986,2.056517762676828,0.0,0.0,0.0,0.0,0.0,0.0
116,-0.3797138804328035,-0.5536788275061868,0.5662002720712995,-3.6676679571844537,10.522110247726243,7.721181928896926,-0.3752197720873663,-0.5587569382271869,0.560807342056775,5.2028430610146525,4.796542213068254,8.167688053309565,0.1294721253103565,-0.6488681548772853,0.5577729696593783,2.2375143190711264,5.092237108215048,5.342147487556893,0.5309299575087314,-0.36469979550554477,0.5478036333214417,-0.005559134132396947,3.1829660014826984,2.073332672119804,0.0,0.0,0.0,0.0,0.0,0.0
117,-0.3828083453387383,-0.5568844133485169,0.5706185943213011,-3.682868937143653,10.605785356874765,7.770481968655268,-0.37817141302156665,-0.5622219002933297,0.5650542755406952,5.242494045206872,4.833087727235283,8.224422845364392,0.1299459853088906,-0.6533058646323587,0.561993214369901,2.2536359875108616,5.131492509091214,5.381335407416228,0.5341521236738742,-0.3676484725019565,0.5519457467183796,-0.005628376750103263,3.2070023662044105,2.090133430680164,0.0,0.0,0.0,0.0,0.0,0.0
118,-0.38590072447727003,-0.5600465021592094,0.5750278096867668,-3.6975903647832293,10.68933966224813,7.819321035581674,-0.3811180050570373,-0.5656503208942879,0.5692885463824876,5.282035314878371,4.86953186983934,8.280812808249774,0.13040099674046862,-0.6577142323286227,0.5662007493120133,2.2696809429242286,5.1706545032322735,5.420362488917977,0.5373373056751136,-0.3705945037566478,0.5560752934436098,-0.00569835378711385,3.230964733752905,2.1069202151493083,0.0,0.0,0.0,0.0,0.0,0.0
119,-0.3889910512034199,-0.5631646575801077,0.5794279000660209,-3.711826781704455,10.772773404601052,7.867694982760023,-0.38405956282787185,-0.569041862160852,0.5735101140153631,5.321466588296712,4.905874381490101,8.336855321964318,0.13083694618541275,-0.6620930384290277,0.570395532711083,2.285648664460431,5.209722991138829,5.459227810250138,0.5404851500173291,-0.3735379184908639,0.5601922314381559,-0.0057690764267564415,3.2548528469352265,2.1236931991071883,0.0,0.0,0.0,0.0,0.0,0.0
120,-0.39207935803594823,-0.56623844406293,0.5838188465832946,-3.7255727326786694,10.856086807715215,7.915599675569019,-0.3869961010337805,-0.5723961873104535,0.5777189381806933,5.360787586320142,4.9421150053181675,8.392547774852705,0.1312536205760427,-0.6664420646682048,0.5745775231032273,2.3015386317205535,5.248697875589699,5.497930452456665,0.5435953041158332,-0.3764787453655979,0.5642965189515973,-0.00584055587406085,3.278666450356716,2.140452552667907,0.0,0.0,0.0,0.0,0.0,0.0
121,-0.39516567660583696,-0.5692674269227753,0.5882006295339002,-3.7388227663948848,10.939280077223124,7.963030992115861,-0.38992763441174827,-0.575712960690001,0.5819149789009938,5.399998032126765,4.9782534867280415,8.447887563661274,0.13165080723368147,-0.6707610940722127,0.5787466793087901,2.317350324687222,5.287579061343479,5.536469499278386,0.546667416339787,-0.3794170124380694,0.5683881145162786,-0.005912803354213372,3.302405290273586,2.1571984422248494,0.0,0.0,0.0,0.0,0.0,0.0
122,-0.39825003757885935,-0.5722511724428412,0.5925732283028317,-3.751571437001623,11.022353398841599,8.009984824046093,-0.3928541777586297,-0.5789918477230912,0.5860981965185562,5.439097651328948,5.0142895735562565,8.502872092958398,0.13202829373339872,-0.6750499109607929,0.5829029604702032,2.3330832244201147,5.326366454924348,5.574844036835193,0.5497011360016235,-0.3823527471094477,0.5724669769841787,-0.005985830088023872,3.3260691148029466,2.173931030125166,0.0,0.0,0.0,0.0,0.0,0.0
123,-0.4013324706007264,-0.5751892479325201,0.5969366213066457,-3.763813304929684,11.105306937118236,8.056457077003898,-0.39577574588462955,-0.5822325149837889,0.5902685516473294,5.478086171548173,5.050223015671538,8.557498775339488,0.13238586798771917,-0.6793083009733728,0.5870463260047543,2.348736812816324,5.365059964223654,5.613053153461996,0.5526961134239835,-0.38528597607438775,0.5765330654809637,-0.006059647294502424,3.3496576736604347,2.1906504743791344,0.0,0.0,0.0,0.0,0.0,0.0
124,-0.40441300430411725,-0.578081221666818,0.6012907859986514,-3.775542935871237,11.188140835587951,8.102443670227713,-0.3986923534764453,-0.5854346304438951,0.594426005005445,5.516963321327251,5.086053563866145,8.61176503285473,0.13272331865440778,-0.6835360511258709,0.5911767354403168,2.3643105708833962,5.40365949803831,5.651095939903218,0.555652000097267,-0.38821672529884976,0.5805863392461328,-0.006134266239269887,3.373170717248048,2.2073569285721013,0.0,0.0,0.0,0.0,0.0,0.0
125,-0.4074916662235434,-0.5809266630090093,0.6056356987795419,-3.7867549025987195,11.270855214831059,8.147940537495705,-0.40160401515428523,-0.5885978633579225,0.5985705174964322,5.555728830517332,5.121780970293639,8.665668296058808,0.13304043489607711,-0.6877329498009642,0.5952941484949826,2.3798039798748074,5.442164965965483,5.688971488934591,0.5585684486295536,-0.3911450199696894,0.5846267577105407,-0.006209698197541282,3.3966079970960794,2.2240505415383756,0.0,0.0,0.0,0.0,0.0,0.0
126,-0.41056848274380614,-0.5837251424655788,0.6099713349425551,-3.797443785736559,11.353450171295357,8.192943627568543,-0.40451074544556764,-0.5917218843022276,0.6027020501846688,5.59438243002292,5.157404988238037,8.71920600404529,0.1333370064112442,-0.691898786766938,0.5993985250529595,2.3952165212454406,5.480576278110362,5.726678895201369,0.5614451127878073,-0.3940708844515435,0.588654280472962,-0.006285954451854496,3.419969265729159,2.240731457108126,0.0,0.0,0.0,0.0,0.0,0.0
127,-0.41364347904904636,-0.5864762317402182,0.614297668619248,-3.807604174518682,11.435925776131409,8.237448904624873,-0.40741255875734217,-0.5948063652165073,0.6068205642692029,5.632923851536981,5.192925371872647,8.772375604496403,0.13361282346961523,-0.6960333531969362,0.6034898251388706,2.410547676588881,5.5188933447910316,5.7642172550601085,0.5642816475405156,-0.3969943422438963,0.5926688672750976,-0.006363046290335166,3.4432542765234224,2.2573998138558107,0.0,0.0,0.0,0.0,0.0,0.0
128,-0.4167166790718349,-0.5891795037880251,0.6186146727253142,-3.817230667549546,11.51828207402857,8.281452348697984,-0.4103094693486845,-0.5978509794453399,0.6109260210575339,5.671352827275658,5.228341876018571,8.825174553732964,0.1338676769474647,-0.7001364416881836,0.6075680088920137,2.425796927574719,5.5571160762428535,5.801585666420438,0.5670777091004144,-0.39991541593816954,0.5966704779765447,-0.006440985004956578,3.4664627835634665,2.274055744848761,0.0,0.0,0.0,0.0,0.0,0.0
129,-0.41978810544230694,-0.591834532869896,0.6229223189064521,-3.826317873568637,11.600519082051644,8.324949956113466,-0.41320149130306383,-0.6008554017797633,0.6150183819393603,5.7096690897126114,5.263654255902813,8.877600316764541,0.134101358363106,-0.7042078462811695,0.6116330365405882,2.4409637558859063,5.595244382322379,5.838783228586849,0.5698329549673009,-0.4028341271748424,0.6006590725297328,-0.006519781889794006,3.4895945414991294,2.2906993773959523,0.0,0.0,0.0,0.0,0.0,0.0
130,-0.4228577794373562,-0.5944408946071336,0.6272205774842965,-3.8348604122186902,11.682636788478751,8.367937739928214,-0.41608863850069083,-0.6038193084988979,0.6190976083602981,5.74787237131307,5.2988622669161805,8.929650367339974,0.13431365991245406,-0.7082473624788019,0.6156848683758931,2.456047643156189,5.633278172210881,5.875809042100608,0.5725470439709394,-0.40575049660061646,0.6046346109548332,-0.006599448239273441,3.512649305402117,2.307330832797061,0.0,0.0,0.0,0.0,0.0,0.0
131,-0.42592572092990405,-0.5969981660362603,0.6315094174024412,-3.8428529148176325,11.764635151640551,8.410411730370512,-0.41897092459085344,-0.606742377411603,0.6231636617955804,5.785962404267627,5.333965664370902,8.981322187998153,0.1345043745046737,-0.7122547872655224,0.6197234647265051,2.4710480709076776,5.671217354117516,5.912662208581793,0.5752196363140538,-0.40866454382563233,0.6085970533146469,-0.006679995346413139,3.535626830622527,2.3239502260918306,0.0,0.0,0.0,0.0,0.0,0.0
132,-0.42899194833824256,-0.5995059256640571,0.6357888061725436,-3.850290025134401,11.846514098760991,8.452367975281408,-0.4218483629642339,-0.6096242878981732,0.6272165037237333,5.8239389202258085,5.368964203258058,9.032613270119143,0.1346732957979213,-0.7162299191263796,0.6237487859324358,2.485964520488579,5.70906183498215,5.949341830571472,0.5778503936154179,-0.41157628738073954,0.6125463596894761,-0.0067614345010587355,3.5585268726452743,2.34055766580977,0.0,0.0,0.0,0.0,0.0,0.0
133,-0.4320564785754765,-0.6019637535228216,0.6400587098205415,-3.8571664001687553,11.928273524800009,8.493802540557388,-0.4247209667252259,-0.6124647209520688,0.6312560956002408,5.861801650029456,5.403857638004845,9.083521113975749,0.13482021823516607,-0.7201725580660663,0.6277607923192763,2.500796473011098,5.746811520177881,5.9858470113741395,0.5804389789530331,-0.4144857446748439,0.6164824901519789,-0.006843776988110265,3.5813491869464373,2.3571532537203232,0.0,0.0,0.0,0.0,0.0,0.0
134,-0.43511932699906475,-0.6043712312258588,0.6443190928329852,-3.8634767109351458,12.00991329129824,8.534711510594299,-0.42758874866424246,-0.6152633592216779,0.6352823988311984,5.899550323445954,5.43864572223169,9.134043228785442,0.13494493708010086,-0.7240825056279065,0.6317594441723315,2.5155434092895934,5.784466313213296,6.022176854900376,0.5829850569074031,-0.417392931952324,0.6204054047420161,-0.006927034085740859,3.604093528849573,2.373737084583462,0.0,0.0,0.0,0.0,0.0,0.0
135,-0.4381805073604843,-0.6067279420232112,0.6485699181035135,-3.8692156432507914,12.091433225224357,8.575090988732759,-0.43045172123003345,-0.6180198870521169,0.6392953747469725,5.937184668901481,5.4733282085093675,9.184177132762862,0.13504724845313223,-0.7279595649128066,0.635744701710759,2.530204809779029,5.822026115434584,6.058330465509876,0.5854882936049057,-0.42029786425054366,0.624315063441503,-0.007011217063607104,3.626759653382062,2.3903092459008564,0.0,0.0,0.0,0.0,0.0,0.0
136,-0.44124003175501036,-0.6090334708576264,0.6528111468794592,-3.8743778985281048,12.172833117824721,8.61493709770478,-0.4333098965019972,-0.6207339905270548,0.6432949845758434,5.9747044132140115,5.507904848115945,9.233920353172634,0.1351269493674547,-0.7318035405981455,0.6397165250616945,2.544780154513664,5.859490825727332,6.0943069478547125,0.587948356761257,-0.42320055535745094,0.6282114261492473,-0.007096337181049265,3.6493473151313935,2.4068698176675682,0.0,0.0,0.0,0.0,0.0,0.0
137,-0.4442979105716494,-0.6112874044207797,0.6570427387086335,-3.878958194571442,12.254112723476347,8.654245980081983,-0.4361632861625181,-0.6234053575105752,0.647281189417676,6.01210928132656,5.542375390793866,9.283270426382973,0.13518383776520257,-0.7356142389566311,0.6436748742344017,2.5592689230461794,5.896860340218345,6.13010540672315,0.5903649157250775,-0.4261010177692914,0.6320944526558107,-0.00718240568528217,3.671856268101594,2.4234188721244423,0.0,0.0,0.0,0.0,0.0,0.0
138,-0.4473541524432081,-0.6134893312097441,0.661264651386272,-3.882951266378482,12.335271758542726,8.693013798725165,-0.4390119014693019,-0.6260336776890566,0.6512539502175847,6.049398996040244,5.576739584506957,9.332224897919602,0.13521771255368067,-0.7393914678750879,0.6476197090944182,2.5736705943871145,5.934134551977208,6.165724946883728,0.5927376415215528,-0.428999262648428,0.6359641026183664,-0.007269433809574772,3.6942862655696413,2.4399564735111334,0.0,0.0,0.0,0.0,0.0,0.0
139,-0.45040876419653597,-0.6156388415837298,0.665476840902173,-3.8863518669461916,12.416309900233365,8.73123673723544,-0.441855753227746,-0.6286186426130912,0.6552132277396251,6.0865732777476005,5.6109971751975944,9.380781322520523,0.13522837364167217,-0.7431350368732054,0.6515509893377276,2.587984646944778,5.9713133507179,6.201164672929988,0.5950662068961992,-0.4318952997812933,0.6398203355355845,-0.007357432771419209,3.716637059942059,2.456482677819932,0.0,0.0,0.0,0.0,0.0,0.0
140,-0.453461750802937,-0.6177355278210823,0.6696792613880418,-3.889154768081534,12.497226785466967,8.76891100040688,-0.44469485176332263,-0.6311599457394179,0.6591589825405045,6.1236318441659545,5.645147906543962,9.428937264191251,0.1352156219758188,-0.7468447571222179,0.65546867446495,2.602210558465605,6.008396622500322,6.236423689125594,0.5973502863587244,-0.4347891375364665,0.6436631107225312,-0.007446413770687251,3.738908402611596,2.4729975325503455,0.0,0.0,0.0,0.0,0.0,0.0
141,-0.45651311532876787,-0.6197789841765612,0.6738718650650452,-3.891354761217087,12.578022009738655,8.806032814680746,-0.4475292068939978,-0.6336572824728891,0.663091174943321,6.160574410071012,5.679191519717491,9.476690296260882,0.13517925957707758,-0.7505204414635372,0.6593727237555613,2.6163478059750256,6.045384249431883,6.271501099250138,0.5995895562269979,-0.43768078282290107,0.6474923872856005,-0.007536387987774753,3.761100043814109,2.4895010764645757,0.0,0.0,0.0,0.0,0.0,0.0
142,-0.4595628588862354,-0.6217688069388927,0.6780546021915999,-3.892946658231613,12.65869512599149,8.842598428601349,-0.4503588279026777,-0.6361103502084521,0.6670097650113306,6.197400687030622,5.713127753140465,9.524038001438797,0.13511908957724544,-0.7541619044273138,0.6632630962421393,2.63039586571887,6.082276109369087,6.3063960064454925,0.6017836946711174,-0.4405702410482995,0.651308124097469,-0.007627366581732914,3.783211732485596,2.5059933393438927,0.0,0.0,0.0,0.0,0.0,0.0
143,-0.4626109805843995,-0.6237045944886082,0.6822274210114025,-3.893925292275707,12.739245643492541,8.878604113273495,-0.45318372350969416,-0.6385188483731555,0.6709147125217562,6.234110383138857,5.746956342243932,9.570977971872146,0.13503491625555664,-0.7577689622509388,0.6671397506846526,2.644354213105354,6.119072075619263,6.341107513062835,0.6039323817575828,-0.4434575160776507,0.6551102797720944,-0.00771936068838551,3.8052432161194774,2.522474341745972,0.0,0.0,0.0,0.0,0.0,0.0
144,-0.46565747748040975,-0.6255859473561795,0.6863902677017258,-3.8942855186026923,12.81967302671395,8.914046162821759,-0.4560039018453389,-0.6408824784681781,0.674805976939641,6.270703202750435,5.7806770192258865,9.617507809204259,0.13492654507534557,-0.7613414328974891,0.6710026455447922,2.658222322647722,6.155772016642434,6.375634720510478,0.6060352994935805,-0.44634261019194393,0.6588988126397533,-0.007812381418432247,3.8271942406241446,2.5389440947632984,0.0,0.0,0.0,0.0,0.0,0.0
145,-0.46870234453096016,-0.6274124682804427,0.6905430863219766,-3.8940222154047666,12.899976694218918,8.948920894851295,-0.45881937042243104,-0.6432009441108677,0.6786835173917417,6.30717884621542,5.814289512809752,9.663625124633663,0.13479378272077733,-0.7648791360740866,0.6748517389603426,2.671999667907502,6.192375795753303,6.409976729102288,0.6080921318713641,-0.4492255240470541,0.6626736807221214,-0.007906439855536445,3.8490645501807412,2.5554025997825978,0.0,0.0,0.0,0.0,0.0,0.0
146,-0.4717455745440052,-0.6291837622673327,0.6946858187625528,-3.893130284654649,12.980156017553348,8.98322465091058,-0.46163013610895026,-0.6454739510768062,0.6825472926404869,6.343537009614427,5.847793548003308,9.709327538974263,0.13463643713364276,-0.768381893250207,0.6786869887196177,2.685685721438519,6.228883270823547,6.44413263790709,0.6101025649127547,-0.4521062566328285,0.6664348417074135,-0.008001547054397663,3.870853887101314,2.5718498482454675,0.0,0.0,0.0,0.0,0.0,0.0
147,-0.4747871581307275,-0.6308994366489231,0.6988184046939956,-3.8916046529526915,13.060210320143062,9.016953796955859,-0.4644362051007161,-0.6477012073418805,0.6863972610579819,6.379777384494222,5.881188845857966,9.754612682716214,0.13445431755021353,-0.7718495276759009,0.6825083522359434,2.699279954731613,6.265294293984276,6.478101544598793,0.612066286713739,-0.4549848052323664,0.6701822529255698,-0.008097714038807546,3.8925619916872507,2.5882858214101745,0.0,0.0,0.0,0.0,0.0,0.0
148,-0.47782708365777576,-0.632559101142784,0.7029407815164591,-3.889440272379709,13.140138876197025,9.050104723817427,-0.4672375828941316,-0.6498824231243782,0.6902333806000861,6.4158996576038625,5.914475123228554,9.799478196087913,0.1342472345381642,-0.7752818643999517,0.6863157865222101,2.712781838160183,6.301608711328864,6.511882545307483,0.6139829874891887,-0.457861165381511,0.6739158713235124,-0.008194951799688965,3.914188602088129,2.6047104901147122,0.0,0.0,0.0,0.0,0.0,0.0
149,-0.4808653371997954,-0.6341623679116606,0.7070528843095196,-3.886632121355536,13.21994090961704,9.082673847667879,-0.47003427425899535,-0.6520173109270851,0.6940556087805594,6.451903510631395,5.9476520925336205,9.843921729118941,0.1340150000335446,-0.7786787302879503,0.6901092481654939,2.7261908409265336,6.337826362616095,6.545474734471458,0.6158523596176824,-0.46073533082856594,0.6776356534404671,-0.008293271293117441,3.935733454160959,2.6211238145412095,0.0,0.0,0.0,0.0,0.0,0.0
150,-0.48390190249733395,-0.6357088516178468,0.7111546457876345,-3.883175205415564,13.299615593031124,9.11465761045451,-0.4728262832255529,-0.6541055855559212,0.6978639026614973,6.487788620064314,5.980719461636715,9.887940941600139,0.13375742734349153,-0.7820399540353753,0.6938886933176688,2.7395064311315402,6.373947081060817,6.578877204703509,0.6176740976681552,-0.4636072935012054,0.6813415553988489,-0.008392683435552776,3.957196281418263,2.637525744019048,0.0,0.0,0.0,0.0,0.0,0.0
151,-0.4869367609802192,-0.6371981694102216,0.7152459963242883,-3.8790645569381503,13.379162048337855,9.146052479884176,-0.47561361326601803,-0.6561469638155689,0.7016582190672469,6.523554658733677,6.013676935377344,9.9315335015911,0.13347433067238684,-0.785365366113264,0.6976540779053774,2.7527280775685026,6.409970694291747,6.612089046816385,0.6194478981779671,-0.4664770435652378,0.6850335331086591,-0.008493199059347934,3.978576816194748,2.65391621731791,0.0,0.0,0.0,0.0,0.0,0.0
152,-0.48996989158370247,-0.6386299411425337,0.7193268637598668,-3.8742952384849465,13.458579342471962,9.176854950952753,-0.47839626690211046,-0.6581411651554538,0.7054385141419562,6.559201292368318,6.04652421222286,9.974697088125282,0.13316552603617549,-0.7886547989128098,0.7014053571957224,2.765855246574429,6.445897021772403,6.645109349303372,0.6211734601722984,-0.46934456920002726,0.688711541844787,-0.00859482897991699,3.9998747872351523,2.6702951614208015,0.0,0.0,0.0,0.0,0.0,0.0
153,-0.49300127074160455,-0.6400037893825634,0.7233971733935456,-3.868862342870818,13.537866487247072,9.207061546069577,-0.48117424576033635,-0.6600879115782088,0.7092047434160238,6.594728180061481,6.079260984735851,10.017429390737652,0.13283083111291213,-0.7919080867345302,0.7051424858615049,2.7788874025996173,6.481725875069033,6.677937198322107,0.6228504850994386,-0.47220985660791825,0.6923755363105321,-0.008697583981092574,4.021089920056868,2.6866624915613433,0.0,0.0,0.0,0.0,0.0,0.0
154,-0.4960308723740986,-0.6413193394347265,0.7274568479700528,-3.862760993447491,13.61702243907662,9.236668815274856,-0.4839475506325394,-0.6619869275377038,0.7129568618801818,6.630134974773053,6.111886940081368,10.05972810890691,0.13247006507113648,-0.7951250657756292,0.7088654180539481,2.791824008894653,6.517457058105479,6.7105716776449125,0.6244786767627396,-0.47507289001995284,0.6960254707084133,-0.008801474796702655,4.042221937354236,2.703018111236871,0.0,0.0,0.0,0.0,0.0,0.0
155,-0.4990586678437648,-0.6425762193997415,0.7315058076334217,-3.855986344967243,13.696046097963247,9.265673336704971,-0.48671618145098827,-0.663837939978437,0.7166948239620898,6.66542132308729,6.144401759806939,10.10159095211703,0.1320830486037135,-0.7983055741469485,0.7125741073797248,2.8046645274725104,6.553090366884553,6.743011868522965,0.6260577413636392,-0.47793365165860613,0.6996612987178346,-0.00890651210835532,4.0632705588712925,2.719361911990396,0.0,0.0,0.0,0.0,0.0,0.0
156,-0.5020846259120536,-0.6437740602345988,0.735543969881217,-3.8485335844522677,13.7749363064974,9.294071717059461,-0.4894801372635889,-0.665640678374889,0.7204185835030593,6.70058686497172,6.1768051196236184,10.143015639920039,0.13166960396168187,-0.801449451889818,0.7162685068781156,2.8174084190718336,6.588625589210394,6.775256849551919,0.6275873875447636,-0.4807921217008409,0.7032829734728796,-0.009012706543203977,4.084235501275294,2.7356937731944853,0.0,0.0,0.0,0.0,0.0,0.0
157,-0.5051087126961746,-0.6449124958128286,0.7395712495192536,-3.840397932069621,13.853691848865473,9.321860592069639,-0.4922394162092267,-0.6673948747708325,0.724128093734916,6.735631233537222,6.209096689188139,10.183999901999996,0.1312295549881026,-0.804556540992799,0.7199485689983026,2.830055143121398,6.624062504411781,6.807305696538963,0.6290673264330967,-0.4836482782414939,0.7068904475402367,-0.009120068671692922,4.105116478030984,2.752013561837106,0.0,0.0,0.0,0.0,0.0,0.0
158,-0.508130891626423,-0.6459911629850876,0.7435875586168281,-3.8315746420120016,13.932311449867896,9.34903662696903,-0.49499401549324556,-0.6691002638186051,0.7278233072570152,6.770554054799478,6.241276131886284,10.22454147823841,0.13076272715191486,-0.8076266854083278,0.7236142455768122,2.8426041577058703,6.6594008830666,6.83915748237145,0.630497271683233,-0.4865020972570046,0.7104836728972703,-0.009228609005281663,4.1259131992757485,2.768321132309508,0.0,0.0,0.0,0.0,0.0,0.0
159,-0.5111511234039519,-0.6470097016400507,0.7475928064624591,-3.822059003384343,14.010793773947162,9.375596516965462,-0.49774393136306105,-0.6707565828183324,0.73150417601339,6.805354947441593,6.273343104617324,10.264638118780804,0.1302689475817901,-0.8106597310692407,0.7272654878150925,2.855054919532788,6.694640486727276,6.870811276887005,0.6318769395206978,-0.489353552569488,0.7140626009102253,-0.009338337994148786,4.14662537169553,2.7846163261961605,0.0,0.0,0.0,0.0,0.0,0.0
160,-0.5141693659590038,-0.647967754765623,0.7515868995201717,-3.8118463410963415,14.089137424226362,9.401536987714895,-0.500489159083916,-0.6723635717571058,0.7351706512700664,6.8400335225781586,6.30529725757978,10.304287584104744,0.12974804509998814,-0.8136555259051911,0.7309022462572526,2.867406883900908,6.729781067647414,6.902266146745266,0.6332060487853479,-0.49220261581116753,0.7176271823125859,-0.009449266024873133,4.167252698401664,2.8008989720668303,0.0,0.0,0.0,0.0,0.0,0.0
161,-0.5171855744096248,-0.6488649685104868,0.755569741386333,-3.8009320167611875,14.167340941558514,9.426854795797263,-0.5032296929147921,-0.6739209733481265,0.7388226835925337,6.874589383520698,6.337138234058432,10.343487645089382,0.12919985025621186,-0.816613919858963,0.7345244707679558,2.879659504669909,6.764822368509605,6.933521155301344,0.6344843209748562,-0.49504925638918235,0.7211773671835874,-0.009561403418094106,4.187794878808609,2.817168885270886,0.0,0.0,0.0,0.0,0.0,0.0
162,-0.5201997010208531,-0.6497009922459663,0.7595412327470474,-3.7893114296002715,14.24540280358672,9.451546729193957,-0.5059655260844592,-0.6754285330697893,0.7424602228233748,6.909022125544562,6.368865670212627,10.382236083086315,0.12862419536146227,-0.8195347649026551,0.7381321105104711,2.8918122342314763,6.799764122154438,6.964575362480879,0.6357114802882674,-0.4978934414507646,0.7247131049268821,-0.009674760426147098,4.208251608512589,2.8334258677338062,0.0,0.0,0.0,0.0,0.0,0.0
163,-0.5232116951644121,-0.6504754786282291,0.7635012713361345,-3.776980017354222,14.323321423815695,9.4756096077672,-0.5086966507676893,-0.6768859992047256,0.7460832180600672,6.943331335657271,6.400479194865924,10.420530689991974,0.12802091452188677,-0.8224179150537542,0.7417251139248933,2.9038645234818397,6.8346060513107565,6.9954278246568835,0.6368872536696385,-0.500735135848806,0.7282343442493692,-0.009789347230677831,4.228622579171185,2.849669707756014,0.0,0.0,0.0,0.0,0.0,0.0
164,-0.5262215032789122,-0.6511880836608258,0.767449751893699,-3.7639332572002573,14.401095150694852,9.499040283741376,-0.5114230580616272,-0.6782931228787952,0.7496916176329572,6.977516592368434,6.43197842929715,10.458369268321617,0.12738984367262465,-0.8252632263910888,0.7453034287065328,2.9158158217957726,6.869347868327222,7.026077594528382,0.6380113708517603,-0.5035743021078233,0.7317410331401898,-0.009905173940230709,4.248907478383909,2.865900179814069,0.0,0.0,0.0,0.0,0.0,0.0
165,-0.5292290688305762,-0.6518384667575738,0.7713865661253116,-3.7501666666759537,14.47872226671327,9.521835642186218,-0.5141447379623241,-0.6796496581000294,0.7532853690834092,7.0115774654612055,6.463362987032868,10.49574963128481,0.126730820611647,-0.8280705570706579,0.7488670017844797,2.9276655770021045,6.903989274905218,7.056523721000856,0.6390835643999585,-0.506410900390327,0.7352331188498942,-0.01002225058781369,4.269105989573786,2.8821170443642803,0.0,0.0,0.0,0.0,0.0,0.0
166,-0.5322343322745035,-0.6524262908057848,0.775311602661818,-3.73567580460948,14.556200987506898,9.543992601501957,-0.516861679341443,-0.6809553617975238,0.7568644191421454,7.045513515765458,6.494632473641362,10.532669602862637,0.1260436850335873,-0.8308397673413396,0.7524157793003553,2.9394132353608153,6.938529961833174,7.08676524906862,0.6401035697559811,-0.5092448884636092,0.7387105478697881,-0.010140587128438159,4.289217791869987,2.898320047648799,0.0,0.0,0.0,0.0,0.0,0.0
167,-0.5352372310164712,-0.6529512222298396,0.7792247470197715,-3.720456272056456,14.633529460977945,9.565508113906343,-0.5195738699231282,-0.6822099938602723,0.7604287137077599,7.079324294932455,6.525786486528034,10.569127017886391,0.1253282785635661,-0.8335707195604635,0.7559497065872345,2.951058241541645,6.972969608722218,7.11680121969901,0.6410711252819661,-0.5120762216669494,0.7421732659114515,-0.010260193436632786,4.309242559991471,2.9145089215042086,0.0,0.0,0.0,0.0,0.0,0.0
168,-0.5382376993753127,-0.6534129310551228,0.7831258815625409,-3.7045037132434206,14.710705766427456,9.586379165923807,-0.5222812962610622,-0.6834133171759553,0.7639781978254404,7.113009345211429,6.55682461473247,10.605119722118182,0.12458444479100221,-0.8362632782092665,0.7594687281487751,2.962600038604413,7.007307883743427,7.1466306697187,0.6419859723044947,-0.5149048528792645,0.7456212178864534,-0.010381079303931246,4.329179964131785,2.930683383172756,0.0,0.0,0.0,0.0,0.0,0.0
169,-0.5412356685458537,-0.6538110909723088,0.787014885462065,-3.687813816518064,14.787727913700518,9.606602778876402,-0.5249839437156943,-0.6845650976696673,0.7675128156658737,7.1465681992277705,6.587746438727001,10.640645572333064,0.12381202930341481,-0.8389173099082067,0.7629727876385277,2.9740380679809277,7.041544443366476,7.176252631701882,0.6428478551587286,-0.5177307324871931,0.7490543478862463,-0.010503254436333983,4.349029669844908,2.9468431351161737,0.0,0.0,0.0,0.0,0.0,0.0
170,-0.5442310665624467,-0.6541453794020125,0.7908916346613091,-3.670382315306247,14.864593842345137,9.626176009376945,-0.5276817964316601,-0.6856651043425904,0.7710325105043652,7.180000379763117,6.618551530216967,10.675702436403103,0.12301087972021002,-0.8415326834321485,0.7664618278394553,2.9853717694586384,7.075678932099928,7.2056661338606105,0.6436565212326331,-0.5205538083536417,0.7524725991622648,-0.010626728451742028,4.368791337932301,2.9629878648322423,0.0,0.0,0.0,0.0,0.0,0.0
171,-0.5472238182630906,-0.6544154775597971,0.7947560018374025,-3.6522049890758677,14.94130142078448,9.64509594982405,-0.5303748373153836,-0.6867131093106065,0.774537224700154,7.213305399537228,6.649239451942597,10.71028819338312,0.12218084572645574,-0.8441092697254075,0.7699357906436486,2.996600581166002,7.109710982233063,7.234870199937177,0.6444117210112833,-0.5233740257867845,0.7558759141062159,-0.010751510877363719,4.388464624331073,2.979117244674069,0.0,0.0,0.0,0.0,0.0,0.0
172,-0.5502138452541754,-0.6546210705215588,0.7986078563655037,-3.633277664307732,15.017848445503336,9.663359728899307,-0.5330630480128811,-0.6877088878428571,0.7780268996759506,7.24648276099183,6.679809757482662,10.744400733598411,0.12132177910663758,-0.8466469419166646,0.7733946170322593,3.00772393955963,7.143640213579418,7.263863849098716,0.6451132081212624,-0.5261913275095459,0.7592642342305793,-0.010877611147092982,4.408049180003391,2.9952309316722294,0.0,0.0,0.0,0.0,0.0,0.0
173,-0.5532010658758404,-0.6547618472892659,0.8024470642833837,-3.6135962154733345,15.094232640248595,9.680964512066419,-0.5357464088877565,-0.6886522184002316,0.7815014758976833,7.279531956076316,6.710261991059821,10.778037958734238,0.12043353377839541,-0.8491455753337278,0.7768382470556393,3.018741279413234,7.177466233221945,7.292646095833925,0.645760739375134,-0.5290056536295565,0.7626375001493119,-0.011005038598859308,4.427544650827071,3.011328567359732,0.0,0.0,0.0,0.0,0.0,0.0
174,-0.5561853951679706,-0.6548375008570837,0.806273488256753,-3.593156566019781,15.170451655244342,9.697907502072455,-0.5384248989993983,-0.6895428826738033,0.7849608928544661,7.312452466035493,6.740595687347787,10.811197781927277,0.11951596582624628,-0.8516050475181587,0.7802666198137003,3.0296520338084187,7.211188635259937,7.321215949852051,0.6463540748160135,-0.5318169416096019,0.7659956515587658,-0.011133802471948208,4.446950677487433,3.0274097775999165,0.0,0.0,0.0,0.0,0.0,0.0
175,-0.5591667448368458,-0.6548477282778626,0.810086987545351,-3.571954689361762,15.246503066421836,9.714185939451214,-0.5410984960813884,-0.6903806656231972,0.7884050890388021,7.345243761199376,6.770810371280366,10.84387812785912,0.11856893353527964,-0.8540252382397527,0.7836796734365019,3.040455634127362,7.244807000557771,7.349572415984223,0.6468929777622189,-0.5346251262385776,0.7693386272188303,-0.011263911904292385,4.466266895370457,3.0434741724173735,0.0,0.0,0.0,0.0,0.0,0.0
176,-0.5621450232224454,-0.6547922307300095,0.8138874179698057,-3.5499866098807553,15.32238437466458,9.729797103028599,-0.5437671765201135,-0.6911653555148922,0.7918340019270071,7.377905300775023,6.800905557862325,10.87607693285162,0.11759229742483392,-0.856406029510866,0.7870773450650626,3.051151510047404,7.278320896495419,7.3777144940870105,0.6473772148520072,-0.5374301396029453,0.7726663649342885,-0.011395375929732953,4.485492934457215,3.059521345831844,0.0,0.0,0.0,0.0,0.0,0.0
177,-0.5651201352664316,-0.6546707135847272,0.8176746318792741,-3.527248403931358,15.398093005068768,9.744738310430101,-0.5464309153335961,-0.6918967439604548,0.7952475679598715,7.410436532640494,6.8308807519821695,10.907792144964354,0.11658592028214468,-0.8587473056005955,0.7904595708324006,3.0617390895375745,7.311729876720839,7.405641178948421,0.6478065560883983,-0.540231911058715,0.7759788015364046,-0.011528203475249809,4.504628419219631,3.0755508756952477,0.0,0.0,0.0,0.0,0.0,0.0
178,-0.5680919824808189,-0.6544828864736453,0.8214484781199001,-3.503736200855011,15.473626306219655,9.759006918590483,-0.549089686150545,-0.6925746259547108,0.7986457225235715,7.4428368931410525,6.860735448226956,10.939021724094223,0.1155496671959705,-0.8610489530488097,0.7938262858448248,3.0722177988571384,7.34503348090435,7.433351460196347,0.6481807748840878,-0.5430303672039559,0.7792758728647464,-0.011662403358161728,4.523672968517632,3.0915623235318686,0.0,0.0,0.0,0.0,0.0,0.0
179,-0.571060462917337,-0.6542284633568181,0.8252088020040701,-3.479446184000862,15.548981549483674,9.772600324265373,-0.5517434611896201,-0.6931987999138366,0.8020283999308099,7.475105806887494,6.8904691306989925,10.969763642076968,0.11448340559018831,-0.8633108606800108,0.7971774241634496,3.08258706255612,7.378231234494861,7.4608443222093594,0.6484996481064378,-0.5458254318518384,0.782557513749235,-0.011797984283294389,4.5426261954976335,3.1075552343817057,0.0,0.0,0.0,0.0,0.0,0.0
180,-0.5740254712568947,-0.6539071624200359,0.8289554454036328,-3.454374589084389,15.624155931057938,9.785515963356248,-0.5543922114188149,-0.6937690674270275,0.8053955335979369,7.507242688195058,6.920081274399074,11.000015881787062,0.11338700488297904,-0.8655329195548734,0.8005129189781428,3.0928463045890298,7.411322649889442,7.488118744456132,0.648762955870597,-0.5486170261345349,0.7858236581794863,-0.011934954822502123,4.56148770855988,3.1235291373750287,0.0,0.0,0.0,0.0,0.0,0.0
181,-0.5769868988425648,-0.6535187060607963,0.8326882467855515,-3.4285177039367003,15.69914657272508,9.797751310848218,-0.557035906640258,-0.6942852331253271,0.8087470561427833,7.539246941833161,6.949571345956276,11.029776436605657,0.11226033629103385,-0.8677150229476109,0.8038327027036143,3.1029949490517263,7.444307226968712,7.515173701617708,0.6489704814415508,-0.5514050685464216,0.7890742393983771,-0.012073323398372702,4.580257111893536,3.1394835459648394,0.0,0.0,0.0,0.0,0.0,0.0
182,-0.5799446331930436,-0.6530628216141436,0.8364070407113318,-3.4018718797956806,15.773950510678816,9.809303885891465,-0.5596745147791387,-0.6947471058198128,0.8120828986146459,7.571117956537817,6.978938797441414,11.05904331438915,0.1111032743018364,-0.8698570665982727,0.8071367062233872,3.1130324159170746,7.477184447440204,7.542008161871959,0.6491220122473531,-0.5541894744185913,0.7923091891662362,-0.01221309834908436,4.598934001278618,3.1554179549861363,0.0,0.0,0.0,0.0,0.0,0.0
183,-0.5828985582670979,-0.652539240997558,0.8401116581104824,-3.3744335257250624,15.848564701588858,9.820171249372006,-0.5623080022925163,-0.6951544978588582,0.8154029909409846,7.602855108733302,7.008183069924755,11.087814535238099,0.10991569582551651,-0.8719589485776671,0.8104248593284508,3.1229581236103727,7.5099537780146735,7.5686210878717315,0.6492173393201169,-0.5569701562116022,0.7955284381878281,-0.012354287886530407,4.617517966523653,3.1713318422892445,0.0,0.0,0.0,0.0,0.0,0.0
184,-0.5858485544543588,-0.6519477007549745,0.8438019262723792,-3.3461991092684373,15.922986022385054,9.83035100425329,-0.5649363341753473,-0.6955072251252126,0.8187072619375653,7.634457762576413,7.037303593526369,11.116088131470708,0.10869748017576976,-0.8740205692915985,0.8136970907272604,3.1327714891725815,7.542614670377943,7.595011436732431,0.6492562573052536,-0.5597470235103779,0.7987319161221246,-0.01249690009106151,4.6360085915225335,3.187224668706566,0.0,0.0,0.0,0.0,0.0,0.0
185,-0.5887944985513089,-0.651287942123611,0.8474776688229693,-3.3171651574608774,15.99721126970163,9.839840796075535,-0.5675594739435383,-0.6958051070699118,0.8219956392936444,7.665925269791483,7.066299787266648,11.143862147726976,0.10744850909882009,-0.8760418314929642,0.8169533280312323,3.1424719282841127,7.575166560981742,7.621178159966361,0.6492385645033886,-0.5625199830027234,0.8019195515682302,-0.012640942908402704,4.654405454175334,3.203095877927938,0.0,0.0,0.0,0.0,0.0,0.0
186,-0.5917362637380832,-0.6505597111011004,0.851138705702428,-3.2873282578467897,16.07123715934023,9.84863831345667,-0.5701773836172737,-0.69604796674606,0.8252680495574566,7.697256969508246,7.095171058919337,11.171134641075064,0.10616866680230008,-0.8780226402936727,0.8201934977405374,3.1520588552908753,7.607608870837194,7.647120203419915,0.6491640629123073,-0.5652889384584598,0.805091272051598,-0.01278642414654019,4.672708126310837,3.218944896379681,0.0,0.0,0.0,0.0,0.0,0.0
187,-0.5946737195560825,-0.6497627585129457,0.8547848531437621,-3.256685059504351,16.14506032575166,9.856741288594813,-0.5727900237046131,-0.696235630842498,0.8285244181219987,7.728452188102416,7.12391680486703,11.197903681119932,0.10485783998406009,-0.8799629031763861,0.8234175252301869,3.1615316832325444,7.639941005310847,7.672836507213637,0.6490325582689424,-0.5680537907091843,0.8082470040105293,-0.012933351472578472,4.690916173610688,3.2347711331073676,0.0,0.0,0.0,0.0,0.0,0.0
188,-0.5976067318864251,-0.6488968400802758,0.8584159236523826,-3.225232274076209,16.21867732153691,9.864147497772334,-0.5753973531853699,-0.6963679297173377,0.8317646692111165,7.759510239039132,7.152536409959225,11.224167350114248,0.10351591786088911,-0.8818625300060787,0.8266253347364179,3.1708898238731424,7.6721623539234,7.6983260056852,0.6488438600913851,-0.5708144376286669,0.8113866727829671,-0.013081732409566562,4.709029155535292,3.250573979662379,0.0,0.0,0.0,0.0,0.0,0.0
189,-0.6005351629292381,-0.6479617164879183,0.8620317259866567,-3.192966676806689,16.29208461696755,9.87085476186146,-0.5779993294952724,-0.6964446974313803,0.8349887258658979,7.790430422719249,7.1810292473729,11.249923743071678,0.10214279219716152,-0.8837214330414157,0.8298168493433794,3.180132687733892,7.704272290151066,7.723587627335371,0.6485977817209364,-0.573570774113891,0.814510202593581,-0.0132315743332934,4.727046625251396,3.2663528099922936,0.0,0.0,0.0,0.0,0.0,0.0
190,-0.6034588711837949,-0.6469571534527746,0.8656320651394517,-3.1598851075853283,16.36527859952574,9.87686094683133,-0.5805959085103981,-0.6964657717813991,0.8381965099313755,7.821212026328535,7.20939467847572,11.275170967882387,0.10073835733340093,-0.8855395269459398,0.832991990970125,3.1892596841284173,7.736270171229721,7.748620294776879,0.6482941403641852,-0.5763226920667397,0.8176175165411551,-0.01338288446905415,4.74496812956144,3.282106980335124,0.0,0.0,0.0,0.0,0.0,0.0
191,-0.6063777114295268,-0.6458829217925058,0.8692167423206839,-3.1259844719968353,16.438255573464303,9.882163964256634,-0.5831870445319083,-0.6964309943333034,0.8413879420435416,7.851854323689819,7.237632052691842,11.299907145431098,0.09930251021476041,-0.8873167287990805,0.836150680357914,3.198270221200292,7.7681553379617885,7.7734229246864075,0.6479327571351189,-0.5790700803763473,0.8207085365862727,-0.01353566988838353,4.762793208834652,3.297835829117505,0.0,0.0,0.0,0.0,0.0,0.0
192,-0.609291534707904,-0.6447387974945162,0.8727855549408913,-3.091261742377384,16.511011759386946,9.886761771827688,-0.5857726902710644,-0.6963402104551644,0.8445629416166838,7.882356575118136,7.265740707370414,11.324130409717437,0.09783515041941755,-0.8890529581069643,0.8392928370578275,3.2071637059629636,7.799927114525995,7.797994427759607,0.6475134570972609,-0.5818128249021136,0.8237831835393111,-0.013689937505759527,4.780521396939943,3.313538676856842,0.0,0.0,0.0,0.0,0.0,0.0
193,-0.6122001883051997,-0.6435245617852369,0.8763382965958311,-3.0557139588772477,16.583543293848926,9.890652373861908,-0.5883527968345373,-0.6961932693501122,0.8477214268310362,7.9127180272788245,7.2937199676567275,11.347838907978716,0.0963361801868865,-0.8907481368130346,0.842418379418697,3.2159395443420613,7.831584808289922,7.822333708669172,0.6470360693058357,-0.5845508084573902,0.8268413770487395,-0.01384569407527557,4.798152221180568,3.329214826067453,0.0,0.0,0.0,0.0,0.0,0.0
194,-0.6151035157361601,-0.6422400011997111,0.8798747570521271,-3.0193382305297494,16.655846228978564,9.893833821816813,-0.5909273137100193,-0.695990024089104,0.8508633146207584,7.942937913048771,7.321569146366121,11.37103080081527,0.09480550444624118,-0.8924021893084841,0.8455272245753557,3.224597141220144,7.8631277096255365,7.846439666026132,0.6465004268499626,-0.5872839107938557,0.8298830355897334,-0.014002946187281524,4.815685202230643,3.344863561170807,0.0,0.0,0.0,0.0,0.0,0.0
195,-0.6180013567285738,-0.640884907651469,0.883394722233972,-2.9821317363265045,16.727916532119703,9.896304214804342,-0.5934961887521294,-0.6957303316435538,0.8539885206622387,7.973015451380686,7.349287543860624,11.39370426231821,0.09324303084425227,-0.8940150424424838,0.8486192884372104,3.2331359004838665,7.894555091727629,7.870311192344256,0.6459063668948706,-0.5900120085865744,0.832908076453102,-0.014161700264993436,4.83311985407348,3.3604841484098475,0.0,0.0,0.0,0.0,0.0,0.0
196,-0.6208935472087637,-0.63945907850269,0.8868979742109017,-2.9440917262988187,16.79975008549546,9.89806170010655,-0.5960593681686243,-0.6954140529178262,0.8570969593627343,8.00294984717057,7.376874447928441,11.41585748019973,0.09164866977343239,-0.8955866255322152,0.8516944856771447,3.2415552250736277,7.925866210435298,7.8939471740076925,0.6452537307241368,-0.5927349754197552,0.8359164157345357,-0.014321962561071457,4.850455683941795,3.3760758357674776,0.0,0.0,0.0,0.0,0.0,0.0
197,-0.6237799192880082,-0.6379623166346562,0.8903842911866489,-2.9052155226053875,16.871342685893495,9.899104473692631,-0.5986167965069141,-0.6950410527815943,0.8601885438493357,8.032740291128263,7.40432913366616,11.437488655925932,0.09002233439999299,-0.897116870372705,0.8547527297207438,3.249854517035672,7.95706030405641,7.917346491241821,0.6445423637819458,-0.5954526817732135,0.8389079683241721,-0.014483739154167603,4.867692192259764,3.391637852889235,0.0,0.0,0.0,0.0,0.0,0.0
198,-0.6266603012498992,-0.63639443051848,0.8938534474890946,-2.865500520626024,16.942690044373062,9.899430780737244,-0.6011684166408859,-0.6946112001020571,0.8632631859582786,8.062385959651326,7.431650863363924,11.458596004852266,0.08836394069170662,-0.8986057112464519,0.8577939327358604,3.25803317757672,7.988136593195232,7.940508018087423,0.6437721157153677,-0.5981649950095485,0.8418826478964916,-0.014647035945439965,4.884828872587018,3.40716941101023,0.0,0.0,0.0,0.0,0.0,0.0
199,-0.6295345175386579,-0.6347552342861127,0.897305213561328,-2.824944190061533,17.013787785994193,9.899038916140093,-0.6037141697580437,-0.694124367776016,0.866320796224591,8.091886014702071,7.458838886393408,11.479177756361555,0.08667340744567624,-0.9000530849328553,0.8608180056225124,3.2660906071210967,8.019094280583142,7.963430622378143,0.6429428404166526,-0.6008717793620376,0.8448403669005385,-0.014811858655037966,4.90186521156452,3.4226697028863566,0.0,0.0,0.0,0.0,0.0,0.0
200,-0.6324023887484018,-0.6330445478016188,0.9007393559538226,-2.783544076039549,17.084631449569063,9.897927225046676,-0.6062539953469552,-0.6935804327618063,0.8693612838720868,8.121239603687927,7.48589243909876,11.49923215400461,0.08495065631600826,-0.9014589307174287,0.8638248580031217,3.274026205370399,8.049932550912535,7.986113165721282,0.642054396065537,-0.603572895923259,0.8477810365504727,-0.014978212818554168,4.918800688862369,3.4381379027298387,0.0,0.0,0.0,0.0,0.0,0.0
201,-0.6352637316133924,-0.6312621967327194,0.9041556373177495,-2.7412978002263504,17.15521648743606,9.896094103370245,-0.6087878311850237,-0.6929792761110859,0.8723845568037069,8.150445859345119,7.512810744690476,11.518757455643527,0.08319561184138985,-0.9028231904008102,0.8668143982130968,3.281839371365725,8.08065057067398,8.008554503482,0.6411066451715663,-0.6062682026344489,0.8507045668164596,-0.01514610378344583,4.935634777129594,3.4535731661491624,0.0,0.0,0.0,0.0,0.0,0.0
202,-0.63811835899926,-0.6294080126225918,0.9075538163994286,-2.6982030619445467,17.225538265256557,9.893537998314866,-0.611315613326577,-0.6923207830004767,0.8753905215922092,8.179503899625715,7.539593013142253,11.537751933597661,0.08140820147256607,-0.9041458083075598,0.8697865332917588,3.2895295035524685,8.111247487996621,8.0307534847709,0.6400994546164215,-0.6089575542755996,0.8536108664158942,-0.015315536705424494,4.952366941945875,3.4689746300934168,0.0,0.0,0.0,0.0,0.0,0.0
203,-0.640966079895222,-0.6274818329619206,0.9109336480359408,-2.65425763929653,17.295592061834817,9.890257408899561,-0.6138372760912828,-0.691604842763054,0.8783790834712137,8.20841282758804,7.566238441090839,11.556213874792277,0.07958835559971426,-0.9054267312947426,0.8727411689736173,3.297095999847694,8.141722432491902,8.052708952435104,0.639032695696255,-0.6116408024563108,0.8564998428049656,-0.015486516544814168,4.968996641775263,3.4843414128011228,0.0,0.0,0.0,0.0,0.0,0.0
204,-0.6438066994073011,-0.625483501261196,0.9142948831519057,-2.6094593902936287,17.365373068961148,9.886250886483406,-0.6163527520528833,-0.6908313489196869,0.8813501463266041,8.237171731290577,7.592746211738964,11.574141580909856,0.07773600757972235,-0.9066659087602921,0.8756782096800005,3.3045382577101146,8.172074515100675,8.074419743052719,0.6379062441640277,-0.6143177956073871,0.8593714021705681,-0.015659048062879932,4.985523327921904,3.4996726137535226,0.0,0.0,0.0,0.0,0.0,0.0
205,-0.646640018752564,-0.6234128671232524,0.9176372687574452,-2.5638062539908972,17.434876391278838,9.881517035291713,-0.6188619720282723,-0.6900001992102276,0.8843036126882952,8.265779683689328,7.6191154947613455,11.5915333685443,0.07585109376335578,-0.9078632926511667,0.8785975585110424,3.311855674212708,8.202302827943747,8.095884686930937,0.6367199802718505,-0.616988378973212,0.8622254494225601,-0.015833135818122773,5.001946444487806,3.5149673136324813,0.0,0.0,0.0,0.0,0.0,0.0
206,-0.64946583525437,-0.6212697863160318,0.9209605479473266,-2.5172962516273536,17.50409704617455,9.87605451294296,-0.6213648650668897,-0.6891112956245382,0.8872393837223501,8.294235742538648,7.645345446213721,11.608387569357667,0.07393355352232384,-0.909018837471271,0.8814991172380181,3.3190476461179186,8.232406444175794,8.117102608107533,0.6354737888133171,-0.6196523946048783,0.8650618881863652,-0.0160087841625456,5.018265428332592,3.530224574282912,0.0,0.0,0.0,0.0,0.0,0.0
207,-0.6522839423386653,-0.6190541208455766,0.9242644599013209,-2.469927487771722,17.573029963693145,9.869862030976718,-0.6238613584404635,-0.6881645444333665,0.8901573592234787,8.322538950295659,7.671435208445128,11.624702530239901,0.07198332927623288,-0.9101325002891681,0.884382786296055,3.3261135699555413,8.262384417842902,8.138072324356077,0.6341675591658346,-0.622309681354108,0.8678806207959346,-0.016185997237888026,5.034479709035352,3.5454434386798983,0.0,0.0,0.0,0.0,0.0,0.0
208,-0.6550941295313106,-0.6167657390292328,0.9275487398857687,-2.421698151473352,17.641669986476547,9.862938355382239,-0.6263513776330834,-0.6871598562190587,0.893057437607896,8.35068833402826,7.697383910013253,11.640476613471211,0.07000036651943466,-0.9112042407455595,0.8872484647771962,3.333052842103237,8.292235783743578,8.15879264719464,0.6328011853329434,-0.6249600748679459,0.8706815482870598,-0.016364778971829492,5.0505887088585455,3.560622930900438,0.0,0.0,0.0,0.0,0.0,0.0
209,-0.6578961824564615,-0.6144045155690618,0.9308131192563757,-2.3726065174183786,17.71001186972729,9.855282307127847,-0.6288348463316118,-0.6860971459061083,0.895939515906556,8.378682905326716,7.723190665603054,11.655708196887288,0.0679846138477613,-0.9122340210605381,0.8900960504238382,3.339864858869723,8.321959557293402,8.179262381898155,0.6313745659866238,-0.6276034075842473,0.8734645703910453,-0.016545133074164102,5.066591842713994,3.5757620560999226,0.0,0.0,0.0,0.0,0.0,0.0
210,-0.6606898828360187,-0.6119703316254455,0.9340573254622377,-2.322650947090912,17.778050281196784,9.846892762690924,-0.631311686416451,-0.6849763327915414,0.8988034897587566,8.406521660218923,7.7488545759485135,11.670395674047413,0.06593602298514101,-0.9132218060406186,0.892925439622533,3.346549016580634,8.351554734393305,8.199480327514507,0.6298876045095836,-0.630239508727966,0.8762295855287404,-0.01672706303294284,5.082488518130966,3.5908598004933783,0.0,0.0,0.0,0.0,0.0,0.0
211,-0.6634750086947493,-0.6094630745576372,0.937281082259508,-2.2718298847275076,17.845779805883524,9.837768652255807,-0.6337818182073254,-0.6837973401720386,0.9016492536745994,8.434203581463782,7.774374729997782,11.684537453163806,0.06385454832104077,-0.9141675629984233,0.8957365276617928,3.353104712866468,8.381020293541939,8.219445277656316,0.6283402086561349,-0.6328682045195826,0.8789764910615027,-0.01691057210013525,5.098278136689944,3.605915132534463,0.0,0.0,0.0,0.0,0.0,0.0
212,-0.6662513346620512,-0.60688263751375,0.9404841100241327,-2.220141850924808,17.91319495294606,9.82790895685282,-0.6362451608371403,-0.6825600947667458,0.9044767014342393,8.461727642030395,7.79975020820058,11.698131955360392,0.061740146192012645,-0.9150712616287319,0.8985292091242121,3.359531348635896,8.410355199030098,8.239156021642607,0.6267322900255438,-0.6354893184833783,0.8817051836728897,-0.01709566326903338,5.1139600962023355,3.620927004655573,0.0,0.0,0.0,0.0,0.0,0.0
213,-0.6690186308398975,-0.6042289213543154,0.943666124604166,-2.1675854727395656,17.98029012978632,9.817312721834398,-0.6387016308326545,-0.681264528980319,0.9072857245954742,8.489092791867687,7.824980070028135,11.711177621720429,0.059592777615945725,-0.9159328744974939,0.9013033764210783,3.3658283215393405,8.439558388399767,8.258611340241337,0.6250637662182266,-0.6381026702740198,0.884415557942571,-0.01728233932768324,5.129533782577773,3.635894346646741,0.0,0.0,0.0,0.0,0.0,0.0
214,-0.6717766634319143,-0.6015018337024289,0.9468268379650917,-2.11415946884589,18.047059656454103,9.80597905024216,-0.6411511428747835,-0.6799105797189967,0.9100762132965348,8.516297965005988,7.8500633606690755,11.723672909778497,0.05741240685500424,-0.9167523767849376,0.9040589205807705,3.3719950295904817,8.46862877913672,8.277810008075592,0.6233345597231937,-0.6407080763213506,0.8871075071136806,-0.017470602826807798,5.144998574203541,3.6508160693016642,0.0,0.0,0.0,0.0,0.0,0.0
215,-0.6745251948134692,-0.5987012889107769,0.9499659582665273,-2.059862649039504,18.113497767255247,9.793907102586559,-0.6435936098716442,-0.678498188292515,0.9128480563363373,8.54334208024289,7.874999111676528,11.735616293311729,0.0551990012875227,-0.9175297462639224,0.9067957313276535,3.3780308716378076,8.497565269270732,8.296750793904604,0.6215445978389259,-0.6433053498978897,0.8897809231696633,-0.017660456072772095,5.160353842385243,3.6656910648023517,0.0,0.0,0.0,0.0,0.0,0.0
216,-0.677263983540116,-0.5958272081311666,0.9530831898763118,-2.0046939153473122,18.179598610948776,9.781096097343156,-0.6460289429542602,-0.677027300438715,0.9156011411732848,8.570224041108105,7.89978634093495,11.747006262510261,0.05295253142848388,-0.9182649633046505,0.9095136970809918,3.3839352474765,8.526366737294108,8.315432460671078,0.619693812710711,-0.6458943011223499,0.8924356968332868,-0.01785190112357923,5.175598951343538,3.680518206742743,0.0,0.0,0.0,0.0,0.0,0.0
217,-0.6799927843571515,-0.5928795193840951,0.9561782333858987,-1.9486522631396213,18.24535625097028,9.767545311448343,-0.6484570514726318,-0.6754978663479247,0.9183353539244751,8.59694273583241,7.924424052630506,11.757841324150316,0.050672970949835985,-0.9189580108791298,0.9122127049542662,3.3897075579629683,8.55503204208449,8.333853765552309,0.6177821413678818,-0.6484747369639866,0.8950717175660435,-0.01804493978484178,5.190733258213143,3.6952963501572835,0.0,0.0,0.0,0.0,0.0,0.0
218,-0.6827113482102932,-0.589858157628367,0.9592507856270398,-1.891736782245272,18.310764665681457,9.75325408079463,-0.6508778429921708,-0.67390984068713,0.9210505793652927,8.623497037320393,7.94891123722485,11.768120001770013,0.04836029670065678,-0.9196088745653936,0.9148926407548648,3.395347205131909,8.583560022831598,8.35201346001507,0.61580952576096,-0.6510464612477753,0.8976888735679194,-0.018239573605733236,5.205756113043953,3.7100243315544423,0.0,0.0,0.0,0.0,0.0,0.0
219,-0.6854194222574899,-0.5867630648307315,0.9623005396897876,-1.8339466580690322,18.37581774864628,9.738221800725306,-0.653291223290511,-0.6722631826239241,0.9237467009294129,8.649885803127411,7.973246871432513,11.77784083584798,0.04601448872715895,-0.920217542551482,0.9175533889841856,3.400853592316025,8.61194949896843,8.369910289874412,0.6137759127987045,-0.6536092746604368,0.9002870517775635,-0.018435803874915318,5.2206668588045035,3.7247009689552817,0.0,0.0,0.0,0.0,0.0,0.0
220,-0.6881167498818679,-0.58359419003554,0.9653271849418082,-1.7752811727114768,18.440509308933738,9.722447926528474,-0.6556970963546884,-0.6705578558502395,0.926423600709193,8.676107875440461,7.997429918201763,11.78700238398468,0.04363553029253418,-0.9207840056391747,0.9201948328381184,3.406226124268286,8.640199270106521,8.387542995356291,0.611681254385052,-0.6561629747573023,0.902866137872828,-0.018633631616447276,5.2354648313875725,3.739325061937041,0.0,0.0,0.0,0.0,0.0,0.0
221,-0.6908030707058161,-0.580351489434401,0.9683304070490254,-1.7157397060909094,18.50483307144737,9.705931973930245,-0.658095364378687,-0.668793828605851,0.9290811594564705,8.702162081063127,8.021459326698999,11.79560322108642,0.04122340789664183,-0.9213082572474709,0.9228168542079269,3.4114642072867727,8.66830811597554,8.404910311164029,0.6095255074559501,-0.6587073559700197,0.9054260162716982,-0.018833057585673527,5.250149359618055,3.7538953916817404,0.0,0.0,0.0,0.0,0.0,0.0
222,-0.6934781206062249,-0.57703492643582,0.9713098879975874,-1.6553217370671742,18.568782677281835,9.688673519587038,-0.6604859277613692,-0.6669710737016582,0.9317192565837604,8.728047231404656,8.045334032296783,11.803641939552229,0.03877811129552894,-0.9217902934158286,0.9254193336815274,3.4165672493421035,8.696274796367247,8.422010966548724,0.6073086340160754,-0.6612422096151221,0.9079665701336096,-0.019034082265091443,5.2647197652630915,3.7684107210299214,0.0,0.0,0.0,0.0,0.0,0.0
223,-0.6961416317308764,-0.573644471734819,0.9742653061171824,-1.5940268445672245,18.632351684106585,9.670672201576995,-0.6628686851047707,-0.6650895685427382,0.9343377701658555,8.75376212247307,8.069052956565343,11.811117149463394,0.03629963352079341,-0.922230112807146,0.9280021505451617,3.4215346602074055,8.724098051083738,8.438843685383514,0.6050306011754336,-0.6637673239034414,0.9104876813611498,-0.01923670586020033,5.279175363044407,3.7828697945394327,0.0,0.0,0.0,0.0,0.0,0.0
224,-0.6987933325159966,-0.5701801033825072,0.9771963361056889,-1.5318547087121281,18.69553356657682,9.65192771989018,-0.6652435332127806,-0.6631492951511694,0.9369365769418299,8.77930553487249,8.09261500726778,11.818027478775816,0.03378797089877751,-0.9226277167104944,0.9305651827854703,3.4263658515908566,8.75177659989016,8.455407186241791,0.6026913811858353,-0.6662824839503869,0.9129892306021506,-0.01944092829533279,5.293515460652947,3.7972713385493844,0.0,0.0,0.0,0.0,0.0,0.0
225,-0.701432947704971,-0.5666418068556028,0.9801026490551868,-1.4688051119454313,18.758321716771885,9.632439836917694,-0.6676103670901886,-0.6611502401886229,0.9395155523174481,8.804676233804498,8.116019078358814,11.824371573515098,0.031243123069600375,-0.9229831090435937,0.933108307091964,3.4310602372707484,8.779309142471806,8.47170018247931,0.6002909514772423,-0.6687874717870808,0.9154710972521684,-0.019646749209466297,5.307739358765731,3.8116140612492035,0.0,0.0,0.0,0.0,0.0,0.0
226,-0.7040601983682379,-0.5630295751258735,0.982983912479316,-1.4048779401624092,18.820709444661247,9.61220837793939,-0.6699690799421213,-0.6590923949787163,0.9420745703679763,8.82987296907376,8.139264049987174,11.830148097974401,0.028665093006015347,-0.923296296355034,0.9356313988598923,3.4356172332330894,8.806694358395726,8.48772138232029,0.5978292946939756,-0.6712820663723648,0.9179331594573521,-0.01985416795202182,5.321846351064996,3.825896652752907,0.0,0.0,0.0,0.0,0.0,0.0
227,-0.7066748019243548,-0.5593434087295054,0.9858397903420136,-1.3400731838403175,18.882689978598307,9.59123323161032,-0.6723195631738509,-0.6569757555291404,0.944613503841409,8.854894475097833,8.162348788501701,11.83535573491514,0.026053887032107315,-0.9235672878262432,0.9381343321935218,3.4400362578117436,8.833930907076871,8.503469488947454,0.595306398730791,-0.6737660436056737,0.920375294117711,-0.020063183578641525,5.335835724259617,3.8401177851785246,0.0,0.0,0.0,0.0,0.0,0.0
228,-0.7092764721622453,-0.5555833158363482,0.988669943087598,-1.2743909391690025,18.94425646584179,9.569514350445381,-0.6746617063909847,-0.6548003225535288,0.9471322241620852,8.87973947092107,8.185272146460939,11.839993185770245,0.02340951484180956,-0.9237960952731843,0.9406169799097989,3.4443167318310195,8.861017427748703,8.518943200595984,0.5927222567687948,-0.676239176340777,0.9227973768907572,-0.020273794846953973,5.349706758108735,3.854276112732728,0.0,0.0,0.0,0.0,0.0,0.0
229,-0.7118649192646388,-0.5517493123190619,0.9914740276722539,-1.2078314091820124,19.005401973105542,9.547051751302652,-0.6769953974000393,-0.6525661014931055,0.9496306014347345,8.904406660232926,8.208032962646628,11.84405917085045,0.020731989517256282,-0.9239827331478078,0.9430792135424352,3.4484580787508206,8.887952539438537,8.534141210651569,0.5900768673112202,-0.6787012344004031,0.9251992821955606,-0.020486000212324374,5.363458725447754,3.8683702718007167,0.0,0.0,0.0,0.0,0.0,0.0
230,-0.7144398498326979,-0.5478414218221113,0.994251697596875,-1.1403949048876356,19.066119487136074,9.52384551586469,-0.679320522209396,-0.6502731025380726,0.9521085044489127,8.92889473139036,8.230630062080683,11.847552429553144,0.01802132754695499,-0.9241272185392287,0.9455209033463783,3.4524597248142035,8.914734840947386,8.549062207752334,0.5873702342190364,-0.6811519845917354,0.9275808832171794,-0.02069979782359022,5.377090892216529,3.8823988810413104,0.0,0.0,0.0,0.0,0.0,0.0
231,-0.7170009669118425,-0.5438596758306145,0.9970026029413053,-1.0720818463998087,19.12640191531859,9.499895791118023,-0.6816369650306361,-0.6479213406487568,0.9545658006838578,8.953202357444601,8.253062256045993,11.850471720574028,0.01527754884378426,-0.9242295711746468,0.9479419183026979,3.4563210991974462,8.941362910834588,8.563704875894832,0.5846023667463938,-0.6835911907227932,0.929942051911496,-0.02091518551878417,5.390602517489898,3.8963605414873275,0.0,0.0,0.0,0.0,0.0,0.0
232,-0.7195479700187812,-0.5398041137390193,0.9997263903999689,-1.0028927640685144,19.186242086311402,9.47520278983069,-0.6839446082802687,-0.6455108355765071,0.957002356313754,8.977328196172174,8.27532834211091,11.852815822121595,0.012500676762813991,-0.9242898134200012,0.95034212612387,3.460041634162522,8.967835307407059,8.578067894544045,0.5817732795759001,-0.6860186136196954,0.9322826590104417,-0.021132160820845246,5.403992853510463,3.910253836651238,0.0,0.0,0.0,0.0,0.0,0.0
233,-0.7220805551697371,-0.5356747829195883,1.0024227033188833,-0.932828299609489,19.245632750708584,9.449766791027503,-0.6862433325818332,-0.6430416118843354,0.9594180362133986,9.001270890110181,8.297427104157418,11.854583532134262,0.009690738118945372,-0.9243079702803559,0.9527213932594645,3.463620765212002,8.994150568713343,8.592149938747365,0.5788829928537151,-0.6884340111448095,0.9346025740276128,-0.021350720933318107,5.417261145723652,3.92407733263609,0.0,0.0,0.0,0.0,0.0,0.0
234,-0.7245984149098905,-0.5314717387906764,1.0050911817340868,-0.8618892072327968,19.30456658173154,9.423588140463089,-0.6885330167683944,-0.6405136989673025,0.9618127039642916,9.025029066595998,8.319357312413109,11.85577366850025,0.006847763204369072,-0.9242840694000173,0.9550795849022439,3.467057931246373,9.020307212542441,8.605949679252621,0.5759315322244621,-0.6908371382157888,0.9369016652642916,-0.02157086273604325,5.430406632815107,3.9378295782517614,0.0,0.0,0.0,0.0,0.0,0.0
235,-0.7271012383440365,-0.5271950448847865,1.0077314624114582,-0.790076354770231,19.36303617594912,9.39666725109259,-0.6908135378854261,-0.6379271310726495,0.9641862218611256,9.048601337811236,8.341117723486882,11.856385069280316,0.003971785805836527,-0.9242181410623883,0.9574165649946612,3.470352574723723,9.046303736427467,8.619465782630197,0.5729189288659468,-0.6932277468255055,0.9391797998158511,-0.02179258278083573,5.443428546750314,3.9515091051365494,0.0,0.0,0.0,0.0,0.0,0.0
236,-0.7295887111684461,-0.5228447729163699,1.0103431788879436,-0.7173907248009659,19.42103405402647,9.369004603539604,-0.693084771194071,-0.6352819473196589,0.9665384509186935,9.071986300830076,8.362707080408398,11.856416592932977,0.001062843221750868,-0.9241102181895371,0.9597321962357662,3.4735041418217873,9.072138617654147,8.632696911399028,0.5698452195236738,-0.6956055860628655,0.941436843578564,-0.022015877287157565,5.456326112816561,3.965114427884031,0.0,0.0,0.0,0.0,0.0,0.0
237,-0.7320605157039639,-0.5184210028493726,1.0129259615141963,-0.6438334157754007,19.478552661502967,9.340600746561682,-0.6953465901748039,-0.6325781917192608,0.9688692508792042,9.095182537671997,8.384124112671316,11.855867118542694,-0.0018790237209362407,-0.9239603363415118,0.9620263400885166,3.4765120826023317,9.097810313274254,8.64564172415684,0.5667104465451638,-0.6979704021345328,0.9436726612568022,-0.02224074213778249,5.469098549667154,3.9786440441753532,0.0,0.0,0.0,0.0,0.0,0.0
238,-0.7345163309303174,-0.5139238229644881,1.0154794374986302,-0.5694056431367036,19.535584369599043,9.311456297512828,-0.697598866531473,-0.6298159131933646,0.9711784802200168,9.118188615358894,8.405367536280377,11.854735546050637,-0.004853770650015308,-0.9237685337153686,0.9642988567874997,3.479375851177859,9.123317260123969,8.658298875714324,0.5635146579140498,-0.7003219383875412,0.9458871163706375,-0.022467172874452615,5.4817450693679675,3.9920964349168333,0.0,0.0,0.0,0.0,0.0,0.0
239,-0.7369558325216509,-0.5093533299261072,1.0180032309528793,-0.4941087404398887,19.592121476051986,9.281571942803016,-0.6998414701957291,-0.6269951655939195,0.9734659961617732,9.141003085976518,8.426436053802124,11.853020796488037,-0.007861349631502281,-0.9235348511439231,0.9665496053470487,3.4820949058805724,9.14865787484716,8.670667017233306,0.5602579072839535,-0.7026599353328027,0.9480800712638296,-0.022695164693531226,5.494264877446221,4.005470064382909,0.0,0.0,0.0,0.0,0.0,0.0
240,-0.7393786928832969,-0.5047096288489419,1.0204969629386893,-0.4179441604679335,19.64815620598116,9.250948438354689,-0.7020742693318567,-0.6241160077217063,0.9757316546769611,9.163624486740494,8.447328354419664,11.850721812212468,-0.010901709153318303,-0.9232593320942382,0.9687784435697818,3.484668709433644,9.173830553923807,8.68274479636915,0.5569402540121365,-0.7049841306695266,0.9502513871122237,-0.022924712441651517,5.506657172941635,4.018763380364533,0.0,0.0,0.0,0.0,0.0,0.0
241,-0.7417845811897639,-0.4999928333643022,1.022960251516213,-0.34091347634485647,19.703680712782088,9.219586610055838,-0.7042971303419765,-0.6211785033448441,0.9779753104988684,9.18605134006656,8.468043113991001,11.84783755714648,-0.013974794109164121,-0.9229420226658148,0.9709852280555293,3.4870967291246595,9.198833673703286,8.69453085741699,0.5535617631929076,-0.7072942593105246,0.9524009239325264,-0.02315581061136174,5.518921148459769,4.031974814322863,0.0,0.0,0.0,0.0,0.0,0.0
242,-0.7441731634239722,-0.4952030656860016,1.0253927117937474,-0.26301838264509847,19.758687079050254,9.18748735420979,-0.7065099178716598,-0.6181827212170234,0.9801968171309726,9.208282153645488,8.488578995111421,11.84436701701918,-0.017080545782598794,-0.9225829715885222,0.973169814210685,3.4893784369813368,9.223665590442943,8.706023841462239,0.5501225056907908,-0.709590053408436,0.9545285405914987,-0.02338845333676736,5.53105599022777,4.045102781548448,0.0,0.0,0.0,0.0,0.0,0.0
243,-0.7465441024177113,-0.490340456675875,1.027793955978877,-0.18426069649918553,19.8131673175339,9.15465163798131,-0.7087124948159165,-0.6151287350954503,0.9823960268567231,9.230315420522256,8.508934647179547,11.84030919961021,-0.02021890183131539,-0.9221822302202343,0.975332056257951,3.4915133099493607,9.248324640351624,8.717222386534988,0.5466225581734376,-0.7118712423828408,0.9566340948155272,-0.02362263438917425,5.543060878152308,4.058145681325721,0.0,0.0,0.0,0.0,0.0,0.0
244,-0.7488970578933378,-0.4854051459088806,1.03016359343105,-0.10464235869509864,19.867113372116393,9.121080499838996,-0.7109047223255821,-0.6120166237585039,0.9845727907497431,9.252149619179802,8.52910870646733,11.835663134996432,-0.023389796271624415,-0.9217398525441876,0.9774718072464916,3.4935008300723847,9.272809139638438,8.728125127768546,0.5430620031442769,-0.7141375529482867,0.958717443200599,-0.023858347172730457,5.55493498587984,4.071101897102957,0.0,0.0,0.0,0.0,0.0,0.0
245,-0.7512316873407041,-0.480397280157091,1.0325012315484632,-0.024165409971495855,19.920517137841053,9.086775038881422,-0.7130864607882497,-0.6088464694521323,0.9867269596855178,9.27378322281966,8.549099804806112,11.830427871155687,-0.026593161266445762,-0.9212558948400441,0.9795889200453779,3.4953404881719017,9.29711739374871,8.73873070076581,0.5394409274073546,-0.71638870998705,0.9607784421790779,-0.024095584720677243,5.566677486310367,4.083969801442651,0.0,0.0,0.0,0.0,0.0,0.0
246,-0.7535476456102034,-0.4753170143102556,1.0348064753729742,0.05716799444761822,19.973370451668472,9.0517364212873,-0.7152575693247004,-0.6056183587253706,0.9888583838303707,9.295214694622688,8.568906565142338,11.824602476553187,-0.029828926184143675,-0.920730415852562,0.9816832468419717,3.4970317823282384,9.321247692539725,8.749037740010802,0.5357594229253079,-0.7186244361234513,0.9628169475316966,-0.024334339685853152,5.578287548819648,4.096747753619534,0.0,0.0,0.0,0.0,0.0,0.0
247,-0.7558445833677194,-0.4701645144552248,1.0370789260587556,0.13935553644538334,20.025665057289267,9.015965901947572,-0.7174179039331721,-0.6023323854538998,0.9909669107372989,9.316442470268058,8.588527585148446,11.818186049316042,-0.0330970141281389,-0.9201634774113717,0.9837546372725148,3.4985742113384704,9.345198292804092,8.759044872936204,0.5320175898487248,-0.7208444501448894,0.9648328125686004,-0.024574604336614805,5.589764328895224,4.109434090699527,0.0,0.0,0.0,0.0,0.0,0.0
248,-0.758122148428645,-0.4649399554970609,1.039318182216135,0.22239477225552662,20.077392635572565,8.979464807725265,-0.7195673189904631,-0.5989886484516166,0.9930523868903167,9.337464972133402,8.607961450513436,11.811177710433299,-0.0363973446737491,-0.9195551439269262,0.9858029399385667,3.4999672801773096,9.368967432460856,8.768750725057497,0.5282155341417468,-0.7230484683353202,0.9668258896050304,-0.024816370556703125,5.601106976550666,4.122027135101342,0.0,0.0,0.0,0.0,0.0,0.0
249,-0.7603799858208276,-0.4596435211905132,1.0415238399861253,0.30628313187817824,20.12854480603814,8.942234537656747,-0.7217056672784208,-0.5955872514568483,0.9951146577352372,9.358280609572404,8.627206735192438,11.80357660392291,-0.03972983388786215,-0.9189054823805095,0.9878280024373697,3.5012105002483493,9.39255333080343,8.778153920208904,0.524353367583081,-0.7252362045230043,0.9687960299909627,-0.025059629841061522,5.61231463649803,4.134525194879211,0.0,0.0,0.0,0.0,0.0,0.0
250,-0.7626177378358621,-0.45427540419518464,1.0436954931034972,0.3910179181216433,20.179113128064262,8.904276563318573,-0.7238327999958685,-0.5921283031422825,0.997153567695505,9.378887779055788,8.64626200152802,11.795381897071513,-0.04309439432127548,-0.9182145623189536,0.9898296713775385,3.502303389583781,9.41595418861184,8.787253080733684,0.5204312077906866,-0.7274073701161302,0.9707430841264726,-0.02530437329164494,5.623386448238938,4.146926563937315,0.0,0.0,0.0,0.0,0.0,0.0
251,-0.7648350440815782,-0.44883580613006185,1.0458327329612125,0.4765963056520084,20.22908910212402,8.86559242918906,-0.7259485667709171,-0.5886119171245651,0.9991689601884192,9.39928486431673,8.665125800375236,11.786592780676383,-0.046490935001273596,-0.9174824558490832,0.9918077923951367,3.5032454730457943,9.439168188270308,8.79604682767826,0.5164491782461044,-0.7295616741393005,0.9726669014774725,-0.025550591613242756,5.634321546157848,4.159229522249314,0.0,0.0,0.0,0.0,0.0,0.0
252,-0.7670315415357104,-0.44332493762738356,1.047935148676216,0.563015340050983,20.278464171049997,8.826183753004345,-0.7280528156736569,-0.5850382119735681,1.0011606776417519,9.41947023650075,8.68379667123051,11.77720846928957,-0.04991936142444044,-0.9167092376318863,0.9937622101701374,3.5040362825295506,9.462193493890236,8.804533780990194,0.5124074083184255,-0.7316988232708772,0.9745673305918263,-0.025798275109321457,5.645119059617456,4.1714323360830505,0.0,0.0,0.0,0.0,0.0,0.0
253,-0.769206864600737,-0.4377430183858303,1.050002327156555,0.6502719368821737,20.327229721326773,8.786052226108808,-0.730145393229211,-0.5814073112213184,1.003128561510724,9.439442254319777,8.70227314236401,11.767228201463977,-0.05337957554970029,-0.9158949848764014,0.9956927684432426,3.5046753571676885,9.485028251438353,8.812712559719792,0.5083060332878877,-0.7338185218811658,0.976444219115813,-0.026047413677882263,5.655778113056147,4.183533258230256,0.0,0.0,0.0,0.0,0.0,0.0
254,-0.771360645159906,-0.4320902772230004,1.0520338531698705,0.7383628807664442,20.375377084412115,8.745199613799654,-0.7322261444311748,-0.5777193433705904,1.005072452295393,9.459199264210792,8.720553730956048,11.756651240001608,-0.056871475791603524,-0.9150397773333321,0.997599310033103,3.5051622435363523,9.50767058887046,8.820581782225585,0.5041451943690912,-0.7359204720714657,0.9782974138109802,-0.026297996807343727,5.666297826087647,4.195530528241429,0.0,0.0,0.0,0.0,0.0,0.0
255,-0.7734925126344244,-0.42636695212716025,1.0540293094132034,0.8272848244664974,20.422897538085728,8.703627755665506,-0.7342949127554158,-0.573974441903156,1.0069921895583929,9.478739600498695,8.7386369432369,11.745476872203724,-0.060394957013842294,-0.9141436972883756,0.9994816768538864,3.5054964958626367,9.530118616270336,8.828140066383426,0.49992503873382665,-0.7380043737139506,0.9801267605713373,-0.0265500135724398,5.676677313602664,4.207422372665691,0.0,0.0,0.0,0.0,0.0,0.0
256,-0.7756020940418241,-0.4205732903082322,1.0559882765841488,0.9170342879812745,20.46978230782645,8.66133856591884,-0.7363515401742555,-0.5701727452876928,1.0088876119430668,9.498061585563596,8.756521274630533,11.73370441012312,-0.06394991052301405,-0.9132068295552869,1.001339709933236,3.50567767623345,9.552370425994233,8.835386029799443,0.4956457195335064,-0.7400699244924112,0.9819321044409275,-0.026803452630146885,5.686915685872677,4.219207005295783,0.0,0.0,0.0,0.0,0.0,0.0
257,-0.7776890140554826,-0.41470954824800754,1.0579103334533349,1.0076076576504152,20.516022568217124,8.618334033722068,-0.7383958671710062,-0.5663143969873441,1.0107585571919633,9.517163530012404,8.77420520990191,11.721333190818195,-0.06753622406261714,-0.912229261468645,1.00317324943058,3.5057053548056953,9.574424092820628,8.842318290026494,0.4913073959211901,-0.7421168199438223,0.9837132896317466,-0.02705830221563198,5.6970120486557425,4.230882627417998,0.0,0.0,0.0,0.0,0.0,0.0
258,-0.7797528950653065,-0.40877599174954327,1.0597950569382173,1.0990011852693602,20.56160944437732,8.57461622350705,-0.7404277327548814,-0.5623995454669283,1.012604862165707,9.53604373285479,8.791687223307985,11.708362576608984,-0.07115378180729384,-0.9112110828763494,1.0049821346558194,3.5055791100177545,9.596277674105497,8.84893546478441,0.4869102330731931,-0.7441447535007549,0.9854701595420241,-0.027314550138226965,5.706965503304363,4.242447428067169,0.0,0.0,0.0,0.0,0.0,0.0
259,-0.7817933572395787,-0.4027728959857393,1.0616420221782057,1.19121098721528,20.606534013424046,8.530187275288025,-0.7424469744762774,-0.5584283441998026,1.0144263628622443,9.554700481683469,8.808965778752421,11.694791955335191,-0.07480246435731724,-0.9101523861318426,1.0067662040883745,3.505298528802226,9.61792920994303,8.855236172183897,0.48245440221027885,-0.7461534165346283,0.9872025567748584,-0.027572183777431467,5.716775146875399,4.253899584286674,0.0,0.0,0.0,0.0,0.0,0.0
260,-0.7838100185879429,-0.3967005455470461,1.0634508026110852,1.284233043584508,20.650787305959902,8.485049404967572,-0.7444534284424086,-0.5544009516743641,1.016222894436444,9.573132052858801,8.82603932994393,11.680620740615899,-0.07848214873332247,-0.9090532660860392,1.0085252953965904,3.504863206799795,9.639376723331768,8.861219030953999,0.47794008061840954,-0.7481424983997832,0.9889103231571998,-0.02783119007894695,5.726440072241964,4.265237261393355,0.0,0.0,0.0,0.0,0.0,0.0
261,-0.7858024950255386,-0.3905592344882962,1.0652209700507467,1.3780631973416702,20.69436030758881,8.439204904635499,-0.7464469293333067,-0.5503175314001975,1.0179942912200686,9.591336711697664,8.842906320558217,11.665848372111109,-0.08219270837128302,-0.9079138200789804,1.0102592454575012,3.5042727485742753,9.660618220346215,8.866882660673145,0.47336745166906175,-0.7501116864783858,0.9905932997591846,-0.02809155555073711,5.735959368207354,4.2764586132474065,0.0,0.0,0.0,0.0,0.0,0.0
262,-0.7877704004382798,-0.3843492663746241,1.0669520947662168,1.4726971534810547,20.73724396045936,8.392656142860613,-0.7484273104181892,-0.5461782519138618,1.019740386742108,9.609312712666688,8.859565184403667,11.650474315785186,-0.0859340131177419,-0.9067341479312139,1.011967890376956,3.5035267678286974,9.681651690313993,8.872225682003897,0.46873670483909063,-0.7520606662261607,0.9922513269138172,-0.028353266259124994,5.7453321196209455,4.287561782527218,0.0,0.0,0.0,0.0,0.0,0.0
263,-0.7897133467492562,-0.3780709543264491,1.0686437455619668,1.5681304782006462,20.779429164835207,8.345405564974907,-0.750394403572174,-0.5419832867843127,1.0214610137494682,9.627058299579712,8.876014345590544,11.634498064171822,-0.08970592922528635,-0.9055143519348798,1.013651065510087,3.5026248876224075,9.702475105998406,8.877246716931063,0.46404803573013187,-0.7539891212189318,0.9938842442369926,-0.028616307824922305,5.754557407496059,4.298544901009047,0.0,0.0,0.0,0.0,0.0,0.0
264,-0.7916309439862694,-0.37172462106349835,1.0702954898595085,1.6643585980891986,20.82090678069286,8.297455693350285,-0.7523480392933559,-0.5377328146179573,1.0231560042280121,9.644571705799512,8.892252218703836,11.617919136640808,-0.09350831934827905,-0.9042545368445254,1.0153086054821354,3.501566740589111,9.723086423786576,8.881944389003479,0.4593016460875361,-0.7558967331999868,0.9954918906478621,-0.02888066541959531,5.763634309129786,4.309406089851625,0.0,0.0,0.0,0.0,0.0,0.0
265,-0.7935228003504848,-0.36531059894783846,1.071906893780251,1.7613767993268405,20.861667629346314,8.24880912766736,-0.754288046720241,-0.5334270190633414,1.0248251894239584,9.661851154443802,8.908277208979689,11.600737079666407,-0.0973410425388429,-0.9029548098676339,1.016940344209619,3.5003519691558185,9.743483583883034,8.886317323579195,0.4544977438188241,-0.7577831821282484,0.997074104389533,-0.029146323761465753,5.77256189822473,4.320143459885582,0.0,0.0,0.0,0.0,0.0,0.0
266,-0.795388522286204,-0.3588292300258951,1.0734775222296433,1.8591802268996425,20.901702495098974,8.199468545176448,-0.7562142536495319,-0.5290660888154648,1.0264683998656368,9.678894858595536,8.924087712485512,11.582951467097372,-0.1012039542431025,-0.9016152806548771,1.018546114921857,3.498980225762628,9.763664510508974,8.890364148074216,0.44963654301165484,-0.7596481462272539,0.9986307230501161,-0.029413267111956933,5.781339245012717,4.330755111907706,0.0,0.0,0.0,0.0,0.0,0.0
267,-0.7972277145517267,-0.3522808660694267,1.0750069389825327,1.9577638838285036,20.941002126921674,8.149436700950174,-0.7581264865542552,-0.5246502176197161,1.0280854653855669,9.695701021517237,8.93968211630342,11.564561900428355,-0.10509690629767822,-0.9002360612900748,1.0201257501828123,3.4974511730832365,9.7836271121068,8.894083492214524,0.44471826395129516,-0.7614913020349264,1.0001615835840851,-0.029681479271873788,5.789965416380311,4.341239136979944,0.0,0.0,0.0,0.0,0.0,0.0
268,-0.7990399802913328,-0.3456658686154281,1.0764947067698025,2.0571226304130263,20.979557240157966,8.098716428127934,-0.7600245706022571,-0.5201796042754329,1.0296762151429115,9.71226783686981,8.955058798717499,11.54556800907305,-0.10901974692645253,-0.8988172662798894,1.0216790819133008,3.4957644842462177,9.8033692815505,8.897473988291715,0.439743133137579,-0.7633123244541588,1.0016665223339887,-0.02995094357772921,5.798439475996339,4.351593616733242,0.0,0.0,0.0,0.0,0.0,0.0
269,-0.8008249211083354,-0.33898460900494226,1.0779403873662172,2.15725118349048,21.017358518255314,8.047310638151686,-0.7619083296750235,-0.5156544526390796,1.0312404776462432,9.728593488935262,8.970216129404387,11.525969450638568,-0.11297232073758262,-0.8973590125432215,1.0232059414135088,3.493919843056866,9.8228888963613,8.900534271421787,0.4347113833013541,-0.765110886804168,1.0031453750524673,-0.03022164289811567,5.8067604844411465,4.361816623676029,0.0,0.0,0.0,0.0,0.0,0.0
270,-0.8025821371392239,-0.332237468420742,1.0793435416795005,2.25814411571068,21.054396614522695,7.995222320993013,-0.7637775863868592,-0.5110749716270379,1.032778080776663,9.744676152843807,8.985152469627463,11.505765911201333,-0.11695446872078875,-0.8958614194003357,1.0247061593858633,3.491916944219684,9.842183818929067,8.903262979807415,0.42962325342039787,-0.766886660872647,1.0045979769246098,-0.030493559630119547,5.814927499337792,4.371906221507436,0.0,0.0,0.0,0.0,0.0,0.0
271,-0.8043112271288834,-0.3254248379238649,1.0807037298406277,2.3597958548269586,21.090662153914366,7.9424545453713655,-0.7656321621044071,-0.5064413752180116,1.0342888518112563,9.76051399480503,8.99986617243458,11.484957105584373,-0.12096602824490393,-0.8943246085617035,1.0261795659582225,3.489755493561347,9.861251896739189,8.905658755003516,0.4244789887347996,-0.7686393169686961,1.0060241625906252,-0.030766675695787712,5.82293957548505,4.3818604654351905,0.0,0.0,0.0,0.0,0.0,0.0
272,-0.806011788506868,-0.31854711848896355,1.082020511295304,2.4622006830038465,21.12614573483912,7.889010458963033,-0.7674718769665002,-0.5017538824550353,1.0357726174468627,9.776105172343144,9.01435558285911,11.463542777635725,-0.1250068330556911,-0.8927487041165549,1.0276259907073864,3.4874352082541007,9.88009096260496,8.907720242185958,0.41927884076179006,-0.7703685239765162,1.007423766168824,-0.031040972538639577,5.830795764992163,4.391677402498072,0.0,0.0,0.0,0.0,0.0,0.0
273,-0.807683417464744,-0.3116047210384529,1.0832934448966496,2.565352736141854,21.160837930995648,7.834893288600943,-0.7692965499043667,-0.49701271744709435,1.037229203824197,9.791447834536493,9.02861903812469,11.441522700508376,-0.12907671327393613,-0.8911338325211673,1.0290452626829476,3.4849558170395767,9.898698834905694,8.909446090423724,0.41402306731001964,-0.7720739494098883,1.0087966212789297,-0.03131643112023355,5.838495117415478,4.401355071893057,0.0,0.0,0.0,0.0,0.0,0.0
274,-0.8093257090344578,-0.30459806647542204,1.0845220889990403,2.669246003219788,21.194729293232832,7.780106340464878,-0.7711059986621501,-0.49221810937034055,1.0386584365522713,9.806540122260968,9.042654867853162,11.418896676941092,-0.1331754953938043,-0.8894801225868515,1.0304372104314377,3.4823170604528624,9.91707331783019,8.910834952954025,0.40871193249326576,-0.7737552594673914,1.0101425610656816,-0.03159303191678649,5.8460366798967485,4.410891505306891,0.0,0.0,0.0,0.0,0.0,0.0
275,-0.8109382571677546,-0.2975275857152826,1.085706001553125,2.7738743256551928,21.227810351435544,7.724653000262039,-0.7729000398177784,-0.48737029246891106,1.0400601407331536,9.821380168437646,9.05646139427611,11.395664539540626,-0.13730300228147735,-0.8877877054676739,1.0318016620208095,3.4795186910468536,9.93521220162594,8.911885487460754,0.40334570674356607,-0.7754121190883939,1.011461418222762,-0.031870754915846004,5.853419497303254,4.420284727252276,0.0,0.0,0.0,0.0,0.0,0.0
276,-0.8125206548166183,-0.2903937197161248,1.0868447402019856,2.87923139668324,21.260071616435376,7.668536733397689,-0.7746784888041607,-0.4824695060553381,1.0414341409870365,9.835966098284366,9.07003693244972,11.371826151064894,-0.14145905317406965,-0.8860567146478892,1.033138445065216,3.476560473616739,9.953113262853769,8.91259635635597,0.39792466682375827,-0.7770441920097827,1.012753025017013,-0.03214957961302403,5.860642612369604,4.4295327554084665,0.0,0.0,0.0,0.0,0.0,0.0
277,-0.8140724940147196,-0.2831969195077574,1.0879378623784381,2.985310760754664,21.291503581945975,7.611761085135754,-0.776441159930708,-0.4775159945105537,1.0427802614776243,9.850296029571407,9.083379790473042,11.347381404707232,-0.14564346367881895,-0.8842872859290969,1.0344473867501132,3.47344218542462,9.970774264648162,8.91296622706451,0.3924490958394274,-0.7786511408234388,1.0140172133129663,-0.03242948500878456,5.867705065841274,4.438633600966346,0.0,0.0,0.0,0.0,0.0,0.0
278,-0.8155933659598682,-0.27593764621940037,1.0889849254034463,3.092105812953049,21.322096726522894,7.554329680749131,-0.77818786640518,-0.47251000728348175,1.0440983259378205,9.864368072881074,9.096488269709583,11.322330224381549,-0.14985604577255873,-0.8824795574171139,1.0357283138576512,3.470163616424115,9.988192956983015,8.912993772311568,0.3869192832502438,-0.7802326270344396,1.0152538145976588,-0.032710449605296676,5.874605896619793,4.447585268977823,0.0,0.0,0.0,0.0,0.0,0.0
279,-0.8170828610974586,-0.26861637110600145,1.0899854865856518,3.1996097984321334,21.35184151554769,7.496246225659516,-0.7799184203558607,-0.4674517988902145,1.0453881576957342,9.878180331871311,9.109360665012263,11.296672565008507,-0.1540966078014784,-0.8806336695085714,1.0369810527923777,3.4667245694849362,10.005367076943024,8.912677670413343,0.3813355248806806,-0.781788311119997,1.016462660005747,-0.03299245140334585,5.881344141909611,4.456385758709639,0.0,0.0,0.0,0.0,0.0,0.0
280,-0.818540569204893,-0.2612335755731488,1.0909391033219953,3.307815811873546,21.380728403235985,7.4375145055666,-0.7816326328540494,-0.46234162891277014,1.046649579700983,9.891730903543293,9.121995264951693,11.270408412802455,-0.15836495448116827,-0.8787497648772314,1.0382054296072398,3.4631248606173606,10.022294349000642,8.91201660557061,0.3756981229301036,-0.7833178525891094,1.0176435803449124,-0.03327546789931189,5.887918837366613,4.465033064001441,0.0,0.0,0.0,0.0,0.0,0.0
281,-0.8199660794769686,-0.25378975120055614,1.0918453331994067,3.4167167969652885,21.408747834669118,7.378138386566402,-0.7833303139368709,-0.4571797619974306,1.0478824145512895,9.905017878512817,9.134390352047713,11.243537785559209,-0.1626608868969522,-0.8768279884600237,1.0394012700298694,3.4593643191964594,10.038972485298487,8.911009268165191,0.3700073859822207,-0.7848209100429264,1.0187964061215469,-0.033559476082217515,5.894329017248218,4.473525173628111,0.0,0.0,0.0,0.0,0.0,0.0
282,-0.821358980612218,-0.24628539976408284,1.0927037340975587,3.526305545901673,21.435890247849066,7.318121815258488,-0.7850112726303984,-0.4519664678526492,1.0490864845193757,9.918039341285642,9.146544203004126,11.216060732944454,-0.1669842025045124,-0.8748684874428015,1.040568399489163,3.455442788186087,10.055399185937311,8.909654355059242,0.36426362901388154,-0.7862971412358146,1.019920967566721,-0.03384445243083498,5.9005737145650645,4.481860071666281,0.0,0.0,0.0,0.0,0.0,0.0
283,-0.8227188609001981,-0.23872103325627547,1.0935138642926812,3.6365746989050756,21.46214607577691,7.257468818842119,-0.7866753169730973,-0.44670202124653846,1.0502616115801604,9.930793370536763,9.158455088946907,11.18797733678305,-0.17133469513080965,-0.8728714112458316,1.0417066431421578,3.4513601243625374,10.07157213926961,8.907950569897512,0.35846717340321954,-0.7877462031371277,1.0210170946624382,-0.0341303729108719,5.906651961234337,4.490035737865066,0.0,0.0,0.0,0.0,0.0,0.0
284,-0.8240453083096917,-0.23109717390538184,1.0942752825623732,3.747516743770003,21.487505748553353,7.196183505200742,-0.7883222540395631,-0.44138670200391306,1.051407617438219,9.943278039393354,9.17012127566528,11.159287711348584,-0.17571215497529602,-0.8708369115089886,1.042815825901171,3.447116198537733,10.08748902219855,8.905896623412136,0.352618346937118,-0.7891677519936504,1.0220846171681524,-0.034417212972229376,5.912562788234542,4.498050148020805,0.0,0.0,0.0,0.0,0.0,0.0
285,-0.8253379117402966,-0.22341435148929534,1.0949875494121588,3.859124058063639,21.51195972178113,7.13427004392786,-0.7899518913814293,-0.4360207926152457,1.0525243249815182,9.955491429120697,9.181541036374831,11.129991996193624,-0.18011637126025867,-0.8687651416220558,1.0438957738608095,3.442710899671543,10.103147514337472,8.903491238200838,0.34671748134932545,-0.7905614445742744,1.023123366009076,-0.034704947588847575,5.918305233512467,4.5059012810163805,0.0,0.0,0.0,0.0,0.0,0.0
286,-0.8265962602228304,-0.2156731054063113,1.0956502263225485,3.971388876313931,21.535498458591718,7.071732680865715,-0.7915640359879347,-0.4306045800166886,1.053611557240674,9.967431619342062,9.192712642559131,11.100090361915026,-0.18454713026457903,-0.8666562570526692,1.0449463132766401,3.4381441322688313,10.118545287865368,8.900733145598007,0.3407649141781458,-0.7919269373316051,1.024133172282731,-0.034993551220444945,5.923878336331687,4.513587114111873,0.0,0.0,0.0,0.0,0.0,0.0
287,-0.8278199415830665,-0.2078739880057587,1.096262874481112,4.084303237328122,21.558112399548904,7.008575761517669,-0.7931584925634166,-0.4251383585321096,1.0546691356575324,9.97909667181493,9.203634348786078,11.069583019686025,-0.1890042120511466,-0.864510415890875,1.045967268866008,3.4334158117436484,10.133679990787712,8.89762108050664,0.33476099181367835,-0.7932638850149825,1.0251138656060896,-0.03528299775986092,5.929281127867008,4.521105615151734,0.0,0.0,0.0,0.0,0.0,0.0
288,-0.8290085437964021,-0.20001756166322557,1.0968250561092223,4.197859030154966,21.579791993386962,6.94480371038939,-0.7947350650824498,-0.41962242729266613,1.0556968816524797,9.99048464520505,9.214304406484743,11.038470213542919,-0.19348739332024312,-0.8623277783415424,1.0469584653465318,3.4285258687783036,10.148549262251947,8.894153786579508,0.32870606683481857,-0.7945719420183546,1.0260652756123385,-0.0355732605789164,5.934512639728628,4.52845475018927,0.0,0.0,0.0,0.0,0.0,0.0
289,-0.8301616550820663,-0.19210439878173477,1.0973363345727214,4.312047993905104,21.600527699253067,6.88042103094395,-0.7962935568190226,-0.4140570902235473,1.056694616657069,10.001593595424513,9.224721064236299,11.006752220641744,-0.19799644742110525,-0.860108506707227,1.0479197274683096,3.423474249548603,10.163150732913016,8.89033001654255,0.32260049800454305,-0.7958507624479412,1.0269872319823132,-0.035864312526328664,5.939571904144728,4.535632483891246,0.0,0.0,0.0,0.0,0.0,0.0
290,-0.8312788639970204,-0.18413508179372956,1.0977962744923848,4.426861717557521,21.6203099889445,6.815432305562049,-0.7978337703746728,-0.40844265603246593,1.0576621621455675,10.012421575960778,9.234882568056237,10.97442935152172,-0.20253114436135525,-0.8578527653712126,1.048850880045058,3.4182609159443396,10.177482025291242,8.886148532516287,0.31644465026673185,-0.797100000189364,1.0278795644749013,-0.03615612592567941,5.944457954138151,4.542636779939676,0.0,0.0,0.0,0.0,0.0,0.0
291,-0.8323597595305694,-0.17611020316133766,1.0982044418551382,4.5422916397917215,21.639129349163298,6.749842195489266,-0.799355507706868,-0.4027794381976965,1.0585993396666966,10.022966638208764,9.244787161679053,10.941501950368375,-0.2070912508167271,-0.8555607207802983,1.0497517479854441,3.4128858457884266,10.191540754135126,8.881608106339204,0.31023889474224403,-0.7983193089753078,1.0287421029576262,-0.03644867257347107,5.949169823704085,4.549465601436782,0.0,0.0,0.0,0.0,0.0,0.0
292,-0.8334039311996946,-0.1680303653749153,1.0985604041260635,4.658329048846037,21.65697628378915,6.68365544077062,-0.8008585701576326,-0.39706775495567886,1.059505970875589,10.033226831806195,9.254433086845655,10.9079703952765,-0.21167653014108245,-0.8532325414273522,1.0506221563246303,3.4073490330546945,10.205324526789228,8.876707519893131,0.3039836087242532,-0.7995083424537146,1.0295746774374404,-0.036741923737276284,5.9537065479889275,4.556116911313124,0.0,0.0,0.0,0.0,0.0,0.0
293,-0.8344109691450713,-0.15989618094981864,1.0988637303611335,4.774965082402654,21.67384131616918,6.616876860171814,-0.8023427584824138,-0.3913079292881601,1.0603818775659444,10.043200204971935,9.263818583593295,10.873835098512643,-0.21628674237672638,-0.8508683978336142,1.0514619302560113,3.401650488084189,10.218830943566987,8.871445565430497,0.2976791756728192,-0.80066675425649,1.030377118091706,-0.037035850153979435,5.958067163470147,4.5625886727387925,0.0,0.0,0.0,0.0,0.0,0.0
294,-0.8353804642277639,-0.15170827242140472,1.0991139913206665,4.8921907274994805,21.689714991424687,6.549511351087446,-0.8038078728791865,-0.3855002889088981,1.0612268817023736,10.052884804847398,9.272941890547967,10.839096506777317,-0.22092164426501665,-0.8484684625307671,1.0522708951631388,3.3957902377999147,10.232057598128426,8.865821045903473,0.2913259852086994,-0.8017941980687171,1.0311492552993557,-0.03733042202811718,5.962250708137171,4.568878849537622,0.0,0.0,0.0,0.0,0.0,0.0
295,-0.836312008126567,-0.14346727233821294,1.0993107595834686,5.0099968204696275,21.704587878774127,6.481563889435567,-0.8052537130177835,-0.3796451662499,1.0620408054529284,10.062278677840851,9.281801245219276,10.803755101466527,-0.22558098925727157,-0.8460329100427568,1.0530488766518271,3.389768325919906,10.245002077862722,8.859832775294784,0.2849244331063788,-0.8028903276983541,1.031890919672229,-0.03762560903031633,5.966256221673214,4.574985406604299,0.0,0.0,0.0,0.0,0.0,0.0
296,-0.8372051934360017,-0.1351738232533209,1.0994536096616732,5.12837404690878,21.71845057387243,6.413039529538892,-0.8066800780694666,-0.3737428984472149,1.062823471221831,10.071379869974791,9.290394884297827,10.767811398932958,-0.23026452752598023,-0.8435619168673921,1.0537957005824508,3.3835848131686226,10.257661964275728,8.853479578950404,0.2784749212863246,-0.8039547971464305,1.032601942086596,-0.03792138029582928,5.9700827456381464,4.58090631032442,0.0,0.0,0.0,0.0,0.0,0.0
297,-0.8380596137649002,-0.12682857771384462,1.0995421181161915,5.247312941670753,21.731293701165157,6.343943403992034,-0.8080867667367011,-0.36779382732626503,1.0635747016823525,10.080186427236017,9.298721043954831,10.731265950746247,-0.23497200597630344,-0.8410556614576891,1.0545111931023974,3.37723977748647,10.27003483338215,8.846760293913675,0.2719778578064436,-0.8049872606776891,1.0332821537148327,-0.03821770442317227,5.973729323652185,4.586639528997222,0.0,0.0,0.0,0.0,0.0,0.0
298,-0.8388748638356157,-0.1184321982485583,1.0995758636728241,5.36680388889191,21.743107916258428,6.274280723515086,-0.8094735772831708,-0.3617982993867216,1.0642943198098902,10.088696395928682,9.30677796014422,10.694119343952845,-0.23970316825788596,-0.8385143242030023,1.055195180678702,3.370733314237452,10.282118256102594,8.839673769261259,0.26543365685274584,-0.8059873728917071,1.0339313860572676,-0.03851454947287201,5.977195001580519,4.592183033261158,0.0,0.0,0.0,0.0,0.0,0.0
299,-0.8396505395837875,-0.10998535735360962,1.099554427338948,5.486837122044664,21.75388390830279,6.204056776792926,-0.810840307563988,-0.35575666578691517,1.0649821489151883,10.096907823029966,9.31456386890691,10.656372201334792,-0.24445775477696277,-0.8359380874099058,1.0558474901308355,3.3640655364148055,10.293909798665283,8.832218866440371,0.2588427387291925,-0.8069547887944437,1.034549470974183,-0.03881188296630735,5.980478827718763,4.5975347965220115,0.0,0.0,0.0,0.0,0.0,0.0
300,-0.8403862382586751,-0.10148873747631271,1.0994773925207872,5.607402724020548,21.76361240239151,6.133276930300454,-0.8121867550561268,-0.3496692823277885,1.0656380126777294,10.104818756548548,9.322077006677386,10.618025181667829,-0.2492355027087735,-0.8333271352828576,1.0564679486636477,3.357236574844569,10.305407023012426,8.824394459607637,0.2522055298467347,-0.8078891638702321,1.0351362407179625,-0.0391096718846701,5.983579852979229,4.602692795383653,0.0,0.0,0.0,0.0,0.0,0.0
301,-0.8410815585240199,-0.09294303099699017,1.0993443451412366,5.728490627243299,21.772284161972376,6.061946628113386,-0.8135127168890532,-0.3435365094363814,1.0662617351792767,10.112427245885707,9.329315610592502,10.579078979978426,-0.2540361460102774,-0.8306816539046264,1.0570563839004674,3.350246578386982,10.316607487211277,8.816199435969205,0.24552246271152361,-0.8087901541541828,1.0356915279653922,-0.03940788266802685,5.986497131077985,4.607655010081239,0.0,0.0,0.0,0.0,0.0,0.0
302,-0.8417361005594308,-0.08434894020884665,1.0991548737582075,5.850090613812299,21.779889991272636,5.990071391704635,-0.8148179898755628,-0.3373587121488527,1.0668531409375657,10.119731342199042,9.3362779188024,10.539534327799919,-0.2588594154331768,-0.8280018312165017,1.0576126239163433,3.3430957141356443,10.327508745869741,8.807632696122283,0.23879397591229026,-0.8096574163049984,1.036215165850096,-0.03970648121449449,5.989229718722669,4.612419424916865,0.0,0.0,0.0,0.0,0.0,0.0
303,-0.8423494661622483,-0.07570717729584622,1.0989085696834595,5.972192315676751,21.786420737736293,5.917656819725886,-0.8161023705428035,-0.33113626009302854,1.067412054940126,10.126729098768621,9.342962170783485,10.499391993427345,-0.26370503853724364,-0.8252878569982663,1.0581364972714127,3.3357841676142863,10.33810835055643,8.798693154397776,0.23202051410688126,-0.8104906076781764,1.0367069879950994,-0.0400054328795305,5.991776675800963,4.616984028697499,0.0,0.0,0.0,0.0,0.0,0.0
304,-0.8429212588499004,-0.06701846430857722,1.0986050271019303,6.094785214841155,21.79186729447394,5.8447085877745675,-0.8173656551635061,-0.32486952747048664,1.0679383026782572,10.133418571365759,9.349366607653604,10.458652782171328,-0.26857273970396006,-0.8225399228479632,1.0586278330444223,3.3283121429711677,10.348403850225347,8.78937973920426,0.2252025280079488,-0.8112893863995995,1.0371668285455318,-0.04030470247533285,5.994137065569817,4.62134681517524,0.0,0.0,0.0,0.0,0.0,0.0
305,-0.8434510839626868,-0.05828353313807977,1.0982438431914834,6.217858643602277,21.79622060272364,5.771232448145646,-0.8186076397873832,-0.318558893038165,1.0684317101811192,10.139797818624132,9.355489472489106,10.417317536610458,-0.27346224015045795,-0.8197582221614261,1.0590864608663586,3.320679863170918,10.358392791644887,8.779691393372886,0.21834047436778367,-0.812053411439484,1.0375945222014455,-0.04060425427036554,5.996309954845275,4.6255057834896816,0.0,0.0,0.0,0.0,0.0,0.0
306,-0.8439385487670046,-0.049503125487618704,1.0978246182430877,6.3414017848180615,21.7994716543232,5.697234229568597,-0.8198281202727231,-0.3122047400894993,1.0688921040499502,10.145864902413239,9.361329010643903,10.375387136842535,-0.27837325794377765,-0.8169429501116048,1.0595122109542046,3.3128875701837823,10.368072719831213,8.769627074503445,0.21143481596228372,-0.8127823426866881,1.037989904250746,-0.04090405198899036,5.998294414192893,4.629458938612411,0.0,0.0,0.0,0.0,0.0,0.0
307,-0.8443832625589729,-0.04067799284237117,1.0973469557813857,6.465403672209014,21.80161149419275,5.622719836928928,-0.8210268923181564,-0.30580745643508095,1.0693193114924058,10.151617888214203,9.366883470070483,10.332862500734215,-0.2833055080154354,-0.8140943036276663,1.0599049141448122,3.3049355251721817,10.377441178486016,8.75918575531131,0.2044860215740464,-0.8134758410233573,1.0383528106022424,-0.041204058811231535,6.000089518118781,4.633204291793495,0.0,0.0,0.0,0.0,0.0,0.0
308,-0.8447848367684402,-0.031808896437024003,1.0968104626856177,6.589853190692187,21.80263122282735,5.547695250974506,-0.8222037514945948,-0.2993674343828435,1.0697131603570031,10.157054845497775,9.37215110164275,10.289744584169245,-0.28825870217630084,-0.8112124813738874,1.0602644019288798,3.296824008674472,10.386495710438455,8.748366423975272,0.1974945659745876,-0.8141335683998943,1.0386830778187937,-0.04150423737265056,6.001694345261133,4.636739861009896,0.0,0.0,0.0,0.0,0.0,0.0
309,-0.8451428850633445,-0.0228966072212482,1.0962147493108827,6.714739076748327,21.80252199879883,5.472166528006326,-0.8233584932773345,-0.2928850707177657,1.0700734791676705,10.16217384810452,9.377130159480636,10.246034381295026,-0.2932325491317891,-0.808297683728331,1.060590506485029,3.288553320785834,10.39523385809132,8.737168084486168,0.19046092990566818,-0.8147551879102397,1.0389805431505537,-0.041804549764354645,6.003107978582261,4.640063671415709,0.0,0.0,0.0,0.0,0.0,0.0
310,-0.845457023454417,-0.013941905823035283,1.0955594296097082,6.840049918822524,21.801275041266695,5.3961397995537315,-0.8244909130783309,-0.2863607666810962,1.070400097158405,10.166972974627145,9.381818901276624,10.201732924767594,-0.2982267544973718,-0.8053501127613215,1.0608830607139896,3.2801237813362416,10.403653163871398,8.7255897569963,0.18338560005972887,-0.8153403638674561,1.0392450445683177,-0.04210495753312629,6.004329505561156,4.643173755794191,0.0,0.0,0.0,0.0,0.0,0.0
311,-0.8457268704001843,-0.0049455825098772,1.094844121253886,6.96577415775861,21.79888163249697,5.319621272033826,-0.8256008062786185,-0.2797949279490945,1.070692844308007,10.171450308794771,9.386215588623763,10.15684128599468,-0.3032410208143971,-0.8023699722137019,1.0611418982728567,3.271535730065317,10.411751170683777,8.713630478169375,0.17626906905942036,-0.8158887618795838,1.039476420796941,-0.04240542168167746,6.005358018386376,4.646068155011388,0.0,0.0,0.0,0.0,0.0,0.0
312,-0.8459520469122715,0.004091562852229558,1.0940684457565633,7.091900087267877,21.79533312038904,5.242617226395151,-0.8266879682608995,-0.27318796461129025,1.0709515513749166,10.17560393985934,9.390318487345578,10.11136057537713,-0.308275047566236,-0.7993574674749008,1.0613668536094467,3.2627895267941156,10.41952542237033,8.701289301531192,0.16911183543622513,-0.8164000489257786,1.039674511348849,-0.042705902669036636,6.006192614149429,4.648744918471414,0.0,0.0,0.0,0.0,0.0,0.0
313,-0.8461321766609474,0.013168720841974207,1.0932320285945372,7.218415854432184,21.7906209210092,5.165134017745244,-0.8277521944422637,-0.2665402911482539,1.0711760499321168,10.179431962983765,9.394125867827379,10.065291942548148,-0.31332853119473936,-0.7963128055607844,1.0615577619967198,3.2538855515936422,10.426973464172,8.688565297820649,0.16191440360816226,-0.8168738934326901,1.0398391565576153,-0.04300636041106849,6.006832395038437,4.651202104573143,0.0,0.0,0.0,0.0,0.0,0.0
314,-0.846266886080919,0.02228507252813114,1.0923344993307451,7.345309460242014,21.78473652113091,5.0871780749622815,-0.8287932803070593,-0.2598523264088844,1.0713661724021135,10.182932479632006,9.39763600534922,10.018636576610671,-0.318401165117016,-0.7932361950913163,1.0617144595672752,3.244824204950077,10.434092843195014,8.675457555341263,0.1546772838565719,-0.8173099653510854,1.039970197611607,-0.04330675428111963,6.007276468532157,4.653437781168329,0.0,0.0,0.0,0.0,0.0,0.0
315,-0.8463558044773408,0.03143978951719695,1.0913754917369158,7.4725687601698665,21.77767148078105,5.008755900290424,-0.8298110214399109,-0.2531244935872034,1.0715217520920002,10.186103597961015,9.400847180420456,9.971395706372665,-0.3234926397425411,-0.7901278462680248,1.0618367833479248,3.2356059079266175,10.440881108881015,8.661965180313073,0.14740099230196252,-0.8177079362327004,1.0400674765877016,-0.043607043110803795,6.007523947594304,4.655450026021066,0.0,0.0,0.0,0.0,0.0,0.0
316,-0.8463985641319893,0.040632034003262624,1.0903546439163188,7.600181464778959,21.769417435790924,4.929874068918876,-0.8308052135588482,-0.24635722019866305,1.0716426232285492,10.188943433214163,9.403757679115486,9.92357060058001,-0.32860264249057214,-0.7869879708512633,1.0619245712943002,3.2262311023217967,10.447335813480729,8.64808729722464,0.14008605087892806,-0.8180674793072866,1.0401308364850428,-0.043907185190919705,6.007573950868058,4.65723692726836,0.0,0.0,0.0,0.0,0.0,0.0
317,-0.8463948004096193,0.04986095882015368,1.0892715984266317,7.728135140368005,21.75996610035246,4.850539228544597,-0.8317756525485823,-0.23955093805596142,1.0717286209933874,10.191450108116513,9.406365793411146,9.875162568147335,-0.3337308578078995,-0.7838167821372928,1.0619776623255328,3.2167002508242692,10.453454512531472,8.633823049185377,0.13273298731011757,-0.8183882695598643,1.0401601212588605,-0.0442071382725082,6.007425602870852,4.658796583881916,0.0,0.0,0.0,0.0,0.0,0.0
318,-0.8463441519195706,0.05912570766692135,1.088126002452484,7.856417212369573,21.749309270802147,4.770758097715073,-0.8327221345691679,-0.23270608310995247,1.0717795816320006,10.193621753980402,9.408669822187305,9.826172957930744,-0.3388769673308019,-0.7806144949124514,1.0619958964313596,3.2070138372934665,10.459234766096552,8.619171598493955,0.12534233493534214,-0.8186699838663397,1.0401551759247187,-0.04450685957286307,6.007078034589297,4.660127106456375,0.0,0.0,0.0,0.0,0.0,0.0
319,-0.8462462617194553,0.06842541857743635,1.0869175089145278,7.985015020283127,21.737438852537466,4.690537441350083,-0.8336444575958183,-0.22582309273105722,1.0717953439661636,10.195456525285174,9.4106680848124,9.776603149788944,-0.3440406527899029,-0.7773813249760723,1.0619791161559522,3.197172369524744,10.4646741544102,8.60413213128483,0.11791462980209354,-0.818912302230176,1.0401158480015222,-0.04480630587213974,6.006530391681487,4.661226624153193,0.0,0.0,0.0,0.0,0.0,0.0
320,-0.8461007756132499,0.07775921838196098,1.085645774962134,8.113915729513257,21.724346822416003,4.609884109632594,-0.8345424189962055,-0.2189024100641396,1.0717757470216804,10.196952576938106,9.412358899875766,9.726454569600808,-0.34922159134433717,-0.7741174898598151,1.061927164270916,3.187176375199344,10.469770253593772,8.58870385078501,0.1104504153300865,-0.8191149059525621,1.0400419852487632,-0.04510543335607565,6.005781821621302,4.662093274491901,0.0,0.0,0.0,0.0,0.0,0.0
321,-0.845907342515217,0.08712622355652891,1.0843104623300412,8.243106344679308,21.71002523704277,4.528805031958475,-0.8354158159000469,-0.21194448340844244,1.071720630391837,10.198108067846015,9.413740588489109,9.675728687536017,-0.35441945622950655,-0.7708232087011705,1.0618398841320267,3.1770264025422406,10.474520639565798,8.572885978684107,0.10295024164046478,-0.8192774779799156,1.0399334360135162,-0.045404197641656256,6.004831475672425,4.662725205328235,0.0,0.0,0.0,0.0,0.0,0.0
322,-0.8456656150463447,0.09652554181253048,1.0829112379015968,8.372573734686291,21.694466246209288,4.447307205681689,-0.8362644459017733,-0.20494976499601678,1.071629834928111,10.19892116761622,9.414811480512384,9.6244270142228,-0.3596339180544294,-0.7674987020178341,1.0617171203569693,3.1667230215947324,10.47892289528029,8.556677757406984,0.09541466424464828,-0.8193997034990583,1.039790049889581,-0.04570255382219375,6.003678512636056,4.66312057821272,0.0,0.0,0.0,0.0,0.0,0.0
323,-0.8453752496398679,0.10595627216851886,1.08144777382948,8.502304633686283,21.677662095431117,4.365397695536683,-0.8370881070961333,-0.19791871095971458,1.0715032027769988,10.199390056974242,9.415569914911837,9.572551100933913,-0.36486464482667563,-0.7641441916835903,1.0615587188616238,3.156266824343735,10.482974611240426,8.540078450460399,0.08784424400722134,-0.8194812700146905,1.0396116777528503,-0.046000456469461375,6.0023220990539246,4.663277568852743,0.0,0.0,0.0,0.0,0.0,0.0
324,-0.845035906646671,0.11541750502431035,1.0799197476561784,8.632285642076633,21.65960512848316,4.283083633044316,-0.8378865981138499,-0.1908517813007142,1.071340577416793,10.199512928182125,9.41601424011849,9.520102539769614,-0.37011130197759845,-0.7607599009040575,1.0613645268962981,3.145658424846693,10.486673386014788,8.52308734277895,0.08023954710787302,-0.8195218674268616,1.039398171796627,-0.04629785963597026,6.000761409410969,4.663194367574562,0.0,0.0,0.0,0.0,0.0,0.0
325,-0.8446472504405395,0.12490832223739108,1.0783268424341892,8.762503227535383,21.64028778993222,4.2003722159011225,-0.8386597181573113,-0.18374943985557787,1.0711418036943154,10.199287985457342,9.416142814387218,9.46708296383732,-0.3753735523878574,-0.7573460541922962,1.0611343930819186,3.13489845935199,10.490016826756195,8.505703741070093,0.0726011450023847,-0.8195211881084191,1.0391493855668976,-0.046594716857400076,5.998995626337651,4.662869179785135,0.0,0.0,0.0,0.0,0.0,0.0
326,-0.8442089495232242,0.1344277972016409,1.0766687468459064,8.892943726094007,21.619702627665774,4.117270707351953,-0.8394072670362954,-0.17661215426283844,1.0709067278615916,10.198713445392142,9.41595400615613,9.413494047427953,-0.38065105641323277,-0.7539028773442729,1.0608681674461586,3.1239875864148026,10.493002549722888,8.487926974158167,0.06492961438266151,-0.8194789269824099,1.038865173997543,-0.04689098115517931,5.997023940811843,4.662300226433629,0.0,0.0,0.0,0.0,0.0,0.0
327,-0.8437206766293176,0.14397499492838028,1.0749451553231724,9.02359334324781,21.597842295416907,4.033786435545953,-0.8401290452037316,-0.1694403959291206,1.070635197612469,10.197787537373376,9.415446194406433,9.359337506188988,-0.38594347191073936,-0.7504305974142057,1.0605657014595091,3.1129264870083344,10.495628180802159,8.469756393327465,0.05722553713580484,-0.8193947815994381,1.038545393445493,-0.04718660503921483,5.994845552360321,4.661485744472598,0.0,0.0,0.0,0.0,0.0,0.0
328,-0.8431821088308747,0.15354897212974286,1.0731557681664357,9.154438155103854,21.574699555283956,3.949926792875764,-0.8408248537914736,-0.16223463999479493,1.070327062119154,10.19650850400254,9.414617769022449,9.304615097293913,-0.39125045426502414,-0.7469294426897682,1.0602268480712702,3.101715864630281,10.497891356036096,8.45119137266407,0.049489500302223655,-0.8192684522149356,1.0381899017257996,-0.04748154051078102,5.9924596692596825,4.660423987318618,0.0,0.0,0.0,0.0,0.0,0.0
329,-0.8425929276417874,0.1631487773043879,1.0713002916635121,9.285464109566963,21.550267280244853,3.8656992353000326,-0.8414944946460976,-0.1549953652991645,1.0699821720686844,10.194874601516148,9.413467131151991,9.249328619608209,-0.39657165641506026,-0.7433996426671775,1.0598514617454746,3.090356445404544,10.499789722149584,8.432231309396533,0.04172209603278312,-0.8190996418663523,1.037798558146646,-0.04777573906555857,5.989865508736828,4.659113225312361,0.0,0.0,0.0,0.0,0.0,0.0
330,-0.841952819121852,0.17277345082555387,1.069378438207879,9.416657027563632,21.52453845666485,3.7811112816490655,-0.842137770364703,-0.1477230543451833,1.0696003796993,10.192884100206099,9.411992693566729,9.19347991385156,-0.40190672888113166,-0.7398414280261516,1.0594393984967105,3.078848978178011,10.50132093708021,8.41287562423515,0.03392392154498101,-0.8188880564502274,1.037371223544251,-0.04806915169682977,5.987062297168752,4.657551746177927,0.0,0.0,0.0,0.0,0.0,0.0
331,-0.8412614739805301,0.1824220250314558,1.0673899264165077,9.548002604304228,21.497506186797573,3.6961705129137994,-0.842754484330728,-0.1404181932637153,1.069181538836745,10.190535284840314,9.41019288102282,9.13707086275652,-0.4072553197921068,-0.73625503060476,1.0589905159258728,3.0671942346124466,10.50248267051026,8.393123761709964,0.0260955790781635,-0.8186334047991481,1.036907760317707,-0.048361728898836595,5.98404927028187,4.655737855481433,0.0,0.0,0.0,0.0,0.0,0.0
332,-0.840518587680347,0.19209352431803833,1.0653344812471628,9.679486410583511,21.46916369127812,3.610884571517839,-0.8433444407497557,-0.13308127177732218,1.0687255049304532,10.187826455083199,9.40806613062147,9.080103391223194,-0.4126170749130058,-0.7326406833741512,1.0585046732558003,3.055393009271316,10.50327260440046,8.37297519050718,0.018237675847762796,-0.8183353987585558,1.0364080324637013,-0.04865342067028258,5.9808256733505765,4.6536698770886336,0.0,0.0,0.0,0.0,0.0,0.0
333,-0.8397238605399169,0.20178696523407474,1.0632118341151537,9.811093894119463,21.4395043116077,3.5252611605727977,-0.8439074446853138,-0.1257127831635931,1.06823213508963,10.18475592591598,9.40561089216939,9.022579466470077,-0.4179916376728505,-0.7289986204131714,1.0579817313668067,3.043446119701487,10.503688433525395,8.352429403804011,0.010350823998568135,-0.8179937532633934,1.0358719056111327,-0.04894417651801352,5.9773907613951325,4.651346153621542,0.0,0.0,0.0,0.0,0.0,0.0
334,-0.8388769978365576,0.21150135657863445,1.0610217230095023,9.942810380930947,21.4085215126293,3.4393080431167067,-0.8444433020946666,-0.11831322421800644,1.0677012881192331,10.181322028056972,9.402825628539288,8.964501098180934,-0.4233786491928123,-0.725329076882879,1.0574215528321096,3.03135440650981,10.503727866010703,8.331485919601903,0.0024356405570168703,-0.8176081864145814,1.0352992470556304,-0.04923394546083908,5.973743799378884,4.648765046913955,0.0,0.0,0.0,0.0,0.0,0.0
335,-0.8379777099084661,0.22123569950090208,1.0587638926084826,10.07462107675384,21.37620888499329,3.35303304133566,-0.8449518198645831,-0.11088309521633233,1.067132824555823,10.177523108381468,9.399708816030074,8.905870338647551,-0.4287777483146415,-0.7216322890009531,1.0568240019531308,3.0191187334344085,10.503388623871674,8.31014428105795,-0.005507252617485761,-0.8171784195552911,1.03468992579394,-0.049522676033527,5.969884062404634,4.645924938465698,0.0,0.0,0.0,0.0,0.0,0.0
336,-0.8370257122564267,0.2309889876023563,1.0564380943944973,10.206511068495926,21.34256014761244,3.2664440357686857,-0.8454328058470807,-0.10342289987657526,1.066526606703282,10.173357530341208,9.396258944726789,8.846689282908384,-0.4341885716293862,-0.7179084940160028,1.0561889447946642,3.0067399874106355,10.502668443553212,8.288404056814493,-0.013477228882225363,-0.8167041773470078,1.0340438125581843,-0.04981031629095786,5.965810835910216,4.64282422989557,0.0,0.0,0.0,0.0,0.0,0.0
337,-0.8360207256450201,0.24076020704131423,1.0540440867682757,10.338465325730777,21.307569150105692,3.179548964495736,-0.8458860688951386,-0.09593314532045545,1.0658824986684179,10.16882367438356,9.392474518860341,8.786960068882937,-0.4396107535063982,-0.714157930181783,1.055516249219927,2.994219078631712,10.50156507647128,8.266264841326768,-0.021473656861811668,-0.816185187845365,1.0333607798500044,-0.05009681381243458,5.9615234158632795,4.639461343392828,0.0,0.0,0.0,0.0,0.0,0.0
338,-0.8349624762033024,0.25054833663983506,1.0515816351623177,10.470468702230368,21.271229875229665,3.0923558223089267,-0.8463114188983737,-0.08841434203442963,1.0652003663964031,10.163919938369922,9.388354057166707,8.726684877501778,-0.4450439261226274,-0.7103808367313144,1.0548057849254493,2.981556940603808,10.50007628955529,8.243726255188522,-0.029495900499797688,-0.8156211825757278,1.0326407019745443,-0.05038211570616436,5.95702110895507,4.63583472216711,0.0,0.0,0.0,0.0,0.0,0.0
339,-0.8338506955249353,0.26035234799298745,1.0490505121535976,10.60250593753686,21.233536441297602,3.0048726598670616,-0.8467086668186785,-0.0808670038302553,1.0644800777060894,10.158644737993725,9.383896093245829,8.665865932832272,-0.4504877194922014,-0.7065774538509211,1.0540574234758338,2.968754530195686,10.498199865791792,8.220787945455548,-0.03754331911127087,-0.8150118966085138,1.0318834550743037,-0.05066616861390513,5.952303232793396,4.631942830896733,0.0,0.0,0.0,0.0,0.0,0.0
340,-0.8326851207677107,0.27017120558046503,1.0464504975754398,10.734561658573124,21.19448310458438,2.9171075828333453,-0.8470776247257965,-0.07329164780510204,1.063721502325143,10.152996507197484,9.379099175919807,8.604505502199608,-0.4559417614962826,-0.7027480226541755,1.0532710383383423,2.955812827682677,10.495933604768911,8.197449585966915,-0.045615267436423856,-0.8143570686342213,1.0310889171628257,-0.05094891871576764,5.947369116094514,4.62778415617514,0.0,0.0,0.0,0.0,0.0,0.0
341,-0.831465494752478,0.2800038668805708,1.0437813786285786,10.86662038129259,21.154064261717668,2.8290687509965204,-0.8474181058328638,-0.0656887943012028,1.0629245119250417,10.146973698589225,9.373961869590698,8.542605896303519,-0.4614056779132242,-0.6988927851557771,1.052446504917342,2.9427328367850785,10.493275323221834,8.173710877664067,-0.05371109569510792,-0.8136564410381713,1.0302569681582385,-0.05123031173519117,5.9422180988741164,4.623357206955577,0.0,0.0,0.0,0.0,0.0,0.0
342,-0.8301915660613999,0.28984928248654374,1.0410429499913227,10.998666512367874,21.112274452053512,2.740764377375233,-0.8477299245318641,-0.05805896686505408,1.06208898015588,10.14057478385782,9.36848275459744,8.480169469330052,-0.4668790924489923,-0.695011984245337,1.051583700588557,2.9295155847007326,10.490222855578798,8.14957154890731,-0.06183014964236313,-0.8129097599749078,1.0293874899166138,-0.051510292944085705,5.936849532637141,4.618660514993654,0.0,0.0,0.0,0.0,0.0,0.0
343,-0.8288630891355504,0.2997063962252442,1.038235013928829,11.13068435091876,21.069108360036616,2.652202727305864,-0.848012896429044,-0.05040269220616243,1.0612147826810212,10.133798254187521,9.362660427572251,8.417198619058837,-0.47236162676788757,-0.6911058636611078,1.050682504733171,2.9161621221319223,10.486774054507903,8.125031355790039,-0.06997177062492804,-0.8121167754422834,1.0284803662651685,-0.05178880716813613,5.931262780566608,4.61369263528793,0.0,0.0,0.0,0.0,0.0,0.0
344,-0.8274798243717867,0.30957414527817284,1.035357380401408,11.262658090278967,21.024560817543616,2.563392117513804,-0.8482668383802331,-0.04272050015534154,1.0603017972115438,10.126642620671225,9.35649350179604,8.353695786965375,-0.4778529005235354,-0.687174667963634,1.0497427987717243,2.902673523306341,10.482926791464237,8.10009008245024,-0.07813529563872681,-0.8112772413551717,1.0275354830352752,-0.052065798792278545,5.9254572177112586,4.608452146518195,0.0,0.0,0.0,0.0,0.0,0.0
345,-0.8260415382188863,0.3194514603048315,1.0324098671718618,11.394571819802044,20.978626806209313,2.474340915168231,-0.8484915685260961,-0.03501292362256169,1.0593499035405134,10.119106414722651,9.349980607553032,8.289663458318453,-0.4833525313901612,-0.683218642509342,1.0487644661978346,2.889050885992197,10.47867895723744,8.074747541379375,-0.0863200573873307,-0.8103909156188109,1.026552728095289,-0.05234121176634334,5.919432231172024,4.60293765148146,0.0,0.0,0.0,0.0,0.0,0.0
346,-0.8245480032729208,0.32933726556842297,1.029392299911797,11.526409526706434,20.931301459734833,2.385057536920477,-0.8486869063273039,-0.02728049855434587,1.0583589835770566,10.11118818848729,9.343120392484506,8.22510416227265,-0.488860135094153,-0.6792380334240746,1.047747392611722,2.875295331507366,10.474028462499573,8.049003573728589,-0.09452538434140248,-0.8094575602017626,1.0255319913831866,-0.05261498961086242,5.913187220287349,4.597147777525561,0.0,0.0,0.0,0.0,0.0,0.0
347,-0.8229989983718088,0.33923047906385967,1.0263045123068675,11.65815509795911,20.8825800661766,2.2955504479259714,-0.8488526725995988,-0.019523763890727443,1.0573289213802155,10.102886515251804,9.335911521941313,8.160020471955571,-0.4943753254458876,-0.6752330875765599,1.0466914657535165,2.8614080047224597,10.468973238352904,8.022858049611894,-0.10275060079910667,-0.8084769412084442,1.0244731649389915,-0.05288707542305767,5.906721596817163,4.591081176980126,0.0,0.0,0.0,0.0,0.0,0.0
348,-0.8213943086890597,0.349130012648105,1.0231463461609518,11.789792322198565,20.832458070216273,2.2058281608500363,-0.8489886895487823,-0.01174326152175811,1.0562596031926186,10.094199989852257,9.328352679335575,8.094415004550164,-0.4998977143718515,-0.6712040525518399,1.045596575536378,2.847390074057919,10.463511236877977,7.996310868406634,-0.11099502694749948,-0.8074488289512509,1.0233761429370132,-0.05315741188298129,5.900034785125708,4.584736527585001,0.0,0.0,0.0,0.0,0.0,0.0
349,-0.819733725826636,0.35903477217280616,1.019917651499165,11.92130489169614,20.78093107540976,2.115899234857366,-0.8490947808055845,-0.003939536243578259,1.0551509174739035,10.085127229080484,9.320442566490966,8.028290421371599,-0.5054269119470252,-0.6671511766246441,1.0444626140793758,2.833242731474876,10.45764043168125,7.96936195905074,-0.11925797892488416,-0.8063729980222172,1.0222408217178491,-0.05342594125984093,5.893126222362885,4.578112532915814,0.0,0.0,0.0,0.0,0.0,0.0
350,-0.8180170479069345,0.36894365761923753,1.016618286669739,12.052676404356507,20.72799484641557,2.025772274585487,-0.849170771460437,0.0038868642859565374,1.0540027549339421,10.075666872089085,9.312179903991973,7.961649427938965,-0.5109625264275548,-0.6630747087327262,1.0432894757401636,2.8189671924599047,10.451358818442708,7.94201128033702,-0.12753876888414037,-0.8052492273642231,1.0210670998201878,-0.05369260541848737,5.885995358644369,4.571207922806755,0.0,0.0,0.0,0.0,0.0,0.0
351,-0.8162440796638303,0.37885556323551967,1.0132481184446704,12.18389036575646,20.67364531120089,1.9354559291021451,-0.8492164880981177,0.011735389592084892,1.0528150085658157,10.065817580794512,9.3035634315317,7.894494774041437,-0.5165041642836872,-0.6589748984501533,1.0420770571474136,2.8045646960035095,10.444664415462954,7.914258821204081,-0.1358367050570145,-0.8040773003417078,1.0198548780123733,-0.05395734582607513,5.878641657230257,4.5640214537702795,0.0,0.0,0.0,0.0,0.0,0.0
352,-0.8144146326936859,0.3887693784458661,1.0098070222401871,12.314930203565787,20.61787856663927,1.8449588854663719,-0.8492317591239595,0.019605486990562183,1.0515875739565157,10.055578042988085,9.294591910796349,7.826829251658854,-0.5220514308196677,-0.6548519958811206,1.040825257505473,2.7900365047827402,10.437555267183102,7.8861046016929555,-0.14415109243566313,-0.8028570050024332,1.0186040595885433,-0.05422010358644562,5.8710645962037225,4.556551910465837,0.0,0.0,0.0,0.0,0.0,0.0
353,-0.8125285260952342,0.39868399064978943,1.006294882625803,12.445779312274276,20.560690892337902,1.7542898490768266,-0.8492164158116864,0.027496603592671174,1.0503203502855456,10.044946982143353,9.28526413462339,7.7586556875065815,-0.5276039322558977,-0.6507062513587638,1.0395339795732916,2.7753839058841945,10.430029455039598,7.857548675511364,-0.15248123498360025,-0.801588134804209,1.0173145513200887,-0.05448081954148555,5.863263673865174,4.548798109717044,0.0,0.0,0.0,0.0,0.0,0.0
354,-0.8105855851860398,0.40859827882561645,1.0027115923867898,12.576420950464655,20.502078723655984,1.6634575882983667,-0.849170289861692,0.035408181583299704,1.0490132379975725,10.033923134805852,9.275578905796586,7.689976961204103,-0.533161270788622,-0.6465379160939753,1.038203127383176,2.7606082089842854,10.42208507275799,7.828591124608515,-0.16082643047448594,-0.800270487052536,1.0159862612385047,-0.054739434043846784,5.855238396160327,4.540758891957453,0.0,0.0,0.0,0.0,0.0,0.0
355,-0.8085856421861778,0.41851111651899614,0.9990570530712749,12.706838288590244,20.442038666487672,1.5724709134926735,-0.8490932145023813,0.04333966031888604,1.047666139850719,10.022505260910076,9.265535046679396,7.620795997561849,-0.5387230467594277,-0.6423472418562787,1.0368326072684688,2.7457107470292357,10.41372023780401,7.799232061946057,-0.16918597281339337,-0.7989038636789243,1.0146190996342417,-0.0549958870671697,5.846988282342759,4.532433125540442,0.0,0.0,0.0,0.0,0.0,0.0
356,-0.8065285364245524,0.42842137258146956,0.9953311751735769,12.8370144206721,20.380567501891978,1.4813386717740746,-0.8489850247466398,0.05129047680480323,1.046278961160082,10.010692146237698,9.255131401489916,7.551115764970898,-0.5442888591385322,-0.6381344808867755,1.0354223281023267,2.7306928763351346,10.404933094193979,7.769471632274013,-0.1775591525778836,-0.7974880714534516,1.0132129792888027,-0.0552501182347933,5.838512866288889,4.5238197079351705,0.0,0.0,0.0,0.0,0.0,0.0
357,-0.8044141144210034,0.4383279113245019,0.9915338782231949,12.966932366624688,20.317662188082302,1.3900697458511875,-0.8488455574264394,0.05926006574641448,1.044851609829718,9.99848260281295,9.244366836644248,7.480939275406555,-0.5498583055633481,-0.6338998858716253,1.033972201329149,2.715555976523996,10.395721813041774,7.739310012390359,-0.18594525709188858,-0.7960229220503204,1.011767815505306,-0.0555020668275785,5.82981169667012,4.514917566114294,0.0,0.0,0.0,0.0,0.0,0.0
358,-0.8022422299672156,0.4482295926755758,0.9876650908722724,13.096575074617153,20.253319862387407,1.298673052854216,-0.8486746512272518,0.06724785960049738,1.043383996384316,9.985875469295319,9.233240241097818,7.410269584426036,-0.555430982377266,-0.629643709915552,1.032482140995695,2.7003014504532628,10.386084593104085,7.708747411396526,-0.19434357050046466,-0.7945082321127404,1.0102835261387453,-0.055751671791888495,5.8208843371231636,4.505725656937511,0.0,0.0,0.0,0.0,0.0,0.0
359,-0.8000127442064027,0.4581252723363336,0.9837247509815041,13.225925423469914,20.187537843182906,1.2071575431481545,-0.8484721467222601,0.07525328862703899,1.0418760340005333,9.972869611369228,9.221750526684271,7.339109791160123,-0.5610064846686511,-0.6253662065153764,1.0309520637818632,2.6849307241386215,10.376019661323628,7.677784070948724,-0.20275337384541978,-0.7929438233171098,1.0087600316259184,-0.05599887174773539,5.81173036641836,4.4962429675308435,0.0,0.0,0.0,0.0,0.0,0.0
360,-0.7977255257117122,0.46801380194273035,0.979712805704439,13.354966225086036,20.12031363179222,1.1155321991319491,-0.8482378864063401,0.08327578094138895,1.0403276385379925,9.95946392213064,9.209896628452023,7.2674630382985805,-0.5665844063100347,-0.6210676295335694,1.0293818890311373,2.6694452466701226,10.365525273370231,7.646420265504828,-0.2111739451417912,-0.7913295224364687,1.0071972550150274,-0.05624360499709584,5.802349378625992,4.486468515661437,0.0,0.0,0.0,0.0,0.0,0.0
361,-0.7953804505633582,0.4778940292272059,0.9756292115701545,13.483680226917675,20.051644914356828,1.0238060340238162,-0.8479717147298426,0.09131476256678453,1.0387387285699359,9.945657322470606,9.197677504998342,7.195332512069475,-0.5721643399975316,-0.6167482331718438,1.0277715387806932,2.653846490121638,10.354599714179729,7.614656302567029,-0.21960455945519486,-0.789665161403229,1.0055951219949466,-0.05648580953238132,5.792740983280634,4.476401350107951,0.0,0.0,0.0,0.0,0.0,0.0
362,-0.7929774024244305,0.48776479818282176,0.9714739345642783,13.612050114466665,19.981529563674783,0.9319880906330189,-0.84767347813214,0.09936965748721906,1.03710922541353,9.931448761455524,9.185092138800934,7.122721442212253,-0.5777458772904414,-0.6124082719447853,1.0261209377911518,2.638135949453527,10.343241298490419,7.582492522919949,-0.22804448898000568,-0.7879505773711458,1.0039535609241441,-0.056725423045091546,5.782904805543391,4.466040551026287,0.0,0.0,0.0,0.0,0.0,0.0
363,-0.7905162726153455,0.4976249492293522,0.9672469502082908,13.740058513819164,19.909965641006494,0.8400874401180656,-0.8473430250749354,0.10743988770066717,1.0354390531597986,9.916837216704007,9.172139536546794,7.049633101944376,-0.5833286086510532,-0.6080480006535165,1.0244300135759754,2.62231514240856,10.331448371376922,7.54992930086413,-0.23649300311838428,-0.7861856127765128,1.0022725028592538,-0.05696238293460914,5.772840486362016,4.455385230310584,0.0,0.0,0.0,0.0,0.0,0.0
364,-0.7879969601869494,0.507473319381318,0.9629482436371312,13.867687994214393,19.83695139784809,0.7481131807317678,-0.8469802060753557,0.1155248732726573,1.033728138703219,9.90182169476053,9.158818729458618,6.976070807921822,-0.5889121234846546,-0.6036676743594213,1.0226986964305156,2.6063856094011033,10.319219308781546,7.516967044445073,-0.24494936856013652,-0.7843701153985858,1.0005518815833032,-0.05719662631717272,5.762547682628992,4.444434531949475,0.0,0.0,0.0,0.0,0.0,0.0
365,-0.785419371992195,0.517308742417915,0.9585778096750103,13.994921070646473,19.762485277670283,0.656074436553165,-0.8465848737387841,0.12362403239018625,1.0319764117709171,9.886401231465356,9.145128773618222,6.902037920192964,-0.5944960101797264,-0.5992675483579105,1.0209269194606752,2.59034891339943,10.306552518042638,7.483606195677423,-0.2534128493633965,-0.7825039384191916,0.9987916336335678,-0.05742809003500841,5.752026067337339,4.43318763237737,0.0,0.0,0.0,0.0,0.0,0.0
366,-0.7827834227563977,0.5271300490548271,0.9541356529094511,14.12174020649948,19.686565917623103,0.5639803562065668,-0.8461568827914459,0.13173678141597164,1.030183804951509,9.87057489232095,9.131068750287293,6.827537842145997,-0.6000798561483258,-0.5948478781522423,1.0191146186112108,2.5742066398012757,10.2934464384201,7.4498472307643535,-0.261882707036123,-0.7805869404815152,0.9969916983290678,-0.0576567106656214,5.741275329734299,4.4216437408207065,0.0,0.0,0.0,0.0,0.0,0.0
367,-0.780089035146044,0.5369360671178969,0.9496217877634974,14.248127816215291,19.60919215020548,0.4718401115680191,-0.8456960901127549,0.13986253494304046,1.0283502537235505,9.854341772854745,9.116637766225214,6.752574020449937,-0.605663247866668,-0.5904089194274131,1.0172617326936528,2.55796039630254,10.279899541617795,7.415690660312222,-0.2703582006184083,-0.7786189857480628,0.995152017797691,-0.0578824245312466,5.730295175472748,4.409802099639155,0.0,0.0,0.0,0.0,0.0,0.0
368,-0.7773361398361004,0.546725621718609,0.9450362385660585,14.374066267993499,19.53036300489868,0.3796628964592772,-0.8452023547673797,0.1480007058496406,1.0264756964835937,9.837700998977994,9.101834954003891,6.6771499449888685,-0.6112457709158753,-0.5859509280241008,1.0153682034138318,2.5416118127591334,10.265910332302646,7.381137029540082,-0.27883858676557816,-0.7765999439577544,0.9932725370029345,-0.05810516770846593,5.719085326760346,4.397661984661507,0.0,0.0,0.0,0.0,0.0,0.0
369,-0.7745246755758244,0.556497535431387,0.9403790396203755,14.499537886523516,19.450077709763477,0.28745792532958747,-0.8446755380370619,0.15615070535448494,1.0245600745738603,9.820651727340861,9.086659472319598,6.601269148789668,-0.6168270100229227,-0.581474159912687,1.0134339753990242,2.525162541041992,10.251477348620446,7.346186918484339,-0.2873231198320891,-0.7745296904821612,0.9913532037702663,-0.05832487603797738,5.707645522506402,4.385222705516334,0.0,0.0,0.0,0.0,0.0,0.0
370,-0.7716545892530317,0.5662506284726458,0.9356502352705608,14.624524955747987,19.368335692999878,0.19523443192547285,-0.8441155034521508,0.16431194307230768,1.022603332309504,9.803193145683464,9.071110506301686,6.524935207942931,-0.6224065491017499,-0.5769788711673466,1.0114589962246943,2.5086142548852086,10.236599162708055,7.31084094219816,-0.29581105195619994,-0.7724081063808466,0.9893939688130962,-0.058541485134527005,5.695975518466386,4.372483605957149,0.0,0.0,0.0,0.0,0.0,0.0
371,-0.7687258359568017,0.5759837188815878,0.930849879966187,14.749009721657353,19.285136584469043,0.10300166794878285,-0.8435221168228706,0.17248382706974041,1.0206054170054697,9.785324473182879,9.05518726781811,6.448151741517195,-0.6279839712945555,-0.5724653179402208,1.0094432164408331,2.4919686497273155,10.221274381202006,7.275099750945815,-0.30430163314541875,-0.7702350784558121,0.9873947857583494,-0.05875493039699178,5.684075087384096,4.3594440641821155,0.0,0.0,0.0,0.0,0.0,0.0
372,-0.7657383790385969,0.5856956227027051,0.9259780383249027,14.872974395115087,19.20048021717671,0.010768901703245515,-0.8428952462703011,0.18066576392149436,1.0185662790029477,9.767044960796055,9.038888995777786,6.370922411466396,-0.6335588590132561,-0.5679337564356716,1.0073865895978955,2.4752274425456853,10.205501645743272,7.23896403039171,-0.3127941113627046,-0.7680104993050211,0.9853556111716456,-0.05896514701862598,5.671944019131426,4.346103493148114,0.0,0.0,0.0,0.0,0.0,0.0
373,-0.7626921901717572,0.5953851541699543,0.9210347851930176,14.996401154712945,19.11436662871709,-0.08145458327032307,-0.8422347622570683,0.18885715876685105,1.016485871695391,9.748353891598324,9.022214956429496,6.293250922530299,-0.6391307939811178,-0.5633844428846189,1.005289072272307,2.458392371684044,10.18927963347803,7.202434501784024,-0.3212877326134276,-0.765734267374987,0.9832764045820616,-0.059172069997459255,5.659582120845682,4.332461340879066,0.0,0.0,0.0,0.0,0.0,0.0
374,-0.7595872494093626,0.6050511258925755,0.9160202057040701,15.119272149656062,19.026796062677256,-0.17365948956969746,-0.8415405376177463,0.19705741536644708,1.0143641515541304,9.729250581117746,9.005164443657545,6.215141022128238,-0.6446993572745479,-0.5588176335189778,1.0031506240915677,2.4414651966731333,10.172607057554407,7.165511922133065,-0.3297817410330619,-0.7634062870124144,0.9811571285064902,-0.05937563414684503,5.646989217064463,4.318517090768515,0.0,0.0,0.0,0.0,0.0,0.0
375,-0.756423545240429,0.6146923490425236,0.9109343953353091,15.241569502677265,18.937768970000835,-0.2658365073177884,-0.8408124475889621,0.2052659361593609,1.0122010781535489,9.709734377664986,8.987736779273916,6.136596500245772,-0.6502641293650541,-0.554233584546189,1.0009712077589241,2.4244476980445038,10.155482667614985,7.128197084384071,-0.3382753789756151,-0.7610264685148762,0.9789977484735833,-0.05957577410616172,5.634165149858076,4.304270261876268,0.0,0.0,0.0,0.0,0.0,0.0
376,-0.7532010746444037,0.6243076335434634,0.905777459962078,15.363275312979905,18.847286010310448,-0.35797631555960585,-0.8400503698391877,0.21348212232047944,1.0099966141958188,9.689804662658613,8.96993131330687,6.05762118931436,-0.65582469016135,-0.549632552123847,0.9987507890776023,2.4073416771374174,10.137905250284833,7.0904908175844295,-0.34676788710276735,-0.7585947281805017,0.9767982330472643,-0.05977242435167329,5.6211097789593705,4.289720409219026,0.0,0.0,0.0,0.0,0.0,0.0
377,-0.7499198431439538,0.633895788261316,0.9005495159100732,15.48437165920907,18.755348053188484,-0.45006958366946836,-0.8392541844982309,0.22170537381815666,1.0077507255352056,9.669460850945875,8.951747424285994,5.97821896408402,-0.6613806190516257,-0.5450147923344386,0.9964893369746143,2.3901489558989213,10.119873629655109,7.052393987045334,-0.355258504473728,-0.7561109883566752,0.9745585538498175,-0.059965519207524146,5.607822981891079,4.274867124054956,0.0,0.0,0.0,0.0,0.0,0.0
378,-0.7465798648560099,0.6434556211963005,0.8952506900054426,15.604840602450352,18.661956179415384,-0.5421069727681851,-0.8384237741864069,0.22993508947214655,1.005463381201919,9.648702391118723,8.933184519523566,5.89839374148885,-0.6669314949459612,-0.5403805611601893,0.9941868235241178,2.3728713766770486,10.101386667761917,7.013907494497696,-0.36374646863578136,-0.7535751774877195,0.9722786855845446,-0.060154992856895906,5.594304654090539,4.25971003416206,0.0,0.0,0.0,0.0,0.0,0.0
379,-0.7431811625410493,0.6529859396764488,0.8898811196227074,15.724664189255849,18.567111682164978,-0.6340791371498669,-0.8375590240433951,0.23817066701181078,1.0031345534255225,9.627528765825211,8.914242035392268,5.818149480505491,-0.6724768963188928,-0.5357301144580247,0.9918432239703332,2.355510802007223,10.082443265060473,6.975032278242338,-0.37223101571552236,-0.7509872301615558,0.9699586060579871,-0.06034077935330198,5.580554709031872,4.244248804110296,0.0,0.0,0.0,0.0,0.0,0.0
380,-0.7397237676505896,0.6624855505525407,0.8844409527304666,15.84382445469653,18.47081606815619,-0.7259767257180729,-0.8366598217567668,0.24641150313458904,1.0007642176578795,9.605939492075846,8.894919437599027,5.73749018200441,-0.6780164012521148,-0.5310637079346548,0.9894585167500036,2.3380691143918058,10.063042360894181,6.93576931329434,-0.3807113805107553,-0.7483470871553183,0.9675982962016977,-0.06052281263203378,5.566573078345458,4.228483135527317,0.0,0.0,0.0,0.0,0.0,0.0
381,-0.7362077203728667,0.671953260394438,0.878930347934858,15.962303425440744,18.373071058760264,-0.8177903834311611,-0.8357260575901814,0.2546569935647393,0.9983523525956355,9.583934121545118,8.875216221454998,5.656419888593879,-0.6835495874773276,-0.5263815971217745,0.9870326835143978,2.320548216072855,10.043182933958683,6.896119611521433,-0.38918679658306576,-0.7456546954799138,0.9651977400935685,-0.0607010265217398,5.552359711934789,4.212412767357754,0.0,0.0,0.0,0.0,0.0,0.0
382,-0.7326330696766855,0.6813878756887644,0.8733494745207632,16.08008312285803,18.273878591063465,-0.9095107527563178,-0.8347576244112487,0.2629065331123269,0.9958989402022389,9.561512240867964,8.855131912141669,5.574942684456805,-0.6890760324192157,-0.5216840373513961,0.9845657091508515,2.3029500287981097,10.02286400276065,6.856084221776477,-0.3976564963510289,-0.7429100084235085,0.9627569249787041,-0.06087535475615909,5.537914578090619,4.196037476115966,0.0,0.0,0.0,0.0,0.0,0.0
383,-0.7289998733705547,0.6907882032379813,0.8676985124928754,16.197145569395488,18.17324081917358,-1.0011284765132435,-0.833754417784608,0.2711595158713004,0.9934039657897394,9.538673472525454,8.834666065533089,5.4930626945811385,-0.6945953133800922,-0.5169712837163,0.9820575818628351,2.2852764935513297,10.002084626738858,6.815664230118457,-0.40611971133886665,-0.7401129856257262,0.960275841347132,-0.061045730994363195,5.523237663926334,4.17935707629935,0.0,0.0,0.0,0.0,0.0,0.0
384,-0.725308198379353,0.7001530531482436,0.8619776526385523,16.31347283697209,18.071160119160986,-1.0926342185920794,-0.8327163369168266,0.27941533722604345,0.9908674188835207,9.515417483446713,8.813818276291785,5.410784076151838,-0.7001070095704939,-0.5122435908365275,0.9795082940165859,2.2675295699189832,9.98084391604421,6.774860761230876,-0.41457567443962196,-0.7372635935588953,0.9577544837559818,-0.061212088949082866,5.508328980022608,4.162371422937137,0.0,0.0,0.0,0.0,0.0,0.0
385,-0.7215581203707506,0.709481234276761,0.856187096504197,16.429046972978032,17.967639082993454,-1.1840186326216728,-0.8316432831308815,0.2876733906289754,0.988289291816354,9.49174397120904,8.792588164853607,5.328111032486901,-0.705610698809829,-0.5075012131924621,0.9769178407644611,2.2497112365400556,9.959141016152605,6.733674976258083,-0.42302361634732577,-0.734361804807696,0.9551928494924335,-0.0613743621992453,5.493188552863326,4.145080407817418,0.0,0.0,0.0,0.0,0.0,0.0
386,-0.717749723877623,0.718771555427887,0.8503270564409235,16.54385001961622,17.862680520883725,-1.275272370301935,-0.8305351602091915,0.2959330683265487,0.9856695800388058,9.467652667189233,8.770975380386833,5.245047810010592,-0.711105958244294,-0.5027444050266927,0.9742862203488365,2.2318234906660797,9.936975111549476,6.692108073406947,-0.431462766399573,-0.7314075982690504,0.9525909388688022,-0.061532484244634984,5.477816426499452,4.1274839605643425,0.0,0.0,0.0,0.0,0.0,0.0
387,-0.7138831024205204,0.7280228266177753,0.8443977556422976,16.657864034349455,17.756287463586318,-1.3663860902165146,-0.8293918747659207,0.30419376215383115,0.9830082824567778,9.443143339970739,8.748979603994597,5.161598694878313,-0.7165923651387484,-0.49797342024102875,0.9716134344325499,2.2138683477329515,9.914345429686117,6.650161288542725,-0.43989235349292277,-0.728400959356884,0.9499487555433898,-0.06168638856281839,5.462212664358558,4.10958204973325,0.0,0.0,0.0,0.0,0.0,0.0
388,-0.7099583585367003,0.7372338592797933,0.8383994281672061,16.771071093155836,17.64846316309631,-1.4573504593343318,-0.8282133362728062,0.3124548635972543,0.9803054014505334,9.41821579560624,8.72660054895477,5.07776801274526,-0.7220694969231323,-0.4931885123732906,0.9688994881174648,2.195847841083956,9.891251241400873,6.607835895272117,-0.44831160618188687,-0.7253418800364283,0.9472663065384386,-0.061836008621670595,5.446377349341624,4.091374683007326,0.0,0.0,0.0,0.0,0.0,0.0
389,-0.7059756038071529,0.7464034664708248,0.8323323189602636,16.883453293802127,17.53921109329877,-1.548156154516636,-0.8269994570845735,0.3207157638575101,0.9775609428931682,9.392869877874142,8.703837960955035,4.993560128527746,-0.7275369312389284,-0.48838993457427465,0.9661443899624881,2.177764021686251,9.867691861333576,6.565133205019734,-0.4567197527783826,-0.722230358857306,0.9445436022575497,-0.06198127789202767,5.430310583916726,4.0728619073868515,0.0,0.0,0.0,0.0,0.0,0.0
390,-0.7019349588816164,0.7555304630784465,0.8261966838697682,16.994992759135165,17.42853495056888,-1.638793864029323,-0.8257501524639459,0.32897585391260287,0.9747749161685636,9.367105468529134,8.680691618323273,4.908979446157174,-0.7329942459856765,-0.48357793958490725,0.9633481520010726,2.1596189578409217,9.843666648333327,6.522054567097989,-0.46511602145164455,-0.7190664009854011,0.9417806565025981,-0.06212212986045058,5.414012490209709,4.054043809371033,0.0,0.0,0.0,0.0,0.0,0.0
391,-0.6978365535015483,0.7646136660289087,0.8199927896631543,17.105671640390014,17.31643865432183,-1.7292542890600737,-0.8244653406062364,0.33723452458104086,0.97194733418878,9.340922487546628,8.65716133225311,4.824030408326668,-0.7384410193675235,-0.478752779713585,0.9605107897581677,2.1414147348865837,9.81917500585934,6.478601368770338,-0.4734996403285722,-0.7158500182334887,0.9389774864901064,-0.06225849804211199,5.397483210091719,4.03492051513232,0.0,0.0,0.0,0.0,0.0,0.0
392,-0.69368052652105,0.7736518944958981,0.8137209140399488,17.21547212051457,17.20292634751234,-1.8195281452401573,-0.8231449426635196,0.3454911665851727,0.9690782134109123,9.314320893361005,8.633246947024562,4.73871749623022,-0.7438768299398191,-0.4739147068137007,0.9576323222666364,2.1231534548966264,9.794216382374719,6.4347750353077675,-0.4818698375945116,-0.7125812290906205,0.9361341128670969,-0.062390315993789275,5.380722905263638,4.015492190683127,0.0,0.0,0.0,0.0,0.0,0.0
393,-0.6894670259257286,0.7826439701100096,0.8073813456422082,17.324376417509622,17.088002397083475,-1.9096061641702504,-0.8217888827683864,0.3537451706146427,0.9661675738533975,9.287300683097737,8.6089483402198,4.65304522929463,-0.7493012566557359,-0.46906397226137786,0.9547127720831292,2.1048372363701566,9.768790271733211,6.390577030038659,-0.49022584159443316,-0.7092600587502614,0.9332505597264139,-0.06251751732697211,5.363731757337426,3.9957590420349676,0.0,0.0,0.0,0.0,0.0,0.0
394,-0.6851962088494691,0.7915887171688953,0.8009743840624077,17.432366787783607,16.971671394364023,-1.9994790949501802,-0.8203970880572611,0.3619959273899726,0.9632154391117582,9.25986189279904,8.58426542293386,4.567018164903898,-0.7547138789129167,-0.46420082693339315,0.9517521653034013,2.0864682139166435,9.7428962135585,6.346008854391738,-0.49856688093450663,-0.7058865391371486,0.9303268546214984,-0.06264003572107552,5.346509967914237,3.9757213153498188,0.0,0.0,0.0,0.0,0.0,0.0
395,-0.680868241589123,0.8004849628480419,0.7945003398487908,17.539425529521587,16.85393815541447,-2.0891377057121105,-0.8189694886933024,0.3702428277262589,0.9602218363738062,9.232004597643382,8.559198139980431,4.480640898116345,-0.760114276600152,-0.4593255211853129,0.9487505315770941,2.068048537934401,9.71653379361631,6.301072047932335,-0.5068921845840522,-0.7024607089328888,0.9273630285806406,-0.06275780493676282,5.329057758659468,3.955379297083808,0.0,0.0,0.0,0.0,0.0,0.0
396,-0.6764832996170674,0.809331537412112,0.7879595345081252,17.64553498606707,16.734807721320642,-2.178572785156768,-0.8175060178888465,0.378485262596971,0.95718679643426,9.203728912158263,8.533746470092339,4.393918061374218,-0.7655020301440556,-0.45443830482982644,0.9457079041219367,2.049580374282861,9.689702644178688,6.255768188391611,-0.5152009819778421,-0.6989826136002507,0.9243591161206648,-0.06287075882936508,5.311375371374497,3.934733314122969,0.0,0.0,0.0,0.0,0.0,0.0
397,-0.672041567591664,0.8181272744268285,0.7813523005059034,17.750677549316812,16.614285358435414,-2.267775144092509,-0.8160066119274342,0.386722623197858,0.9541103537088275,9.175034990426807,8.507910426117153,4.30685432420599,-0.7708767205557739,-0.4495394271153021,0.9426243197374192,2.031065903948826,9.662402444380948,6.210098891689047,-0.523492503118754,-0.6954523054061803,0.9213151552600971,-0.06297883136240669,5.29346306806536,3.9137837339112274,0.0,0.0,0.0,0.0,0.0,0.0
398,-0.6675432393655629,0.8268710109713122,0.7746789812639181,17.854835663126735,16.492376558567337,-2.356735616976561,-0.814471210185377,0.3949543010109326,0.950992546247695,9.145923026287521,8.48169005520734,4.219454392921239,-0.7762379294776784,-0.44462913670455245,0.939499818817877,2.012507322706634,9.634632920570533,6.164065811947875,-0.5317659786807332,-0.6918698434434963,0.9182311875317568,-0.06308195662122403,5.275321131008068,3.892530964570369,0.0,0.0,0.0,0.0,0.0,0.0
399,-0.6629885179918643,0.8355615878508579,0.76793993115524,17.957991826728993,16.369087039116366,-2.4454450634584,-0.812899755152881,0.40317968786855096,0.9478334157484601,9.116393253527576,8.455085439005309,4.1317230102980815,-0.7815852392300708,-0.439707681653818,0.936334445365025,1.99390684077241,9.606393846648155,6.11767064150354,-0.5400206401120706,-0.6882352936512743,0.9151072579948099,-0.06318006882668127,5.2569498628107905,3.8709754550120334,0.0,0.0,0.0,0.0,0.0,0.0
400,-0.6583776157281213,0.8441978498100784,0.7611355154965653,18.06012859815895,16.24442274315627,-2.533894369924611,-0.8112921924547238,0.4113981760175614,0.9446330075684883,9.086445946069336,8.428096693823125,4.043664955263296,-0.7869182328578802,-0.43477530939198084,0.9331282469999227,1.9752666824523994,9.577685044400829,6.070915110905209,-0.548255719738965,-0.6845487288339136,0.9119434152462677,-0.06327310234897768,5.238349586472749,3.8491176950417,0.0,0.0,0.0,0.0,0.0,0.0
401,-0.6537107540381654,0.8527786457463664,0.7542661105379272,18.161228597691377,16.11838983946323,-2.6220744510450116,-0.8096484708704659,0.4196091581835213,0.9413913707366879,9.056081418150125,8.400723970816824,3.955285042564969,-0.7922364941773442,-0.4298322666999951,0.9298812749743623,1.9565890857854906,9.548506383826743,6.02380098891013,-0.5564704508693532,-0.6808102286788587,0.9087397114319153,-0.06336099172154112,5.21952064543982,3.8269582154545034,0.0,0.0,0.0,0.0,0.0,0.0
402,-0.6489881635917512,0.8613028289236273,0.7473321034497542,18.261274511284974,15.990994722490537,-2.7099762513195804,-0.807968542354212,0.4278120276349765,0.9381085579647073,9.02530002449518,8.37296745615537,3.8665881224378196,-0.7975396078226784,-0.42487879969055475,0.9265935841816859,1.9378763021799839,9.51885778345187,5.976330082470975,-0.5646640678969941,-0.6770198797729905,0.9054962022566901,-0.06344367165501064,5.200463403656901,3.8044975881229615,0.0,0.0,0.0,0.0,0.0,0.0
403,-0.6442100842620101,0.869769257186223,0.7403338923072778,18.360249094034398,15.862244012289079,-2.797590746625774,-0.8062523620539055,0.4360061782477879,0.9347846256575522,8.994102160483749,8.344827371184131,3.7775790802611584,-0.8028271592927194,-0.41991515378799416,0.9232652331670286,1.9191305960446938,9.488739210638203,5.928504236716055,-0.5728358064057832,-0.6731777756176638,0.9022129469944924,-0.06352107705130236,5.181178245616954,3.7817364260764856,0.0,0.0,0.0,0.0,0.0,0.0
404,-0.6393767651207017,0.8781767931730844,0.733271886072266,18.458135173629028,15.732144554373335,-2.884908945765967,-0.8044998883301621,0.44419100456950605,0.9314196339236184,8.962488262308245,8.316303972582924,3.688262836209475,-0.808098734997545,-0.4149415737084271,0.9198962841369824,1.9003542444144532,9.458150681883474,5.880325334922404,-0.5809849032742856,-0.6692840166423906,0.8988900084974301,-0.06359314301774996,5.16166557640676,3.758675383572654,0.0,0.0,0.0,0.0,0.0,0.0
405,-0.6344884644312421,0.8865243045319179,0.7261465045720702,18.554915653817268,15.600703419532323,-2.97192189201444,-0.8027110827746186,0.45236590188377823,0.928013646584122,8.93045880712633,8.287397552518343,3.5986443448956,-0.8133539223050501,-0.40995830344011785,0.9164868029686671,1.8815495365700858,9.427092263112185,5.831795298481593,-0.5891105967804593,-0.6653387102171501,0.8955274532044882,-0.0636598048813282,5.141925821749318,3.7353151561601603,0.0,0.0,0.0,0.0,0.0,0.0
406,-0.6295454496395302,0.8948106641334874,0.7189581784760048,18.650573517876204,15.467927903586041,-3.0586206646637177,-0.8008859102278316,0.46053026627478993,0.9245667311819665,8.89801431320614,8.258108438790757,3.5087285950066778,-0.8185923095875006,-0.40496558622411016,0.9130368592182388,1.8627187736529753,9.395564069958054,5.782916086858517,-0.5972121267065654,-0.6613419706633408,0.892125351149641,-0.06372099820294631,5.121959428042962,3.7116564807335095,0.0,0.0,0.0,0.0,0.0,0.0
407,-0.6245479973625359,0.9030347502858667,0.7117073492690147,18.745091832084764,15.333825527086315,-3.144996380569578,-0.799024338796682,0.4686834946917103,0.9210789589899899,8.865155340064218,8.228436994975434,3.4185206089327616,-0.8238134862680204,-0.3999636645350973,0.9095465261287906,1.843864268274259,9.363566268037461,5.733689697542836,-0.6052887344442207,-0.6572939192633449,0.8886837759693773,-0.06377665879181231,5.101766862397119,3.6877001355792802,0.0,0.0,0.0,0.0,0.0,0.0
408,-0.6194963933746511,0.9111954469486592,0.7043944692226468,18.83845374920039,15.198404034962335,-3.231040195694703,-0.7971263398713045,0.47682498501316684,0.917550405018631,8.831882488596367,8.198383620558111,3.3280254423880486,-0.8290170428670456,-0.394952780062539,0.9060158806376748,1.8249883441187542,9.331099073214006,5.684118165993176,-0.6133396630996066,-0.653194684268707,0.8852028049096555,-0.06382672271986445,5.081348612664667,3.663446940413991,0.0,0.0,0.0,0.0,0.0,0.0
409,-0.6143909325918065,0.9192916439470936,0.6970200013633172,18.930642511937823,15.061671396110633,-3.316743306650198,-0.7951918881415395,0.48495413611171156,0.9139811480229968,8.798196401201357,8.167948751064824,3.2372481840249434,-0.8342025710487118,-0.38993317369204106,0.9024450033832343,1.8060933355437314,9.298162751854012,5.634203565574141,-0.621364157598785,-0.6490444009069262,0.8816825188322803,-0.06387112633626836,5.060705187471001,3.638897756413546,0.0,0.0,0.0,0.0,0.0,0.0
410,-0.6092319190533394,0.9273222371859584,0.6895844194378652,19.021641456449263,14.923635802929308,-3.4020969522348388,-0.793220961612895,0.49307034791828636,0.9103712705093319,8.76409776189733,8.13713285818599,3.14619395504081,-0.8393696636671849,-0.3849050854869878,0.8988339787109427,1.7871815871725871,9.264757621072878,5.583948007485976,-0.6293614647931222,-0.6448432113868489,0.878123002220705,-0.06390980628197165,5.039837116239702,3.6140534862341824,0.0,0.0,0.0,0.0,0.0,0.0
411,-0.6040196659016033,0.935286128863303,0.6820882078763816,19.11143401580481,14.78430567079618,-3.487092414971442,-0.7912135416220166,0.5011730214866708,0.9067208587408775,8.729587296430859,8.105936449894608,3.0548679087774993,-0.8445179148129154,-0.37986875467043396,0.8951828946789393,1.7682554534835255,9.230884048972051,5.533353640686931,-0.637330833564786,-0.6405912649026552,0.8745243431852399,-0.06394269950431403,5.0187449492147875,3.588915074024897,0.0,0.0,0.0,0.0,0.0,0.0
412,-0.59875449535933,0.9431822276838692,0.6745318617523272,19.200003723472626,14.64368963749106,-3.5717210226401166,-0.7891696128516745,0.5092615590579117,0.9030300027431405,8.694665772378782,8.07436007055875,2.9632752303136995,-0.8496469198588276,-0.37482441960726604,0.8914918430629825,1.7493172983933445,9.196542454866782,5.48242265180836,-0.6452715149323113,-0.6362887176364427,0.870886633467691,-0.06396974327169967,4.997429257479636,3.563483505431355,0.0,0.0,0.0,0.0,0.0,0.0
413,-0.5934367386418933,0.9510094500904653,0.6669158865696421,19.287334233591157,14.50179656036519,-3.6559741566912556,-0.7870891636349666,0.5173353648203761,0.89929879656133,8.659334001758852,8.042404303446265,2.871421132604124,-0.854756276200288,-0.3697723177408226,0.8877609196078426,1.730369494285608,9.161733312398706,5.431157265091792,-0.6531827629385497,-0.6319357328206855,0.8672099686850527,-0.063990875236468,4.975890634322277,3.537759807843586,0.0,0.0,0.0,0.0,0.0,0.0
414,-0.5880667359077136,0.9587667208182493,0.6592407981567661,19.373409330055928,14.358635514868475,-3.7398432560967896,-0.784972186074819,0.5253938452309183,0.8955273383572925,8.623592842028879,8.010069771694898,2.779310854753389,-0.8598455835621202,-0.36471268556053094,0.8839902241218209,1.7114144214342142,9.126457150774574,5.379559742268011,-0.6610638350399161,-0.6275324807536875,0.863494448421022,-0.06400603346496582,4.9541296957438785,3.511745050434953,0.0,0.0,0.0,0.0,0.0,0.0
415,-0.5826448364275602,0.9664529698477845,0.651507123160852,19.458212876247003,14.214215800775598,-3.8233197968366692,-0.7828186751291226,0.5334364068513973,0.891715729602727,8.587443188101412,7.977357130721087,2.686949672616506,-0.8649144418221567,-0.3596457587320304,0.8801798596880279,1.6924544693305272,9.090714545690046,5.327632382350128,-0.668913989706685,-0.6230791386002348,0.8597401754607228,-0.06401515629826507,4.93214707614073,3.4854403433237575,0.0,0.0,0.0,0.0,0.0,0.0
416,-0.5771713984234691,0.9740671346704182,0.6437153986517741,19.541728852390964,14.068546936897,-3.906395307280662,-0.7806286292009541,0.5414624577984553,0.887864075584756,8.550885977429582,7.944267073087762,2.59434289151286,-0.8699624524352941,-0.35457177198851203,0.8763299331582632,1.6734920351066331,9.054506125301337,5.275377521591259,-0.676732488090486,-0.6185758905134232,0.8559472562695971,-0.06401818246480424,4.909943430993589,3.4588468380620885,0.0,0.0,0.0,0.0,0.0,0.0
417,-0.5716467890266496,0.9816081605771412,0.6358661720514254,19.623941360310546,13.921638659968767,-3.989061370221571,-0.778402050173301,0.5494714078630984,0.8839724854274071,8.513922190262036,7.910800328769116,2.5014958454971525,-0.8749892185348229,-0.3494909591113536,0.872440555173767,1.6545295230525872,9.017832570622517,5.222797533353672,-0.684518594191538,-0.614022927632472,0.8521158010133429,-0.06401505109889906,4.887519436972249,3.4319657276015896,0.0,0.0,0.0,0.0,0.0,0.0
418,-0.5660713842380596,0.9890750008668497,0.6279600010736367,19.704834626848715,13.77350092365846,-4.071309624362414,-0.7761389434206681,0.5574626685759657,0.880041072092767,8.476552849693826,7.8769576652221245,2.408413896891622,-0.8799943449796277,-0.3444035529146413,0.8685118401660965,1.6355693441732584,8.980694615686607,5.169894827967888,-0.6922715749647274,-0.6094204480742219,0.8482459235585669,-0.06400570175549045,4.864875791931386,3.404798246230286,0.0,0.0,0.0,0.0,0.0,0.0
419,-0.5604455688867426,0.9964666170537948,0.6199974536614135,19.784393007283363,13.624143897515058,-4.153131765796742,-0.7738393178201551,0.5654356532724774,0.8760699523815084,8.438779021709594,7.842739887451805,2.3151024358114447,-0.8849774384012308,-0.3393097852299815,0.8645439063573844,1.6166139157411936,8.943093047696511,5.116671852584339,-0.6999907004255389,-0.6047686569231845,0.8443377414728317,-0.0639900744249054,4.84201321490294,3.377345669500629,0.0,0.0,0.0,0.0,0.0,0.0
420,-0.554769736585936,1.0037819790741467,0.6119791079215087,19.862600988731437,13.473577965863441,-4.2345195494814325,-0.7715031857619966,0.5733897771578228,0.8720592469327815,8.400601815218852,7.808147838070166,2.221566879683636,-0.8899381072506498,-0.3342098868916172,0.8605368757599688,1.5976656608455915,8.905028707165574,5.063131091017738,-0.7076752437557904,-0.6000677662201476,0.8403913760240925,-0.063968109547646,4.818932446084936,3.3496093141488306,0.0,0.0,0.0,0.0,0.0,0.0
421,-0.5490442896869462,1.011020065491622,0.6039055520563306,19.9394431935416,13.32181372664309,-4.315464790701691,-0.7691305631595678,0.5813244573718016,0.8680090802234764,8.362022382083454,7.77318239734884,2.127812672759331,-0.8948759618450794,-0.32910408772184174,0.8564908741754008,1.5787270079375249,8.866502488047775,5.009275063584074,-0.7153244814091672,-0.5953179949493301,0.8364069521795201,-0.06393974802917565,4.7956342468267925,3.3215905380054096,0.0,0.0,0.0,0.0,0.0,0.0
422,-0.5432696392308005,1.0181798637021209,0.5957773842931917,20.014904382674573,13.168861990191413,-4.395959366527832,-0.7667214694588501,0.5892391130534987,0.8639195805668513,8.32304191713719,7.737844483265388,2.033845285619559,-0.8997906144143839,-0.32399261651671524,0.8524060311928248,1.5598003903715174,8.82751533785748,4.955106326930273,-0.7229376932165336,-0.5905195690240895,0.8323845986037192,-0.06390493125472187,4.772119399611121,3.29329073989702,0.0,0.0,0.0,0.0,0.0,0.0
423,-0.5374462048976824,1.0252603701373275,0.587595212810914,20.088969459070377,13.01473377797166,-4.475995217263462,-0.764275927647366,0.5971331654057976,0.8597908801105342,8.283661658197536,7.702135051543262,1.9396702146745666,-0.9046816791474073,-0.3188757010320887,0.8482824801867422,1.540888245943605,8.788068257778697,4.900627473856592,-0.7305141624910033,-0.5856727212711856,0.8283244476563345,-0.0638636011040812,4.748388708032023,3.2647113595395303,0.0,0.0,0.0,0.0,0.0,0.0
424,-0.5315744149541485,1.0322605904671864,0.5793596556637908,20.161623471000993,12.85944032124548,-4.555564347884569,-0.7617939642625612,0.6050060377596982,0.8556231148338859,8.243882886069422,7.6660550956853335,1.8452929816567165,-0.9095487722380672,-0.31375356796992915,0.8441203583141406,1.5219930164259783,8.748162302763674,4.845841133131609,-0.7380531761327338,-0.5807776914135888,0.824226635389046,-0.06381569996642007,4.724442996769847,3.2358538774223313,0.0,0.0,0.0,0.0,0.0,0.0
425,-0.5256547061981414,1.039179539801232,0.5710713407029193,20.23285161540803,12.702993059690456,-4.6346588294691955,-0.7592756093996539,0.612857155638458,0.8514164245447343,8.203706924541123,7.62960564700107,1.750719133107081,-0.9143915119312567,-0.308626442964958,0.839919806511005,1.5031171470983546,8.707798581620915,4.790749969300019,-0.7455540247334408,-0.5758347260518473,0.8200913015419533,-0.06376117075508003,4.700283111562441,3.2067198146839386,0.0,0.0,0.0,0.0,0.0,0.0
426,-0.5196875239018061,1.0460162428886872,0.5627309054949217,20.302639241224067,12.54540363996269,-4.713270800617205,-0.756720896718939,0.6206859468215212,0.847170952875481,8.163135140372203,7.592787774627282,1.6559542398558018,-0.9192095185685204,-0.3034945505716013,0.8356809694882047,1.4842630862761945,8.66697825709246,4.735356682483122,-0.7530160026805939,-0.5708440786440087,0.8159185895393565,-0.0636999569223718,4.6759099191729305,3.1773107329788655,0.0,0.0,0.0,0.0,0.0,0.0
427,-0.5136733217521093,1.0527697343173026,0.5543389972380484,20.370971852677123,12.386683914204497,-4.791392468859902,-0.754129863452546,0.6284918414082555,0.8428868472785721,8.122168943273502,7.555602585542449,1.5610038964961297,-0.9240024146335263,-0.29835811425124403,0.8314039957267569,1.465433284835891,8.625702545920404,4.679664008172038,-0.7604384082612954,-0.5658060094840929,0.8117086464849214,-0.06363200247434958,4.651324307353967,3.147628234335759,0.0,0.0,0.0,0.0,0.0,0.0
428,-0.5076125617892789,1.0594390587108389,0.545896272675693,20.437835112576604,12.22684593849757,-4.869016112058789,-0.751502550410649,0.6362742718814502,0.838564259021337,8.0808097858791,7.518051224574528,1.4658737208524788,-0.9287698247972898,-0.2932173563598082,0.8270890374724621,1.4466301957370418,8.583972718902547,4.623674717013726,-0.7678205437657866,-0.5607207856791252,0.8074616231562377,-0.06355725198558153,4.626527184808472,3.1176739610068434,0.0,0.0,0.0,0.0,0.0,0.0
429,-0.50150571434307,1.0660232709251827,0.5374033980073233,20.50321484558063,12.065901971261788,-4.946134079793472,-0.7488390019871364,0.6440326731706068,0.8342033431802028,8.039059163710375,7.480134874402402,1.3705693534422698,-0.9335113759631848,-0.28807249813563823,0.8227362507299242,1.4278562735419589,8.54179010093724,4.567391614589767,-0.7751617155905999,-0.5555886811247277,0.8031776739987719,-0.06347565061389357,4.601519481146926,3.087449595308681,0.0,0.0,0.0,0.0,0.0,0.0
430,-0.4953532579668676,1.072521436243011,0.5288610487968468,20.567097041443212,11.903864471599842,-5.022738794737949,-0.746139266164728,0.6517664827149859,0.8298042586342792,7.996918615132044,7.441854755550784,1.2750964569318692,-0.9382266973117065,-0.2829237596877065,0.8183457952559473,1.4091139739325331,8.49915607105725,4.510817541187983,-0.782461234341305,-0.5504099764792735,0.7988569571192126,-0.06338714411509284,4.576302146841155,3.056956859454256,0.0,0.0,0.0,0.0,0.0,0.0
431,-0.4891556793696384,1.0789326305669427,0.52026990987842,20.629467858240314,11.740746097588021,-5.09882275402502,-0.743403394519547,0.6594751405264021,0.8253671680583102,7.9543897213001795,7.403212126378639,1.179460715586624,-0.9429154203449819,-0.27777135998414204,0.8139178345523097,1.3904057532245813,8.456072062452677,4.453955371566931,-0.7897184149348365,-0.5451849591366071,0.7944996342782078,-0.06329167885765762,4.550876153174647,3.026197515376421,0.0,0.0,0.0,0.0,0.0,0.0
432,-0.4829134733457351,1.0852559406111433,0.5116306752597208,20.690313625574206,11.576559704513231,-5.174378530598535,-0.7406314422251361,0.6671580892517746,0.820892237915002,7.91147410610226,7.364208283061147,1.0836678347149258,-0.9475771789310377,-0.2726155168410671,0.8094525358579195,1.3717340678798158,8.412539562482854,4.396808014713172,-0.7969325767013908,-0.5399139231973271,0.7901058708824991,-0.06318920183739998,4.525242492189401,2.995173364542681,0.0,0.0,0.0,0.0,0.0,0.0
433,-0.47662714270258216,1.0914904640913197,0.5029440480227032,20.749620847754933,11.411318343056896,-5.249398774552866,-0.737823468055936,0.674814774235411,0.8163796384467278,7.868173436089193,7.324844559565128,0.9877235401066606,-0.9522116093478046,-0.2674564469117672,0.8049500701403547,1.3531013740155637,8.368560112677171,4.339378413591589,-0.8041030434858584,-0.5345971694386483,0.7856758359764512,-0.06307966069209556,4.499402176629323,2.963886247761424,0.0,0.0,0.0,0.0,0.0,0.0
434,-0.4702971981862338,1.0976353099130245,0.4942107402218435,20.807376206957734,11.245035257425542,-5.323876214459311,-0.734979534390199,0.6824446435810123,0.8118295436666019,7.824489420399339,7.285122327617958,0.8916335774658712,-0.9568183503268473,-0.26229436567617614,0.8004106120867801,1.334510126912383,8.324135308724813,4.281669544888517,-0.811229143748771,-0.5292350052828338,0.7812097022329799,-0.06296300371606199,4.473356239880172,2.9323380449795318,0.0,0.0,0.0,0.0,0.0,0.0
435,-0.46392415840483725,1.1036895983582653,0.48543147277990495,20.863566566356063,11.07772388342886,-5.3978036586791776,-0.7320997072123633,0.6900471482134077,0.8072421313489362,7.780423810674524,7.245042996669987,0.7954037118377926,-0.9613970430968386,-0.2571294874306841,0.795834340094258,1.315962780519694,8.279266800453385,4.223684418747908,-0.81831021066676,-0.5238277447642079,0.7767076459438786,-0.06283917987470465,4.447105735906067,2.900530675071457,0.0,0.0,0.0,0.0,0.0,0.0
436,-0.45750854975000627,1.1096524612703058,0.4766069753812318,20.918178973228557,10.909397846505293,-5.471173996662837,-0.7291840561148726,0.6976217419399865,0.8026175830190712,7.735978400968086,7.204608013850432,0.6990397270304434,-0.9659473314267388,-0.2519620252782747,0.7912214362594341,1.297461786959592,8.23395629179637,4.165426078500506,-0.825345582232476,-0.5183757084947562,0.772169847009544,-0.06270813881900471,4.420651739182592,2.868466095619798,0.0,0.0,0.0,0.0,0.0,0.0
437,-0.4510509063161131,1.1155230422366416,0.46773798636259706,20.97120066203937,10.740070959695501,-5.543980200234607,-0.726232654299436,0.7051678815118309,0.7979560839425844,7.691155027644793,7.163818863916681,0.6025474250307172,-0.970468861668688,-0.24679219111898215,0.786572086367616,1.2790095960289234,8.188205540749294,4.106897600386031,-0.8323346013539648,-0.5128792236283104,0.7675964889281028,-0.06256983089996297,4.393995344626409,2.836146302687352,0.0,0.0,0.0,0.0,0.0,0.0
438,-0.4445517698175389,1.1213004967700977,0.45882525260163226,21.02261905749124,10.569757221564455,-5.6162153248630995,-0.7232455785777563,0.7126850266845504,0.7932578231138931,7.645955569272997,7.122677069197222,0.5059326254151371,-0.9749612828006244,-0.24162019564068016,0.7818864798812482,1.2606086546998667,8.142016359314916,4.04810209326854,-0.8392766159534898,-0.5073386238233368,0.7629877587839506,-0.06242420718298017,4.36713766752161,2.803573330580786,0.0,0.0,0.0,0.0,0.0,0.0
439,-0.43801168950385977,1.1269839924879566,0.4498695294028351,21.072421777549486,10.398470814071795,-5.68787251091641,-0.7202229093716819,0.7201726402787814,0.7885229932442216,7.600381946508551,7.0811841895278596,0.4092011647553022,-0.9794242464685778,-0.23644624831018998,0.7771648099277615,1.242261406619028,8.095390613436876,3.9890426983447798,-0.846170979065749,-0.5017542492043132,0.758343847235683,-0.06227121946217647,4.340079843442525,2.770749251605809,0.0,0.0,0.0,0.0,0.0,0.0
440,-0.4314312220730261,1.1325727092891118,0.4408715803812081,21.120596636436957,10.226226100391703,-5.758944984902072,-0.7171647307128258,0.7276301882403737,0.7837517907489677,7.5544361219709195,7.039341822181546,0.3123588960181851,-0.9838574070286794,-0.23127055736472288,0.7724072732868315,1.2239702916053055,8.048330222922301,3.9297225888458396,-0.8530170489354972,-0.4961264463217232,0.7536649485034433,-0.06211082027465195,4.312823028173251,2.7376761758140478,0.0,0.0,0.0,0.0,0.0,0.0
441,-0.4248109315453946,1.1380658396623358,0.4318321772858776,21.167131649849463,10.053037621683451,-5.82942606155703,-0.7140711302733638,0.7350571397933855,0.7789444157594406,7.5081201003630165,6.997151602037338,0.21541168741798344,-0.9882604216792663,-0.22609332980320354,0.7676140704013442,1.2057377450073334,8.000837161654035,3.870144969653874,-0.8598141892193372,-0.49045556810055513,0.74895126037921,-0.061942962921878876,4.285368397755369,2.7043562506660876,0.0,0.0,0.0,0.0,0.0,0.0
442,-0.418151388789485,1.1434625902448285,0.42275209928167407,21.21201506128739,9.878920084483134,-5.899309154078753,-0.7109421997001377,0.7424529684819002,0.7741010723744572,7.4614359309983564,6.954615204097945,0.11836541607914297,-0.9926329514592108,-0.2209147713735114,0.7627854056218603,1.1875661957805124,7.9529134606646235,3.810313076169348,-0.8665617701837868,-0.4847419736914949,0.7442029844630147,-0.06176760155812376,4.257717149799549,2.670791659969268,0.0,0.0,0.0,0.0,0.0,0.0
443,-0.4114531721231308,1.1487621795097862,0.41363213390158876,21.255235302960948,9.703888377024802,-5.968587759186103,-0.7077780340267814,0.7498171505076374,0.7692219681859694,7.414385703010055,6.911734338866212,0.021225977461665657,-0.9969746596219005,-0.21573508657331825,0.7579214867444223,1.1694580686112517,7.904561202457405,3.7502301754338285,-0.8732591668598685,-0.47898602861297807,0.739420325715437,-0.061584691069281904,4.229870500974105,2.6369846249917757,0.0,0.0,0.0,0.0,0.0,0.0
444,-0.404716867025423,1.1539638385961237,0.4044730766256267,21.296781009876078,9.527957561695665,-6.03725546256252,-0.7045787318191017,0.7571491652302467,0.7643073143780412,7.36697154635754,6.868510753387583,-0.07600071784917262,-1.0012852120987208,-0.21055447864182014,0.7530225251063578,1.151415782664034,7.855782522298765,3.689899565419326,-0.8799057596402085,-0.4731881046544375,0.734603492549912,-0.061394187123788566,4.20182968750999,2.6029374037982076,0.0,0.0,0.0,0.0,0.0,0.0
445,-0.39794306590687445,1.1590668119369214,0.39527573054758464,21.336641030488842,9.351142869036737,-6.10530594301065,-0.701344395281246,0.7644484955491184,0.7593573257968305,7.319195632526505,6.824946231991036,-0.17330874666350793,-1.0055642778530693,-0.20537314955201824,0.7480887356538902,1.1334417505843342,7.806579609118373,3.6293245744152993,-0.8865009347370432,-0.46734857979207123,0.7297526968977898,-0.06119604621159162,4.173595965554412,2.568652290679596,0.0,0.0,0.0,0.0,0.0,0.0
446,-0.3911323680084668,1.164070357419144,0.38604090624218923,21.37480442943606,9.173459695209559,-6.172732973560366,-0.6980751302514615,0.7717146279616541,0.7543722209337829,7.271060174350793,6.781042596173676,-0.2706921738263337,-1.009811528921155,-0.20019130000482538,0.7431203369252736,1.1155383779960826,7.756954705354321,3.5685085606809173,-0.8930440842750916,-0.4614678381384824,0.7248681541916623,-0.060990225657622604,4.145170611067559,2.534131615838273,0.0,0.0,0.0,0.0,0.0,0.0
447,-0.38428537929887685,1.1689737465408996,0.376769421630119,21.411260490228265,8.99492359941711,-6.23953042255836,-0.6947710461972966,0.7789470526211123,0.7493522219082228,7.222567425826378,6.736801704478806,-0.3681450528611543,-1.0140266404524172,-0.1950091294235001,0.7381175510333329,1.0977080629990785,7.706910106786905,3.507454912090969,-0.8995346063836211,-0.4555462698909956,0.7199500833481096,-0.06077668363516967,4.116554919716023,2.4993777450648285,0.0,0.0,0.0,0.0,0.0,0.0
448,-0.37740271236992545,1.173776264566194,0.367462101840963,21.445998717904246,8.815550301279872,-6.305692254738887,-0.6914322562102525,0.7861452633940084,0.7442975544493554,7.173719681917609,6.692225452367535,-0.4656614266175927,-1.0182092907495446,-0.18982683594842384,0.7330806036474202,1.0799531956665402,7.656448162361196,3.446167045775589,-0.905971905287664,-0.44958427127867195,0.7149987067498761,-0.06055537917913373,4.087750206763031,2.464393079407274,0.0,0.0,0.0,0.0,0.0,0.0
449,-0.3704849863302468,1.1784772106771133,0.35811977907411874,21.479008841645975,8.635355678167105,-6.371212532275353,-0.688058876999868,0.7933087579170631,0.7392084478776642,7.124519278355577,6.647315772083855,-0.5632353279230116,-1.0223591613080927,-0.18464461643219932,0.7280097239747803,1.062276157542896,7.605571273998268,3.3846484077537147,-0.9123553913983773,-0.443582244508015,0.7100142502274712,-0.06032627219918666,4.058757806955385,2.4291800548324023,0.0,0.0,0.0,0.0,0.0,0.0
450,-0.3635328266972271,1.1830758981234037,0.34874329245768465,21.510280817353376,8.454355762484454,-6.436085415812352,-0.6846510288872594,0.8004370376536849,0.7340851350857235,7.074968591428775,6.602074632513281,-0.6608607802378108,-1.0264759368556824,-0.17946266643509168,0.7229051447413324,1.0446793211419907,7.554281896395194,3.322902472560511,-0.9186844814025126,-0.4375405977073968,0.7049969430402003,-0.060089323492804735,4.02957907440721,2.3937411418794947,0.0,0.0,0.0,0.0,0.0,0.0
451,-0.3565468652872268,1.1875716543694061,0.3393334879053703,21.539804830178152,8.272566738918258,-6.500305165478046,-0.6812088357981062,0.8075296079499908,0.7289278525184256,7.025070037766055,6.556504039035079,-0.7585317983145385,-1.0305593053907955,-0.1742811802207943,0.7177671021718796,1.027165049445862,7.502582536813853,3.2609327428686936,-0.9249585983509976,-0.4314597448702034,0.6999470178566367,-0.05984449475818144,4.0002153824805475,2.35807884530639,0.0,0.0,0.0,0.0,0.0,0.0
452,-0.34952774010411,1.191963821238277,0.3298912179714544,21.567571297015515,8.09000494163719,-6.5638661418763,-0.6777324252550784,0.8145859780903358,0.7237368401526164,6.9748260741118235,6.510606033367994,-0.8562423888604922,-1.0346089582211275,-0.1691003507525267,0.7125958359697316,1.009735695404182,7.450475754858424,3.198742749103872,-0.9311771717465808,-0.42534010579671355,0.6948647107345234,-0.059591748607029434,3.97066812366271,2.322195703728005,0.0,0.0,0.0,0.0,0.0,0.0
453,-0.3424760952261214,1.1962517550534961,0.3204173417038374,21.593570868953652,7.906686851452158,-6.6267628070585625,-0.6742219283697289,0.8216056613523728,0.7185123414761664,6.924239197093744,6.4643826934097275,-0.9539865512038026,-1.0386245900015363,-0.1639203696894667,0.7073915892957731,0.9923936014345992,7.397964162241882,3.136336049054073,-0.9373396376305526,-0.4191821060347338,0.68975026110013,-0.0593310485772474,3.9409387094406028,2.286094289247424,0.0,0.0,0.0,0.0,0.0,0.0
454,-0.3353925806911161,1.2004348267775573,0.310912724495203,21.617794433679315,7.7226290929346675,-6.688989725474949,-0.6706774798338206,0.8285881750615975,0.7132546034664482,6.873311942982686,6.417836133069867,-1.0517582779628993,-1.0426058987715292,-0.1587414273835038,0.7021546087469441,0.9751410989240427,7.345050422541165,3.0737162274733016,-0.9434454386684934,-0.41298617681897987,0.684603911727043,-0.0590623591454461,3.9110285701718226,2.2497772070795454,0.0,0.0,0.0,0.0,0.0,0.0
455,-0.3282778523801977,1.2045124221478525,0.30137823793234686,21.64023311783946,7.5378484314949254,-6.750541564904349,-0.6670992179101223,0.8355330406453967,0.7079638765682564,6.822046887445206,6.370968502096623,-1.1495515557190834,-1.0465525859923213,-0.15356371287632978,0.6968851443341737,0.9579805077311789,7.291737250941354,3.0108868956794996,-0.9494940242350439,-0.40675275500924246,0.679425908714415,-0.05878564573936556,3.880939154952734,2.2132470951674765,0.0,0.0,0.0,0.0,0.0,0.0
456,-0.3211325718997668,1.208483941809682,0.29181475964369374,21.660878289357974,7.3523617704198925,-6.81141309736336,-0.663487284422655,0.8424397836865901,0.7026404146711595,6.770446645288569,6.323781985897213,-1.2473603656923489,-1.05046435658345,-0.14838741389684884,0.6915834494597495,0.9409141356901908,7.238027413968804,2.9478516911467167,-0.9554848504976895,-0.40048228302733263,0.6742165014646699,-0.05850087475011726,3.8506719314834865,2.1765066237916653,0.0,0.0,0.0,0.0,0.0,0.0
457,-0.31395740646202863,1.2123488014463393,0.2822231731450418,21.679721559706273,7.166186147872304,-6.871599199993505,-0.6598418247463923,0.8493079339764288,0.6972844750862781,6.718513870198178,6.2762788053519,-1.3451786844200186,-1.0543409189589124,-0.14321271685891848,0.686249780894126,0.9239442781159524,7.183923729213142,2.8846142770917504,-0.9614173804995042,-0.39417520879282597,0.6689759426606587,-0.058208013544319294,3.8202283859299357,2.139558495171903,0.0,0.0,0.0,0.0,0.0,0.0
458,-0.3067530287639765,1.2161064319062678,0.2726043676835761,21.69675478612796,6.979338733851241,-6.931094855926798,-0.6561629877964307,0.8561370255670909,0.691896318522521,6.666251254467741,6.228461216621888,-1.4430004844383673,-1.0581819850628724,-0.138039806859412,0.6808843987521943,0.9070732173108388,7.129429065038419,2.8211783420552683,-0.9672910842408872,-0.38783198565762345,0.6637044882422891,-0.05790703047605533,3.7896100227826235,2.1024054430622905,0.0,0.0,0.0,0.0,0.0,0.0
459,-0.29952011686488655,1.2197562793271965,0.2629592380801824,21.71197007381576,6.791836827115051,-6.989895155129096,-0.6524509260166103,0.8629265968236138,0.6864762090622509,6.613661528721957,6.180331510950886,-1.540819734966909,-1.0619872704048718,-0.13286886767660477,0.6754875664689937,0.8903032220732283,7.07454634028323,2.7575475994774585,-0.973105438760219,-0.381453072339332,0.6584023973826126,-0.057597894898709576,3.758818364712717,2.065050232339199,0.0,0.0,0.0,0.0,0.0,0.0
460,-0.2922593540623601,1.2232978052572698,0.2532886845701121,21.725359778040925,6.6036978520675085,-7.047995295221174,-0.6487057953676161,0.8696761904752944,0.6810244141364191,6.560747461632037,6.131892014460621,-1.6386304025952558,-1.0657564940945916,-0.12770008176888717,0.6700595507748949,0.8736365472079354,7.019278523950074,2.693725787268427,-0.9788599282134661,-0.37503893285349743,0.6530699324633972,-0.05728057717661912,3.7278549524250595,2.0274956585824153,0.0,0.0,0.0,0.0,0.0,0.0
461,-0.28497142876693105,1.226730486773089,0.24359361264201979,21.736916506233726,6.414939355607717,-7.105390582277149,-0.6449277553145312,0.8763853536665264,0.67554120449914,6.507511859623851,6.083145087940071,-1.7364264519725197,-1.069489378876117,-0.12253363027378986,0.6646006216702354,0.8570754330386396,6.963628634883793,2.6297166673732426,-0.9845540439526793,-0.368590036444681,0.6477073590501623,-0.05695504869658671,3.696721344508229,1.9897445476494504,0.0,0.0,0.0,0.0,0.0,0.0
462,-0.27765703437527767,1.2300538165946475,0.2338749328754271,21.74663312001465,6.225579003944719,-7.162076431600028,-0.6411169688138665,0.8830536380070738,0.6700268542017336,6.45395756657895,6.034093126628645,-1.8342018464990004,-1.0731856511617246,-0.11736969300733413,0.6591110523994286,0.8406221049225012,6.907599741439292,2.56552402533186,-0.990187284603391,-0.36210685751641436,0.6423149458667061,-0.05662128187922302,3.665419117281741,1.951799755243188,0.0,0.0,0.0,0.0,0.0,0.0
463,-0.2703168691420779,1.2332673031971426,0.2241335607766498,21.754502737175912,6.035634579377725,-7.2180483684743155,-0.6372736023000704,0.8896805996217851,0.6644816405662407,6.4000874635285125,5.984738559993374,-1.9319505490201556,-1.0768450410651884,-0.11220844846369733,0.6535911194245525,0.8242787727671029,6.8511949611386465,2.501151669833966,-0.9957591561408944,-0.3555898755600399,0.6368929647691203,-0.05627925019013211,3.633949864640396,1.9136641664729455,0.0,0.0,0.0,0.0,0.0,0.0
464,-0.2629516360505221,1.2363704709195669,0.2143704166132196,21.76051873361159,5.845123977042375,-7.2733020288950305,-0.6333978256714956,0.8962657991997046,0.6589058441583879,6.345904468340059,5.935083851499846,-2.029666522522596,-1.080467282434567,-0.1070500738151915,0.6480411023983986,0.8080476305498542,6.794417460317394,2.436603432268786,-1.0012691719653595,-0.3490395750824479,0.6314416907192838,-0.05592892815090901,3.602315197895736,1.8753406954090093,0.0,0.0,0.0,0.0,0.0,0.0
465,-0.255562042681539,1.239362860070118,0.20458642524686543,21.76467474519704,5.654065201624472,-7.3278331602733555,-0.6294898122758623,0.9028088020426115,0.6532997487600536,6.29141153539735,5.885131498377412,-2.127343730832023,-1.0840521128845053,-0.1018947449125613,0.6424612841370266,0.7919308558400106,6.737270453760464,2.371883166270065,-1.0067168529758035,-0.34245644553273863,0.6259614017578704,-0.05557029134998443,3.570516745614767,1.8368322846308254,0.0,0.0,0.0,0.0,0.0,0.0
466,-0.248148801081746,1.2422440270283461,0.19478251596506363,21.766964669616087,5.462476364041329,-7.381637622118445,-0.6255497388951909,0.9093091781129652,0.6476636413411976,6.236611655273227,5.834884031378239,-2.22497613931307,-1.0875992738280271,-0.09674263628558742,0.6368519505917919,0.7759306093234548,6.6797572043275,2.3069947472561743,-1.012101727642884,-0.3358409812278129,0.6204523789768464,-0.05520331645327097,3.5385561534558603,1.7981419047688556,0.0,0.0,0.0,0.0,0.0,0.0
467,-0.24071262763017653,1.2450135443440111,0.18495962231122692,21.76738266813547,5.27037567809219,-7.434711386695234,-0.6215777857302238,0.9157665020812354,0.6419978120312836,6.181507854395597,5.784344014530581,-2.3225577155707664,-1.0911085105078067,-0.09159392114400275,0.6312133908208737,0.7600490343303561,6.621881022567791,2.2419420719655334,-1.0174233320804884,-0.3291936812769138,0.6149149064914788,-0.054827981214654584,3.5064350840019243,1.7592725540402587,0.0,0.0,0.0,0.0,0.0,0.0
468,-0.23325424290380606,1.247671000832645,0.17511868191356345,21.765923167326463,5.077781457078186,-7.487050539658071,-0.6175741363843356,0.9221803533726386,0.6363025540901988,6.1261031947067,5.7335140448861415,-2.42008243015359,-1.0945795720269358,-0.08644877137871661,0.6255458969603066,0.7442882563659121,6.563645266324939,2.176729057987436,-1.022681210116128,-0.32251504950513954,0.6093492714118619,-0.05444426448626947,3.4741552165909044,1.7202272577785087,0.0,0.0,0.0,0.0,0.0,0.0
469,-0.2257743713482611,1.2502160019121455,0.16526063605145097,21.7625808651021,4.884712105457731,-7.538651282087152,-0.6135389778859176,0.9285503164102374,0.6305781638966388,6.0704007735100625,5.682396752479648,-2.517544258733685,-1.098012211561875,-0.08130735758640213,0.6198497642114789,0.7286503821254599,6.505053340616702,2.1113596427960353,-1.0278749135773952,-0.3158055942803206,0.6037557638300494,-0.054052146245350194,3.4417182472290357,1.6810090673551115,0.0,0.0,0.0,0.0,0.0,0.0
470,-0.21827374088939316,1.2526481700329741,0.15538642913864403,21.757350738374136,4.69118610896668,-7.589509933106464,-0.6094725007364467,0.9348759809533808,0.6248249409551083,6.014403723495598,5.630994800466402,-2.6149371849352163,-1.101406186671384,-0.07616984910082669,0.6141252908466379,0.7131374983921931,6.446108697717577,2.0458377826120984,-1.03300400267754,-0.3090658283081224,0.5981346768245516,-0.053651607625796856,3.4091258886010967,1.6416210588971938,0.0,0.0,0.0,0.0,0.0,0.0
471,-0.21075308373901536,1.2549671435702239,0.14549700982106423,21.75022802327369,4.497222055198332,-7.639622923474622,-0.6053748987035975,0.9411569411849428,0.6190431877785626,5.9581152114371685,5.579310883795502,-2.7122551938666337,-1.1047612584385769,-0.07103641388293577,0.6083727780965587,0.6977516741165571,6.386814835345689,1.9801674543144847,-1.0380680450245283,-0.3022962690174388,0.592486306352766,-0.05324263084599366,3.3763798694809486,1.6020663357260412,0.0,0.0,0.0,0.0,0.0,0.0
472,-0.20321313573246483,1.2571725775332165,0.13559333009906538,21.741208227949596,4.302838616802431,-7.68898679973492,-0.6012463688921262,0.9473927962468011,0.6132332098906589,5.901538438208548,5.527347729389362,-2.809492276593573,-1.1080771919478907,-0.06590721858666397,0.6025925301505621,0.6824949585336637,6.327175296851316,1.9143526536410398,-1.0430666162329834,-0.2954974382226614,0.5868109512496237,-0.05282519926307011,3.343481934700325,1.5623480262495169,0.0,0.0,0.0,0.0,0.0,0.0
473,-0.1956546361426792,1.2592641436942635,0.12567634508882386,21.730287134924616,4.10805454679835,-7.737598225010048,-0.5970871117332263,0.9535831503272578,0.6073953157974804,5.844676638444949,5.475108095903466,-2.9066424311854715,-1.111353756354167,-0.06078242856758321,0.5967848541281713,0.6673693805979795,6.267193670824537,1.8483973945789014,-1.047999300035825,-0.28866986201878864,0.5811089131996224,-0.05239929738568942,3.310433844981275,1.5224692833157882,0.0,0.0,0.0,0.0,0.0,0.0
474,-0.1880783275382376,1.2612415306581959,0.11574701284313216,21.717460802395877,3.9128886750076086,-7.785453979447684,-0.5928973309649072,0.9597276127035477,0.6015298169551353,5.78753308015796,5.4225947734345565,-3.003699663428559,-1.1145907249104159,-0.055662207886469875,0.5909500600468749,0.6523769485435085,6.206873590631873,1.7823057088642005,-1.0528656883455696,-0.2818140706977098,0.575380496705174,-0.05196491088275002,3.277237376749137,1.4824332837006022,0.0,0.0,0.0,0.0,0.0,0.0
475,-0.18048495564056258,1.2631044439283508,0.10580629417131637,21.70272556547753,3.7173599044650683,-7.832550960640521,-0.5886772336118912,0.9658257977836536,0.5956370277369107,5.730111064344387,5.369810583223466,-3.1006579875389875,-1.117787874994995,-0.050546719313165116,0.5850884607894502,0.6375196494481953,6.1462187339434955,1.716081645478161,-1.0576653813142736,-0.2749305986636301,0.5696260090545167,-0.051522026591876116,3.2438943219431007,1.4422432275895543,0.0,0.0,0.0,0.0,0.0,0.0
476,-0.1728752691803104,1.2648526059689849,0.09585515245830517,21.68607803738506,3.5214872078094945,-7.878886184020665,-0.5844270299650327,0.9718773251474365,0.589717265399972,5.672413924589079,5.316758377352606,-3.197511426876119,-1.1209449881382236,-0.04543612433071482,0.5792003720708411,0.6227994488026877,6.0852328222510925,1.6497292701396005,-1.0623979873921177,-0.26801998434764596,0.5638457602891985,-0.05107063252768815,3.2104064878244394,1.4019023380554132,0.0,0.0,0.0,0.0,0.0,0.0
477,-0.16525001975299586,1.2664857562640877,0.08589455348290909,21.66751511056067,3.325289623654627,-7.924456783228137,-0.5801469335602532,0.9778818195870455,0.5837708500516178,5.61444502666176,5.263441038438124,-3.2942540146556376,-1.1240618500483837,-0.040330583139793603,0.5732861124045968,0.6082182900835749,6.023919620376398,1.5832526647940037,-1.0670631233845886,-0.2610827701214945,0.5580400631711316,-0.050610717889850665,3.176775696782366,1.3614138605306647,0.0,0.0,0.0,0.0,0.0,0.0
478,-0.15760996167388133,1.2680036513725952,0.07592546523534088,21.647033957739666,3.128786252941498,-7.969260010453626,-0.5758371611570074,0.9838389111466374,0.5777981046150923,5.556207768107956,5.209861479316822,-3.390879794662604,-1.127138250637152,-0.03523025466340045,0.5673460030688774,0.59377809433122,5.962282935970565,1.5166559270991993,-1.0716604145082824,-0.2541195022104926,0.552209233149225,-0.05014227307090533,3.1430037861375935,1.3207810622753478,0.0,0.0,0.0,0.0,0.0,0.0
479,-0.14995585183217933,1.2694060649799424,0.06594885773405551,21.62463203295681,2.9319962552733387,-8.013293236754956,-0.5714979327162734,0.989748235161345,0.5717993547949682,5.497705577834143,5.156022642727882,-3.4873828219639,-1.1301739840444,-0.030135296551837137,0.5613803680720355,0.5794807597323408,5.900326619004508,1.4499431699078782,-1.076189494445272,-0.2471307306056942,0.5463535883256058,-0.049665289663865436,3.109092607943646,1.280007231840385,0.0,0.0,0.0,0.0,0.0,0.0
480,-0.14228844954459977,1.2706927879460201,0.05596570284192137,21.60030707249353,2.734938845233724,-8.05655395234784,-0.5671294713780908,0.9956094322955699,0.5657749290421105,5.43894191568725,5.101927500989554,-3.583757163620452,-1.1331688486624352,-0.02504586518795068,0.5553895341177862,0.5653281612074309,5.838054561250356,1.3831185207469563,-1.0806500053960857,-0.24011700897528115,0.5404734494214388,-0.049179760469602596,3.075044028785963,1.239095678526478,0.0,0.0,0.0,0.0,0.0,0.0
481,-0.13460851640828533,1.271863628349417,0.04597697408180701,21.574057095764008,2.5376332886891886,-8.09903976687012,-0.5627320034386223,1.001422148580493,0.5597251585182114,5.3799202720284685,5.047579055670699,-3.67999689939856,-1.1361226471595882,-0.019962115692644805,0.5493738305699566,0.5513221500031777,5.775470695754035,1.316186121293916,-1.0850415981312178,-0.23307889457520498,0.5345691397423388,-0.04868567950397669,3.0408599295787964,1.1980497318387004,0.0,0.0,0.0,0.0,0.0,0.0
482,-0.12691681615317046,1.2729184115280212,0.03598364645160035,21.54588040614135,2.340098899077123,-8.14074840961997,-0.5583057583267712,1.0071860354508875,0.5536503770599213,5.320644167301595,4.9929803372574035,-3.776096122480576,-1.1390351865032198,-0.01488420193065796,0.543333589416836,0.5374645532899656,5.712578996299217,1.249150126850292,-1.0893639320412136,-0.22601694815910922,0.5286409851433926,-0.04818304200474832,3.0065422053599726,1.156872740936947,0.0,0.0,0.0,0.0,0.0,0.0
483,-0.11921411449380684,1.2738569801159165,0.0259866962387299,21.515775591722452,2.1423550336800643,-8.181677729767726,-0.5538509685803416,1.0129007497811737,0.5475509211425715,5.261117151595935,4.938134404814647,-3.8720489401746283,-1.1419062779821028,-0.009812276516595877,0.5372691452351271,0.5237571737646037,5.649383476862694,1.182014705812335,-1.0936166751852976,-0.2189317338875446,0.522689313993796,-0.04767184443825357,2.9720927650835693,1.1155680740823408,0.0,0.0,0.0,0.0,0.0,0.0
484,-0.11150117898069896,1.2746791940765863,0.015987100834236656,21.483741526032002,1.9444210898875132,-8.221825696541352,-0.5493678698217555,1.0185659539207228,0.5414271298435045,5.201342804203912,4.883044345643163,-3.9678494746231587,-1.1447357372281757,-0.0047464908212297985,0.5311808351535108,0.5102017892584003,5.585888191061373,1.114784039139089,-1.0977995043385174,-0.21182381923650906,0.516714457141111,-0.04715208450583256,2.9375135314105245,1.0741391180797721,0.0,0.0,0.0,0.0,0.0,0.0
485,-0.10377877885117705,1.2753849307324,0.0059858385464327535,21.449777368664826,1.746316501445983,-8.261190399385503,-0.5448567007333256,1.0241813157284179,0.5352793448050109,5.141324733173416,4.827713274931485,-4.063491863510352,-1.1475233842376864,0.00031300502195983466,0.5250689988158237,0.49680015235067976,5.522097231590953,1.0474623198178563,-1.1019121050374312,-0.204693774905322,0.5107167478751502,-0.04662376115002341,2.9028064404972254,1.032589277716645,0.0,0.0,0.0,0.0,0.0,0.0
486,-0.09604768487986337,1.2759740847903664,-0.004016111585789739,21.413882565866523,1.548060734698579,-8.299770048094087,-0.5403177030320876,1.029746508606434,0.5291079101968794,5.081066574855012,4.772144335403266,-4.158970260768074,-1.1502690433916871,0.005366062109986942,0.5189339783438575,0.48355398998787685,5.458014729656423,0.9800537523272592,-1.1059541716242831,-0.19754217472386176,0.5046965218914926,-0.04608687456050699,2.867973441782114,0.9909219751980063,0.0,0.0,0.0,0.0,0.0,0.0
487,-0.08830866922875866,1.2764465683641915,-0.014017769979963346,21.37605685105259,1.3496732848149762,-8.3375629729165,-0.5357511214442121,1.0352612115332875,0.5229131726785807,5.020571993444179,4.716340696960012,-4.254278837280422,-1.1529725434759268,0.010412532763318811,0.5127761182997967,0.4704650031083185,5.393644854394614,0.9125625520980032,-1.1099254072897065,-0.1903695955591891,0.4986541172546478,-0.04554142617980088,2.833016497770378,0.9491406495781912,0.0,0.0,0.0,0.0,0.0,0.0
488,-0.08056250529699949,1.2768023109925486,-0.024018156697292237,21.336300245264784,1.1511736720129657,-8.374567624637116,-0.5311572036789712,1.0407251090960712,0.5166954813610738,4.9598446805185405,4.660305556319203,-4.349411781586435,-1.1556337177000704,0.015452270518591611,0.5065957656482877,0.4575348662727727,5.328991812288807,0.8449929449714432,-1.1138255241138868,-0.1831766172215739,0.49258987436086127,-0.044987418708729104,2.7979375838167138,0.9072487561891031,0.0,0.0,0.0,0.0,0.0,0.0
489,-0.07280996757031974,1.277041259653649,-0.03401629163012032,21.29461305756579,0.9525814377723927,-8.410782574628495,-0.5265362004023018,1.0461378915219524,0.510455187768258,4.898888354570331,4.604042136647934,-4.444363300581146,-1.1582524037163153,0.02048513012109041,0.5003932697181586,0.4447652273009453,5.264059846575655,0.7773491666560737,-1.1176542431062406,-0.17596382236995117,0.48650413590058195,-0.04442485611159522,2.76273868790628,0.8652497660652757,0.0,0.0,0.0,0.0,0.0,0.0
490,-0.06505183147025903,1.2771633787760284,-0.04401119468954612,21.250995885370976,0.7539161410427138,-8.446206514877876,-0.5218883652099353,1.0514992547088617,0.5041926457980654,4.837706760534108,4.547553687192132,-4.539127620214562,-1.1608284436373377,0.02551096751699348,0.49416898216378663,0.4321577069139391,5.198853236644487,0.7096354621820784,-1.1214112942435428,-0.16873179641682684,0.480397246820587,-0.0438537436211499,2.727421810433805,0.8231471653658619,0.0,0.0,0.0,0.0,0.0,0.0
491,-0.05728887320316303,1.2771686502456014,-0.05400188599314393,21.205449614717747,0.5551973544451695,-8.480838257987266,-0.5172139546001286,1.05680890025541,0.4979082116832147,4.77630366930986,4.490843482901456,-4.633698986188586,-1.163361684053604,0.03052963984538656,0.4879232569261337,0.4197138983828553,5.133376297429192,0.6418560853540489,-1.1250964165065305,-0.1614811274326574,0.4742695542857838,-0.04327408774327573,2.6919889639809598,0.7809444547936757,0.0,0.0,0.0,0.0,0.0,0.0
492,-0.049521869609006695,1.2770570734089448,-0.06398738605274729,21.157975420472006,0.3564446604704301,-8.514676737146978,-0.512513227945977,1.062066535490011,0.49160224395161695,4.714682877281558,4.433914824049854,-4.728071664651726,-1.1658519760500354,0.03554100543005689,0.4816564501934404,0.40743536718360995,5.067633378792765,0.5740152982019502,-1.1287093579149667,-0.15421240604972106,0.46812140764068133,-0.042685896261415425,2.65644217309197,0.738645149011419,0.0,0.0,0.0,0.0,0.0,0.0
493,-0.04175159801009408,1.276828665072824,-0.07396671596222715,21.108574766471747,0.1576776476731158,-8.547721006082597,-0.507786447467334,1.067271873499198,0.4852751033864606,4.65284820583136,4.37677103585201,-4.822239942891258,-1.1682991752220069,0.04054492377105408,0.47536892036160483,0.39532365065806213,5.0016288649047675,0.5061173704305957,-1.1322498755611405,-0.14692622536551464,0.46195315837055423,-0.04208917824074985,2.620783474047589,0.6962527760552846,0.0,0.0,0.0,0.0,0.0,0.0
494,-0.033978836059660913,1.276483459499958,-0.08393889758523743,21.05724940560765,-0.04108409313621873,-8.579970238975589,-0.5030338782023287,1.0724246331551532,0.4789271529859639,4.590803500849455,4.319415468075618,-4.916198130023046,-1.1707031416907028,0.04554125553604708,0.46906102799423693,0.3833802576815572,4.935367173611746,0.43816657886753335,-1.135717735641825,-0.13962318084568245,0.45576516006229434,-0.04148394403211629,2.585014914637407,0.6537708767459897,0.0,0.0,0.0,0.0,0.0,0.0
495,-0.026204361590435696,1.276021508401031,-0.09390295374285534,21.004001379840723,-0.23982097270015848,-8.611423730357414,-0.4982557879784983,1.0775245391424255,0.4725587579228198,4.528552632239766,4.26185149464964,-5.009940557678538,-1.1730637401178095,0.05052986255145937,0.46273313578240893,0.37160666833700806,4.868852755800838,0.37016720690966787,-1.1391127134886605,-0.13230387022651555,0.4495577683649649,-0.04087020527564151,2.5491385539305784,0.6112030040974643,0.0,0.0,0.0,0.0,0.0,0.0
496,-0.018428952325073127,1.2754428809177498,-0.10385790857221722,20.948833020335762,-0.43851341053760395,-8.64208089475769,-0.493452447362924,1.0825713220142625,0.46617028547320366,4.466099493136019,4.204082513018165,-5.1034615812215165,-1.1753808397398056,0.055510607766403396,0.45638560847419934,0.36000433331331916,4.802090094475817,0.302123543587527,-1.1424345936248665,-0.1249688933320621,0.44333134092077886,-0.04024797490770557,2.5131564618765876,0.5685527222126823,0.0,0.0,0.0,0.0,0.0,0.0
497,-0.010653385305491897,1.2747476636180315,-0.1138027882369092,20.891746948310086,-0.6371418491422791,-8.671941266071578,-0.48862412958447904,1.0875647183462376,0.45976210489787533,4.403447998661355,4.1461119431000135,-5.196755582241202,-1.177654314483607,0.06048335516201297,0.4500188127564781,0.34857467277106646,4.735083703387283,0.23403988183787616,-1.1456831699116692,-0.11761885171670161,0.4370862372491948,-0.03961726717483893,2.4770707186357077,0.5258236041259696,0.0,0.0,0.0,0.0,0.0,0.0
498,-0.0028784378103903635,1.2739359605240193,-0.12373661979088302,20.832746073584524,-0.8356867313802882,-8.701004499127547,-0.48377111066872186,1.092504470538896,0.4533345876391147,4.3406020876805975,4.087943228868636,-5.289816965185587,-1.1798840428385615,0.06544796995075959,0.4436331174503348,0.3373190782409734,4.667838128599832,0.16592052088897719,-1.1488582453705434,-0.11025434922304746,0.43082281893823565,-0.03897809760878019,2.4408834156771277,0.4830192351490538,0.0,0.0,0.0,0.0,0.0,0.0
499,0.0048951132925805566,1.2730078930293192,-0.13365843197542493,20.771833594342624,-1.034128516529616,-8.729270368390178,-0.4788936693138391,1.0973903269020127,0.44688810715227845,4.2775657210903475,4.02957983688252,-5.38264015969156,-1.1820699078873882,0.07040431846852269,0.43722889334417625,0.3262389112757151,4.60035794663907,0.09776976434961054,-1.1519596322598489,-0.1028759915780736,0.4245414494811796,-0.03833048304133964,2.404596654839076,0.44014321044668103,0.0,0.0,0.0,0.0,0.0,0.0
500,0.012666491786676976,1.2719635998611092,-0.14356725551499921,20.70901299682045,-1.2324476862702207,-8.756738767526885,-0.4739920868451022,1.1022220416931716,0.4404230388431357,4.214342881109054,3.971025255700764,-5.475219621581473,-1.1842117973272661,0.07535226814692485,0.430806513131573,0.31533550298430446,4.5326477636276,0.029591919404989064,-1.154987152110622,-0.09548438623853672,0.41824249421569165,-0.03767444160855032,2.3682125479772465,0.39719913410430197,0.0,0.0,0.0,0.0,0.0,0.0
501,0.020434922256541626,1.2708032370440945,-0.15346212330249004,20.64428805485253,-1.4306247484669994,-8.783409709106614,-0.4690666471834599,1.1069993751388638,0.4339397600255117,4.150937570758513,3.9122829954666765,-5.567549833528449,-1.1863096034805274,0.08029168750294953,0.42436635136924833,0.304610153758492,4.464712214607523,-0.038608703743056416,-1.15794063574562,-0.0880801422908715,0.41192632028267556,-0.03700999275225054,2.3317332167266986,0.3541906185229394,0.0,0.0,0.0,0.0,0.0,0.0
502,0.02819963023833754,1.269526977860781,-0.16334207058387495,20.577662829355273,-1.6286402409440688,-8.809283324273034,-0.46411763681380347,1.1117220934547565,0.4274386498786941,4.08735381334225,3.853356587488137,-5.659625305717725,-1.1883632233046866,0.08522244612838571,0.41790878443483753,0.294064133006426,4.3965559628576685,-0.1068277924360847,-1.160819923296763,-0.08066387035086749,0.4055932965849007,-0.03633715722139312,2.295160792262617,0.31112128381300963,0.0,0.0,0.0,0.0,0.0,0.0
503,0.03595984236950216,1.2681350128080515,-0.17320613514226846,20.509141667747542,-1.8264747352493753,-8.834359862392132,-0.4591453447528921,1.1163899688651011,0.4209200894046046,4.023595651920854,3.794249583814773,-5.751440576503776,-1.190372558401767,0.09014441467910109,0.41143419048441743,0.28369867889362554,4.328183699205629,-0.1750610321191331,-1.1636248642209563,-0.07323618246314735,0.39924379374540997,-0.03565595707308701,2.258497415059935,0.2679947571872271,0.0,0.0,0.0,0.0,0.0,0.0
504,0.04371478653808161,1.2666275495500736,-0.18305335748129964,20.43872920330877,-2.0241088404086605,-8.858639690674526,-0.45415006251695433,1.1210027796212951,0.41438446138474344,3.959667148784381,3.734965556812027,-5.8429902130632065,-1.1923375150269484,0.09505746486415347,0.40494294940981457,0.2735149980913555,4.259600141334786,-0.24330410690079504,-1.1663553173142882,-0.06579769200046975,0.39287818406571157,-0.034966415673351625,2.2217452346518596,0.22481467235272368,0.0,0.0,0.0,0.0,0.0,0.0
505,0.051463692031608374,1.2650048128675582,-0.1928827810077791,20.366430354474794,-2.221523206667861,-8.882123293772556,-0.449132084088968,1.1255603100196014,0.4078321503369125,3.895572384921886,3.6755080987321684,-5.934268812043246,-1.194258004096527,0.09996146943474482,0.39843544279569665,0.2635142655324467,4.190810033086463,-0.31155270011316394,-1.1690111507246186,-0.05834901356287888,0.3864968414837626,-0.03426855769760158,2.18490640938734,0.18158466890253142,0.0,0.0,0.0,0.0,0.0,0.0
506,0.05920578968547498,1.2632670446033727,-0.20269345221358787,20.29225032407153,-2.4186985292226817,-8.904811273352333,-0.444091705885626,1.130062350417999,0.40126354247173324,3.831315459488328,3.6158808212824156,-6.025271000205644,-1.1961339411951837,0.10485630217301782,0.39191205387646594,0.25369762417465636,4.121818143757472,-0.3798024948714549,-1.1715922419625389,-0.05089076287673265,0.38010014153176064,-0.033562409130843456,2.147983106187562,0.13830839170660825,0.0,0.0,0.0,0.0,0.0,0.0
507,0.06694031203077201,1.2614145036045359,-0.21248442085676345,20.216194598486755,-2.6156155519345754,-8.926704347640843,-0.43902922672399347,1.134508697252184,0.39467902564895513,3.766900489268807,3.5560873551901633,-6.115991435065899,-1.1979652465825592,0.10974183788070574,0.3853731674929468,0.244066184771586,4.052629267393104,-0.4480491746332713,-1.1740984779107058,-0.04342355669362254,0.373688461293738,-0.032847997267607704,2.110977500301456,0.09498949030250206,0.0,0.0,0.0,0.0,0.0,0.0
508,0.07466649344154426,1.2594474656606123,-0.2222547401417087,20.138268946780318,-2.812255071031864,-8.947803350948378,-0.433944947787865,1.1388991530507044,0.3880789893335822,3.7023316081404407,3.4961313497655526,-6.206424805527606,-1.1997518451991351,0.11461795236763556,0.37881917004889765,0.2346210256512653,3.9832482220759213,-0.5162884237573,-1.1765297548315534,-0.03594801268922031,0.3672621793629847,-0.03212535071159118,2.0738917750603494,0.051631618285855496,0.0,0.0,0.0,0.0,0.0,0.0
509,0.08238357028143645,1.257366223438515,-0.23200346689851042,20.058479419732773,-3.008597938795387,-8.968109233166327,-0.42883917259382087,1.1432335264492361,0.3814638245517982,3.6376129665317616,3.436016472461234,-6.2965658325119085,-1.2014936666714227,0.1194845224400941,0.37225044946732605,0.2253631925024112,3.9136798492102756,-0.5845159280614022,-1.1788859783733767,-0.028464749362064404,0.36082167579928437,-0.031394499375024906,2.0367281216316853,0.008238432700841125,0.0,0.0,0.0,0.0,0.0,0.0
510,0.09009078104967705,1.255171086413766,-0.24172966176128352,19.976832348833177,-3.2046250672272727,-8.987623059240724,-0.42371220695700046,1.1475116322039942,0.37483392384672937,3.572748730880022,3.375746408429689,-6.386409269581842,-1.2031906453164594,0.12434142588906044,0.365667395146647,0.216293698168461,3.843929012803025,-0.6527273753799305,-1.1811670635747968,-0.020974385932317784,0.3543673320859968,-0.03065547447775418,1.9994887387720024,-0.03518640656929245,0.0,0.0,0.0,0.0,0.0,0.0
511,0.09778736652637177,1.2528623807981878,-0.25143238934552353,19.893334345205727,-3.400317431702094,-9.006346008621396,-0.4185643589565859,1.1517332912042688,0.36818968123402546,3.507743083086259,3.315324860077967,-6.475949903561361,-1.204842720145598,0.1291885414783052,0.3590703979166649,0.20741352244937666,3.774000598740346,-0.7209184561201161,-1.1833729348675852,-0.013477542240520057,0.34789953108697247,-0.029908308546056722,1.9621758325790726,-0.07863923741140677,0.0,0.0,0.0,0.0,0.0,0.0
512,0.10547256991706425,1.2504404494641144,-0.26111071842440403,19.807992298476314,-3.5956560745994053,-9.024279374687394,-0.41339593890101545,1.155898330484109,0.3615314921572917,3.4426002199684937,3.2547555466201095,-6.56518255514917,-1.2064498348676154,0.13402574893237254,0.35245984999441,0.19872361191133536,3.703899514061085,-0.7890848638175085,-1.1855035260778817,-0.005974838646352641,0.3414186570033259,-0.02915303541115459,1.9247916162433816,-0.12211639609129551,0.0,0.0,0.0,0.0,0.0,0.0
513,0.1131456369965266,1.2479056518650724,-0.27076372210397714,19.720813375578487,-3.7906221089165717,-9.041424564148329,-0.40820725929291957,1.1600065832331135,0.3548597534433583,3.377324352712966,3.194042203627203,-6.654102079526878,-1.2080119378911052,0.1388529289244354,0.3458361449398189,0.19022487970428312,3.633630686226605,-0.8572222956902142,-1.1875587804257717,0.0015331040725515832,0.33492509533006126,-0.028389690207468263,1.8873383097988847,-0.1656142178619379,0.0,0.0,0.0,0.0,0.0,0.0
514,0.12080581625174268,1.2452583639530195,-0.28039047799723793,19.631805019499865,-3.9851967218610826,-9.057783096422327,-0.40299863479379755,1.164057888806367,0.3481748632574103,3.311919706323653,3.1331885825752526,-6.742703366961657,-1.209528982326183,0.14366996306404223,0.3391996776112792,0.18191820538744208,3.563199062387449,-0.9253264531919201,-1.189538650523245,0.009045664821736445,0.3284192328125651,-0.02761830937058085,1.8498181398731424,-0.20912903757107976,0.0,0.0,0.0,0.0,0.0,0.0
515,0.12845235902404564,1.2424989780921287,-0.28999006839699565,19.54097494796902,-4.179361178421239,-9.073356602990547,-0.3977703821884353,1.1680520927334899,0.3414772210579814,3.246390519070162,3.0721984503909345,-6.830981343403099,-1.2110009259854881,0.14847673388475335,0.33255084412104324,0.1738044347628007,3.492609608646964,-0.9933930425635362,-1.1914430983705357,0.016562222290962457,0.3219014574029759,-0.02683893063491567,1.8122333394368826,-0.25265719026798666,0.0,0.0,0.0,0.0,0.0,0.0
516,0.13608451965037888,1.239627902969167,-0.29956158044751974,19.448331152083355,-4.373096824914484,-9.088146826728586,-0.39252282034907027,1.1719890467268286,0.3347672275518192,3.1807410419341138,3.011075588995314,-6.918930971074286,-1.2124277313844958,0.15327312483167685,0.325890041790518,0.16588437971660697,3.421867309322072,-1.061417775383363,-1.1932720953508469,0.02408215505513652,0.31537215821643416,-0.02605159303114737,1.774586147553012,-0.2961950118092298,0.0,0.0,0.0,0.0,0.0,0.0
517,0.14370155560362502,1.2366455635004694,-0.30910410631489654,19.353881894878175,-4.56638509251195,-9.102155621214841,-0.3872562701993163,1.17586860868874,0.3280452846486328,3.114975538054136,2.9498237948456474,-7.0065472490566085,-1.213809365741103,0.1580590202488954,0.31921766910544136,0.15815881806892765,3.3509771662013645,-1.1293963691155402,-1.1950256222234346,0.031604841675097486,0.3088317254872243,-0.025256336883319946,1.7368788091251433,-0.3397388394633022,0.0,0.0,0.0,0.0,0.0,0.0
518,0.1513027276320013,1.2335524007355751,-0.3186167433560873,19.257635709837714,-4.75920750073915,-9.115384950016386,-0.38197105467784326,1.1796906427180356,0.3213117954157261,3.0490982821695662,2.888446878475305,-7.093825213868832,-1.2151458009745508,0.1628343053668163,0.3125341256709494,0.15062849343127363,3.2799441978006953,-1.1973245476569345,-1.196703669115111,0.039129660798257804,0.30228055052481223,-0.02445320380569723,1.6991135746456583,-0.38328501251406216,0.0,0.0,0.0,0.0,0.0,0.0
519,0.15888729989744552,1.2303488717575204,-0.32809859428660115,19.159601399348247,-4.951545660950899,-9.127836885952258,-0.3766674987018313,1.1834550191155149,0.314567164032531,2.983113560063027,2.8269486640319736,-7.180759940039598,-1.216437013703617,0.16759886628942003,0.30583981216654776,0.14329411507235573,3.208773438616488,-1.2651980418820252,-1.1983062355101093,0.04665599125904897,0.29571902566979263,-0.0236422366993225,1.6612926999433797,-0.4268298728626963,0.0,0.0,0.0,0.0,0.0,0.0
520,0.16645454011298574,1.2270354495798395,-0.33754876734677247,19.059788033093906,-5.143381279780256,-9.139513610334584,-0.37134592913019737,1.1871616143886385,0.3078117957450472,2.9170256680019913,2.7653329888142038,-7.267346540673706,-1.2176829852441249,0.17235258998143133,0.2991351303009931,0.13615635779197388,3.1374699383769444,-1.333012590185882,-1.199833330238351,0.05418321217916687,0.28914754424974953,-0.022823479748304596,1.6234184459308976,-0.470369765628164,0.0,0.0,0.0,0.0,0.0,0.0
521,0.17400371967904565,1.2236126230402922,-0.34696637646658646,18.958204946395494,-5.334696162560309,-9.150417412187814,-0.3660066747266012,1.1908103112553077,0.3010460968201897,2.8508389121793627,2.703603702806347,-7.353580168011864,-1.2188837016057437,0.17709536425541408,0.29242048276708776,0.12921586180306602,3.0660387612912485,-1.4007639390250657,-1.201284971462107,0.061710703067589266,0.28256650053503685,-0.02199697841582705,1.5854930783515453,-0.5139010397459636,0.0,0.0,0.0,0.0,0.0,0.0
522,0.18153411381865378,1.2200808966913788,-0.35635054142901135,18.85486173849337,-5.525472216717893,-9.160550687446287,-0.3606500661222487,1.194400998646782,0.2942704745000717,2.784557608153418,2.6417646682121427,-7.439456013983859,-1.2200391534881032,0.18182707775878948,0.2856962731964134,0.12247323262195213,2.994484985297177,-1.4684478434562784,-1.2026611866610633,0.06923784392033464,0.27597628969449944,-0.021162779439878814,1.5475188675261897,-0.5574200485650413,0.0,0.0,0.0,0.0,0.0,0.0
523,0.18904500198580845,1.2164407903375463,-0.3657003883432823,18.749768265569244,-5.715691461714206,-9.169915935346676,-0.35527643564676287,1.1979335715662733,0.2874853368158033,2.718186078937313,2.5798197577332456,-7.524969310848601,-1.2211493361127286,0.1865476198852451,0.2789629059757822,0.11592904057479951,2.9228136998699763,-1.5360600684842511,-1.2039620124335022,0.07676401552183787,0.26937730761647877,-0.02032093081975921,1.5094980873352044,-0.6009231516183992,0.0,0.0,0.0,0.0,0.0,0.0
524,0.19653566798981761,1.2126928389762877,-0.3750150498011364,18.64293463981163,-5.905336032216747,-9.178515757996836,-0.3498861173179374,1.2014079311517512,0.2806910925681695,2.6517286546910346,2.5177728543341624,-7.610115332031562,-1.222214249287156,0.19125688076506706,0.27222078622781354,0.10958382077096238,2.8510300055337954,-1.6035963895856913,-1.2051874945387746,0.08428859953820339,0.2627699508896462,-0.01947148181171629,1.4714330151083606,-0.6444067151893086,0.0,0.0,0.0,0.0,0.0,0.0
525,0.2040053994369663,1.208837593543313,-0.3842936642500642,18.534371240359466,-6.09438816484762,-9.186352866396405,-0.34447944712906486,1.204823985022129,0.27388815162917324,2.585189675500019,2.455627853873736,-7.694889392345598,-1.2232338977941462,0.1959547514412405,0.2654703201075383,0.10343807399995134,2.779139016661599,-1.6710525911971623,-1.2063376883207138,0.09181097810888242,0.2561546170918151,-0.018614482945908544,1.4333259332633839,-0.6878671099462098,0.0,0.0,0.0,0.0,0.0,0.0
526,0.21145348833822003,1.204875620137934,-0.39353537668727134,18.424088701614608,-6.282830212860799,-9.193430074399691,-0.3390567627628315,1.2081816469809716,0.26707692463399024,2.5185734882950745,2.39338866229444,-7.779286848439187,-1.2242082910496694,0.20064112372331522,0.25871191449904,0.09749226594261007,2.707145858037337,-1.738424468645881,-1.2074126583233695,0.09933053429712874,0.24953170449428935,-0.017749986004736956,1.395179127625936,-0.7313007135737741,0.0,0.0,0.0,0.0,0.0,0.0
527,0.21887923124771563,1.2008074998789404,-0.4027393388250076,18.312097910957565,-6.470644649601361,-9.199750297664723,-0.3336184035477406,1.2114808370081536,0.26025782292953975,2.451884446237827,2.3310591951001762,-7.8633030993094,-1.2251374430885957,0.20531589017103113,0.2519459769645869,0.09174682709948306,2.635055664040688,-1.8057078287044854,-1.2084124782587555,0.10684665219575856,0.24290161201214575,-0.016878044016425616,1.356994887146313,-0.7747039114024652,0.0,0.0,0.0,0.0,0.0,0.0
528,0.22628192938895458,1.196633828771856,-0.41190470924171163,18.198410006624446,-6.657814071668094,-9.205316552696575,-0.32816471041981327,1.214721481256826,0.25343125852880966,2.385126908161755,2.268643376884792,-7.9469335868061695,-1.2260213725567395,0.20997894408093523,0.24517291569942917,0.08620215274352372,2.5628735778904956,-1.8728984901105676,-1.209337230980764,0.11435871702444514,0.2362647391600366,-0.01599871124865932,1.3187755036476305,-0.8180730969884726,0.0,0.0,0.0,0.0,0.0,0.0
529,0.23366088877957938,1.1923552175733148,-0.421030653531277,18.08303637553299,-6.844321202039932,-9.210131955871857,-0.32269602588414653,1.217903512049522,0.24659764406519416,2.318305238013659,2.2061451408601385,-8.030173796129029,-1.2268601027022292,0.21463017947297122,0.2383931394866129,0.08085860288104946,2.4906047508882954,-1.9399922840829518,-1.2101870084575483,0.12186611522655212,0.2296214860080119,-0.015112043201977473,1.2805232715742363,-0.861404672690556,0.0,0.0,0.0,0.0,0.0,0.0
530,0.24101542035471094,1.1879722916525897,-0.4301163444504162,17.965988651058048,-7.030148893165581,-9.214199722444576,-0.31721269397633295,1.2210268678733973,0.23975739274683633,2.2514238042955528,2.1435684283835994,-8.113019256316152,-1.2276536613661992,0.21926949107704644,0.23160705765180145,0.07571650222095541,2.418254341661946,-2.006985054834621,-1.2109619117423778,0.12936823456548563,0.22297225313735175,-0.014218096602897006,1.2422404877403137,-0.9046950502436809,0.0,0.0,0.0,0.0,0.0,0.0
531,0.248344840088809,1.183485690850311,-0.43916096206407684,17.84727871075712,-7.215280130015497,-9.217523165533754,-0.31171506022374507,1.2240914933746008,0.23291091831098787,2.1844869795071133,2.0809171884852136,-8.195465540725646,-1.2284020809728031,0.2238967743195863,0.22481508001811829,0.07077614015218668,2.345827515409589,-2.073872660082246,-1.2116620509429679,0.13686446422054754,0.2163174415964209,-0.013316929396758454,1.2039294510787357,-0.9479406513293415,0.0,0.0,0.0,0.0,0.0,0.0
532,0.2556484691160339,1.1788960693344228,-0.448163693888877,17.726918674046747,-7.399698033095472,-9.220105695093055,-0.3062034716066923,1.2270973393517746,0.2260586349783943,2.1174991395888254,2.0181953773945205,-8.277508267508898,-1.229105398518541,0.2285119253100733,0.21801761686101706,0.06603777072941905,2.2733294431441307,-2.140650971552109,-1.2122875451892945,0.14435419488226153,0.20965745285655463,-0.012408600740331687,1.1655924623902227,-0.9911379081423966,0.0,0.0,0.0,0.0,0.0,0.0
533,0.2629256338490739,1.1742040954534239,-0.4571237350345274,17.60492089983055,-7.583385861421057,-9.221950816862853,-0.3006782765194615,1.2300443627486923,0.21920095740771497,2.050464663365935,1.9554069580671884,-8.359143100075947,-1.2297636555609208,0.2331148408275801,0.21121507886319077,0.061501612666979365,2.2007653009384343,-2.207315875482371,-1.2128385225999074,0.15183681884715222,0.20299268876798413,-0.01149317099413856,1.1272318240928512,-1.0342832639543047,0.0,0.0,0.0,0.0,0.0,0.0
534,0.2701756660964276,1.1694104515869437,-0.46604028834321987,17.48129798407954,-7.76632701545248,-9.223062131305154,-0.295139824731239,1.2329325266460471,0.2123383006499799,1.983387931993275,1.8925558997115117,-8.440365747552965,-1.2303768982064505,0.237705418307311,0.20440787706951954,0.05716784934093755,2.1281402691713427,-2.273863273121698,-1.2133151202467556,0.15931173011197017,0.19632355151580244,-0.010570701714535998,1.0888498399719138,-1.077373173672708,0.0,0.0,0.0,0.0,0.0,0.0
535,0.2773979031780884,1.1645158339936952,-0.47491256452692443,17.356062757365567,-7.948505039988697,-9.22344333252153,-0.28958846734693383,1.2357618002523676,0.20547108010310214,1.91627332840119,1.829646177314925,-8.521171965231371,-1.230945177097955,0.24228355582713598,0.19759642284207748,0.05303662879939046,2.055459531774832,-2.340289081223883,-1.2137174841185228,0.16677832446731486,0.18965044357599073,-0.009641255645530783,1.0504488149302502,-1.1204041043970872,0.0,0.0,0.0,0.0,0.0,0.0
536,0.28459168803962565,1.15952095265683,-0.48373978230258197,17.22922828234827,-8.129903627020461,-9.223098207154491,-0.28402455676788996,1.2385321588940696,0.1985997114664368,1.8491252367425004,1.7666817711705136,-8.601557555008771,-1.2314685474012161,0.2468491520941425,0.19078112781518913,0.049108063780883754,1.9827282754822992,-2.406589232538611,-1.2140457690824826,0.17423599959066133,0.18297376767149648,-0.008704896710346618,1.0120310547389897,-1.163372535970515,0.0,0.0,0.0,0.0,0.0,0.0
537,0.29175636936462485,1.1544265311267885,-0.49252116852515426,17.10080785121689,-8.3105066185414,-9.22203063327276,-0.2784484466525165,1.2412435840046607,0.19172461069541544,1.781948041840823,1.7036666664037627,-8.68151836582155,-1.231947068790959,0.25140210643119654,0.1839624038505633,0.04538223174096934,1.9099516890783679,-2.4727596762981117,-1.2143001388448993,0.18168415513875144,0.1762939267283891,-0.007761690002730337,0.9735988657888615,-1.2062749615272725,0.0,0.0,0.0,0.0,0.0,0.0
538,0.2988913016854725,1.1492333063616624,-0.5012559583185102,16.970814983087415,-8.490298009316776,-9.220244579240775,-0.27286049187682504,1.2438960631130962,0.1848461939562467,1.7147461286402024,1.6406048524995256,-8.76105029406914,-1.2323808054361753,0.2559423187635309,0.17714066299249626,0.04185917488684131,1.837134962650235,-2.5387963786997414,-1.2144807659099772,0.18912219283934453,0.1696113238320857,-0.00681170177802172,0.9351545548420255,-1.2491078880363093,0.0,0.0,0.0,0.0,0.0,0.0
539,0.30599584549244374,1.1439420285651092,-0.5099433952041017,16.839263421355554,-8.669261949608813,-9.217744102572553,-0.26726104849488713,1.24648958983126,0.17796487758069549,1.647523881656204,1.577500322829301,-8.84014928402957,-1.2327698259847695,0.2604696896053481,0.17031631742315584,0.038538900220048425,1.7642832868407612,-2.6046953233842043,-1.2145878315373537,0.196549516582291,0.16292636218366008,-0.005854999443960727,0.896700428784488,-1.29186783684031,0.0,0.0,0.0,0.0,0.0,0.0
540,0.31306936734109125,1.1385534610218992,-0.5185827312274196,16.706167131006943,-8.847382747858541,-9.214533348770685,-0.26165047369921784,1.24902416384062,0.17108107802095116,1.5802856844286095,1.5143570741789705,-8.918811328266653,-1.233114203547563,0.26498412004646393,0.163489779417957,0.03542137958722395,1.6914018521035248,-2.6704525119095552,-1.2146215256981756,0.20396553250992708,0.156239445056242,-0.004891651551260588,0.8582387943791581,-1.3345513441903787,0.0,0.0,0.0,0.0,0.0,0.0
541,0.32011123995788576,1.133068379931137,-0.5271732270821874,16.57154029588516,-9.024644873322986,-9.210616550150561,-0.2560291257811022,1.251499790878031,0.16419521180459806,1.5130359189758786,1.4511791062771167,-8.997032468028374,-1.233414015681648,0.2694855117389762,0.15666146130104203,0.032506549738818516,1.6184958479600668,-2.736063964220656,-1.2145820470297595,0.21136964910675105,0.14955097575152215,-0.003921727783929203,0.8197719580196221,-1.377154961776089,0.0,0.0,0.0,0.0,0.0,0.0
542,0.32712084234410993,1.1274875742371593,-0.5357141522322695,16.43539731591775,-9.201032958667517,-9.205998024650128,-0.2503973640908415,1.2539164827206684,0.15730769548967213,1.445778965251243,1.3879704213238115,-9.07480879363649,-1.2336693443730524,0.27397376688398,0.14983177540084924,0.029794312395766895,1.5455704622592454,-2.801525719114191,-1.2144696027888204,0.2187612772883841,0.14286135755634685,-0.0029452989493615085,0.7813022254845374,-1.4196752572509213,0.0,0.0,0.0,0.0,0.0,0.0
543,0.3340975598779659,1.1218118454582495,-0.5442047850312741,16.297752804302323,-9.37653180251262,-9.2006821746259,-0.24475554899796603,1.2562742571701562,0.15041894561984404,1.3785192006008926,1.3247350235202437,-9.152136444867445,-1.2338802760188006,0.27844878821832486,0.14300113400581027,0.027284534324087707,1.4726308804392303,-2.866833834699022,-1.214284408803333,0.22613983048977634,0.13617099369943958,-0.001962436968179257,0.742831901692875,-1.462108814752854,0.0,0.0,0.0,0.0,0.0,0.0
544,0.3410407844148847,1.1160420075131436,-0.5526444128398169,16.158621584652522,-9.551126371934547,-9.194673485635299,-0.23910404185138961,1.2585731380358371,0.14352937867971197,1.3112609992240851,1.2614769185990728,-9.22901161132429,-1.2340469014083024,0.2829104790014224,0.1361699493201591,0.024977047417335693,1.3996822847920383,-2.9319843888518546,-1.2140266894230032,0.23350472475265133,0.12948028730823588,-0.000973214863846103,0.7043632904599144,-1.5044522354200798,0.0,0.0,0.0,0.0,0.0,0.0
545,0.3479499143860054,1.1101788865454008,-0.561032332140419,16.01801868810494,-9.724801804919158,-9.187976525205691,-0.2334432049395248,1.260813155117197,0.13663941105021707,1.2440087316353645,1.1982001133556353,-9.305430532799573,-1.2341693157040927,0.2873587430021049,0.12933863341986598,0.022871648786878956,1.326729853730838,-2.99697347966807,-1.2136966774683502,0.24085537881216385,0.12278964136584167,2.2293247954108253e-05,0.6658986942540539,-1.546702137901672,0.0,0.0,0.0,0.0,0.0,0.0
546,0.35482435489481906,1.1042233207457266,-0.569367848650025,15.875959350388504,-9.897543412768755,-9.180595941590894,-0.22777340145037017,1.2629943441854847,0.1297494589642021,1.1767667641291144,1.1349086151802261,-9.381389499629353,-1.2342476184219566,0.29179348448554976,0.12250759820871615,0.02096810085994678,1.2537787610603455,-3.0617972259077435,-1.2132946141784684,0.24819121418275988,0.11609945866813656,0.0010240121701645733,0.6274404139545618,-1.58885515886316,0.0,0.0,0.0,0.0,0.0,0.0
547,0.3616635178119441,1.0981761601722375,-0.5776502774301097,15.73245900885603,-10.069336682461099,-9.172536462514982,-0.22209499543155964,1.2651167469644728,0.12285993846209468,1.1095394582463005,1.071606431591282,-9.456884853037947,-1.2342819134103886,0.2962146082002608,0.11567725537451536,0.019266131485402616,1.1808341752501796,-3.126451767436639,-1.2128207491574086,0.2555116552432118,0.10941014178100336,0.002031865635436965,0.588990748610152,-1.6309079534868443,0.0,0.0,0.0,0.0,0.0,0.0
548,0.3684668218680152,1.0920382665687813,-0.5858789429943484,15.587533299480038,-10.2401672789601,-9.16380289390426,-0.21640835175040324,1.2671804111104128,0.11597126534775368,1.0423311702438067,1.0082975697698706,-9.531912985473546,-1.2342723088294407,0.30062201936512234,0.10884801634546007,0.01776543404718213,1.1079012587116956,-3.1909332656621636,-1.2122753403192579,0.2628161293208153,0.10272209299772107,0.0030457763174295276,0.5505519951986055,-1.6728571959667664,0.0,0.0,0.0,0.0,0.0,0.0
549,0.3752336927846483,1.0858105130497122,-0.5940531794521907,15.441198051738512,-10.410021048384447,-9.154400117643604,-0.21071383601191473,1.2691853901191104,0.10908385510368497,0.9751462501757936,0.9449860357244741,-9.606470340703316,-1.2342189170535922,0.30501562363998097,0.1020202922066429,0.016465667562639955,1.0349851666561083,-3.2552379040930903,-1.2116586537463996,0.27010406681198484,0.09603571425759891,0.004065665847331736,0.5121264481674175,-1.7146995802072242,0.0,0.0,0.0,0.0,0.0,0.0
550,0.3819635636980387,1.0794937828505933,-0.602172330936831,15.293469268787014,-10.578884027837454,-9.144333082481412,-0.20501181418431416,1.2711317427419373,0.10219812252199224,0.907989038255271,0.8816758308674275,-9.68055341240293,-1.2341218540640029,0.30939532697561045,0.09519449333757299,0.015366456651432409,0.9620910430116653,-3.3193618898490134,-1.2109709629566165,0.27737490157539996,0.08935140679332304,0.005091454866912585,0.47371639744159727,-1.7564318220549253,0.0,0.0,0.0,0.0,0.0,0.0
551,0.3886558746185631,1.0730889712375464,-0.6102357511070033,15.144363157401985,-10.74674243336505,-9.133606818073062,-0.19930265323306878,1.273019534130616,0.09531448231495485,0.8408638705971654,0.8183709575003317,-9.754158748282531,-1.2339812406488446,0.3137610358614919,0.08837103001097525,0.014467392061710284,0.8892240264832466,-3.3833014520635407,-1.210212550221276,0.284628070428354,0.08266957171300512,0.0061230629617938254,0.43532413171495055,-1.7980506564991945,0.0,0.0,0.0,0.0,0.0,0.0
552,0.39531007270931856,1.0665969846038827,-0.6182428034218799,14.99389611355377,-10.913582666393449,-9.122226428463257,-0.19358672084593975,1.2748488353892775,0.08843334884442997,0.7737750765229894,0.7550754162926908,-9.82728294887878,-1.2337972019319206,0.3181126572299607,0.08155031212707604,0.013768030663189882,0.8163892474947242,-3.447052842915362,-1.2093837060147792,0.29186301341088017,0.07599060974168863,0.007160408699443937,0.39695193698924935,-1.8395528391636577,0.0,0.0,0.0,0.0,0.0,0.0
553,0.40192561246995345,1.0600187399288952,-0.626192861331079,14.842084713701944,-11.079391318060669,-9.110197088203,-0.18786438528161947,1.2766197233558048,0.08155513597080827,0.7067269770128615,0.6917932048432202,-9.899922667196122,-1.2335698671452884,0.32245009840083966,0.07473274906512678,0.013267895546788514,0.7435918263700094,-3.5106123383626864,-1.2084847287232745,0.29907917396070244,0.0693149210768219,0.008203409654949206,0.35860209575840657,-1.8809351473053144,0.0,0.0,0.0,0.0,0.0,0.0
554,0.4085019558152796,1.0533551645825765,-0.6340853083639193,14.688945711540027,-11.24415517116216,-9.097524040999922,-0.182136015330205,1.2783322805766122,0.07468025701066217,0.6397238841997297,0.6285283172290741,-9.972074608977703,-1.2332993696048826,0.32677326706915677,0.06791874964157743,0.012966476195998418,0.6708368726414938,-3.573976238540347,-1.2075159245809914,0.30627599899080515,0.06264290534743089,0.009251982423946108,0.3202768867789978,-1.9221943802677524,0.0,0.0,0.0,0.0,0.0,0.0
555,0.41503857215183,1.0466071961288717,-0.6419195382160569,14.534496034712106,-11.407861202043925,-9.084212598360288,-0.1764019802737169,1.2799865952806615,0.06780912469459927,0.5727701008668901,0.5652847435569374,-10.043735532966767,-1.2329858466855619,0.33108207129297296,0.06110872206845609,0.012863228665386897,0.5981294843631606,-3.6371408681511976,-1.2064776076053958,0.3134529389660182,0.05597496157349591,0.010306042635751318,0.281978584842049,-1.9633273599281709,0.0,0.0,0.0,0.0,0.0,0.0
556,0.421534938452342,1.0397757821275133,-0.649694954833461,14.378752781502353,-11.570496582442505,-9.07026813822307,-0.17066264984666735,1.2815827613526902,0.060942151125350216,0.5058699199491019,0.5020664695162617,-10.114902251158213,-1.2326294397955653,0.33537641948131636,0.05430307391198392,0.012957575766144872,0.525474747428748,-3.7001025768516116,-1.2053700995311698,0.3206094479785914,0.04931148812556091,0.011365504966683947,0.24370946054623724,-2.0043309311380315,0.0,0.0,0.0,0.0,0.0,0.0
557,0.42799053932817915,1.0328618799345217,-0.6574109724937605,14.221733217498567,-11.73204868127229,-9.055696103586689,-0.1649183941966829,1.2831208783057144,0.054079747736073845,0.4390276240371682,0.4388774759345167,-10.185571629040801,-1.2322302943504275,0.3396562203822404,0.04750221205140793,0.01324890725860056,0.4528777348948616,-3.762857739631233,-1.2041937297430658,0.32774498382276246,0.04265288268455793,0.012430283153575366,0.2054717800724165,-2.0452019621574076,0.0,0.0,0.0,0.0,0.0,0.0
558,0.43440486709965176,1.0258664565014042,-0.6650670158849041,14.063454772230624,-11.892505066359002,-9.040502001128607,-0.1591695838451915,1.2846010512527541,0.047222325248907744,0.37224748488627674,0.3757217383347365,-10.255740585829395,-1.2317885597463063,0.34392138307099795,0.04070654263808007,0.013736580051618107,0.38034350630940905,-3.8254027571867013,-1.2029488352076159,0.3348590080682856,0.03599954220187494,0.013500290007461757,0.16726780495962035,-2.0859373450827983,0.0,0.0,0.0,0.0,0.0,0.0
559,0.44077742186424473,1.0187904881731173,-0.6726625201811526,13.903935035784642,-12.051853506119668,-9.024691399818277,-0.15341658964817487,1.2860233908778125,0.04037029363375057,0.30553376292799456,0.3126032264952423,-10.32540609468756,-1.2313043893327553,0.3481718169383377,0.0339164710547683,0.014419918408800756,0.3078771070452786,-3.887734056289385,-1.2016357604037284,0.3419509861329148,0.02935186285965271,0.014575437427460184,0.12909979188245896,-2.126533996268396,0.0,0.0,0.0,0.0,0.0,0.0
560,0.4471077115627402,1.011634960484865,-0.6801969311163847,13.743191755394223,-12.21008197118875,-9.00826992952399,-0.1476597827569956,1.2873880134061224,0.03352406206729807,0.23889070678615662,0.2495259040117842,-10.394565182940452,-1.230777940384952,0.35240743167893734,0.027132401875222284,0.015298214161403343,0.2354835676395746,-3.9498480901471362,-1.2002548572522007,0.34902038735383617,0.022710240031333026,0.01565563641481415,0.09096999243003856,-2.1669888567407742,0.0,0.0,0.0,0.0,0.0,0.0
561,0.4533952520432224,1.0044008679577716,-0.6876697050547036,13.581242832009476,-12.367178635990003,-8.991243279613784,-0.14189953457930565,1.2886950405736453,0.026684038892329964,0.17232255279664804,0.18649372786207083,-10.46321493227779,-1.2302093740753623,0.3566281372799575,0.020354738823989978,0.016370726927884924,0.16316790313844276,-4.011741338759828,-1.1988064850441413,0.35606668505801736,0.01607506824245443,0.016740797087121652,0.052880652886379886,-2.207298892606799,0.0,0.0,0.0,0.0,0.0,0.0
562,0.45963956712295945,0.9970892138934948,-0.695080309058337,13.418106316844833,-12.523131880254073,-8.973617197551023,-0.13613621674003515,1.2899445995958396,0.01985063157725642,0.10583352453117877,0.12351064797280989,-10.531352478947102,-1.229598855444869,0.3608338440097434,0.013583884736494434,0.017636684339990348,0.09093511244764588,-4.073410309268818,-1.197291010368337,0.36308935663148306,0.009446741131704794,0.017830828692720166,0.014834014012379881,-2.247461095454826,0.0,0.0,0.0,0.0,0.0,0.0
563,0.465840188648152,0.989701010167829,-0.7024282209528263,13.253800407906557,-12.677930290481495,-8.955397487484902,-0.13037020104247424,1.2911368231356908,0.013024246675925055,0.0394278323250985,0.06058060678926605,-10.598975013936975,-1.228946553373342,0.36502446240665704,0.006820241519371301,0.01909528227529603,0.01879017768897283,-4.134851536300125,-1.1957088070375665,0.3700878835874855,0.002825651412230984,0.018925639625248944,-0.023167689170672356,-2.287472482749003,0.0,0.0,0.0,0.0,0.0,0.0
564,0.4719966565515518,0.9822372770233961,-0.7097129293895016,13.088343446501593,-12.831562661351168,-8.936590008836575,-0.12460185942945738,1.2922718492710512,0.006205289787709232,-0.02689032719053761,-0.0022924611524339014,-10.666079783150662,-1.2282526405497103,0.36919990326806024,6.421011108774523e-05,0.0207456850961018,-0.0532619364372402,-4.196061582301379,-1.1940602560139144,0.3770617516335695,-0.003787809166774056,0.020025137438359417,-0.06112222759591934,-2.3273300982166765,0.0,0.0,0.0,0.0,0.0,0.0
565,0.47810851890792894,0.9746990428614056,-0.7169339339052213,12.921753913727468,-12.984017997073774,-8.91720067488084,-0.11883156394463679,1.2933498214612222,-0.000605834482142676,-0.09311677155282062,-0.06510462965043429,-10.73266408756953,-1.2275172934414567,0.3733600776394407,-0.006683809557177371,0.02258702589459968,-0.12521628328362613,-4.257037037872431,-1.1923457453330402,0.3840104507375169,-0.010393249858226497,0.02112922886059205,-0.09902737836421288,-2.367031012228807,0.0,0.0,0.0,0.0,0.0,0.0
566,0.48417533198739876,0.967087344032632,-0.7240907449793925,12.754050426945724,-13.13528551269045,-8.897235451324331,-0.11305968669387703,1.294370888512862,-0.007408722561861576,-0.15924733292638837,-0.12785198125936448,-10.798725283406805,-1.2267406922636295,0.3775048968036928,-0.013423418600356955,0.02461840674420783,-0.19706793488089785,-4.317774522089604,-1.1905656700274925,0.3909334751921577,-0.016990280955014855,0.022237819810400385,-0.13688092495564425,-2.4065723221733357,0.0,0.0,0.0,0.0,0.0,0.0
567,0.49019666030658404,0.9594032246275789,-0.73118288408824,12.58525173623849,-13.285354635316022,-8.876700354880043,-0.1072865998067521,1.295335204545154,-0.01420297195223668,-0.22527785855856644,-0.1905306077098197,-10.864260782251138,-1.2259230209472947,0.38163427227054664,-0.020154219218043827,0.026838898956986035,-0.2688119825567255,-4.378270682823473,-1.188720432049018,0.39783032367903304,-0.023578513827591838,0.023350815411329037,-0.1746806574394565,-2.4459511528213973,0.0,0.0,0.0,0.0,0.0,0.0
568,0.49617207667763635,0.9516477362659824,-0.7382098837563605,12.415376720850553,-13.434215005327522,-8.855601451839316,-0.10151267539817203,1.2962429289543207,-0.020988181265390794,-0.29120421122995227,-0.2531366103248146,-10.92926805120057,-1.2250644671075193,0.38574811576616563,-0.02687581473273528,0.029247543347016215,-0.3404435375480151,-4.438522197050305,-1.186810440189955,0.4047004993309138,-0.030157560961267108,0.024468120007323832,-0.2124243726821774,-2.4851646566864347,0.0,0.0,0.0,0.0,0.0,0.0
569,0.5021011622550817,0.9438219378856056,-0.745171287605512,12.24444438561642,-13.581856477496963,-8.833944856640809,-0.09573828553012066,1.297094226377394,-0.02776395026326948,-0.3570222697005809,-0.31566610043337695,-10.993744612986118,-1.2241652220107966,0.38984633922289424,-0.03358780962779164,0.03184335049968266,-0.41195773160671306,-4.498525771156847,-1.184836110003653,0.4115435097931421,-0.03672703599321836,0.02558963717820214,-0.25010987455406997,-2.5242100143759822,0.0,0.0,0.0,0.0,0.0,0.0
570,0.5079835065805185,0.9359268955304891,-0.7520666504006799,12.072473857374943,-13.728269122069175,-8.811736730437742,-0.08996380217353463,1.2978892666553505,-0.03452987989581632,-0.42272792915140506,-0.37811519978097974,-11.057688046085788,-1.2232254805420144,0.39392885476917977,-0.04028980958508116,0.03462530104671128,-0.48334971759879625,-4.558278141238696,-1.1827978637240117,0.4183588672838076,-0.04328655374919338,0.026715269755240148,-0.2877349741337569,-2.563084434936239,0.0,0.0,0.0,0.0,0.0,0.0
571,0.513818707625134,0.9279636821386188,-0.7588955380933802,11.899484381371028,-13.87344322578387,-8.78898327966305,-0.08418959717031126,1.2986282247955203,-0.04128557233884609,-0.4883171016211694,-0.4404800409369236,-11.121095984828273,-1.2222454411708852,0.3979955747196557,-0.04698142152232318,0.03759234594689446,-0.5546146700965114,-4.6177760733919895,-1.1806961301840901,0.4251460886527312,-0.04983573027991514,0.027844919836899507,-0.3252974899110814,-2.601785156189222,0.0,0.0,0.0,0.0,0.0,0.0
572,0.5196063718300726,0.9199333773291499,-0.7656575278622375,11.725495317646665,-14.017369292842638,-8.765690754593452,-0.07841604219545757,1.2993112809333593,-0.04803063103160159,-0.5537857164385237,-0.5027567676985177,-11.183966119486882,-1.2212253059179157,0.40204641156540105,-0.05366225363011533,0.04074340677239731,-0.6257477859636588,-4.6770163639985345,-1.1785313447338652,0.4319046954392579,-0.05637418289717569,0.028978488804689048,-0.36279524798812446,-2.64030944506257,0.0,0.0,0.0,0.0,0.0,0.0
573,0.5253461141446243,0.9118370671891758,-0.7723522081508059,11.550526137421226,-14.160038045820304,-8.741865447912367,-0.07264350871938433,1.2999386202935312,-0.05476466071399571,-0.6191297206493891,-0.564941535492043,-11.246296196363412,-1.2201652803198686,0.40608127796437204,-0.060331915408646325,0.04407737600052003,-0.6967442849338945,-4.735995840004255,-1.1763039491571081,0.4386342139288463,-0.06290153020962073,0.03011587733913313,-0.40022608227839995,-2.678654597911869,0.0,0.0,0.0,0.0,0.0,0.0
574,0.5310375580622593,0.903675844060156,-0.7789791787026581,11.374596419462874,-14.301440426521044,-8.717513693272403,-0.06687236797034996,1.300510433150347,-0.06148726746352734,-0.6843450794394257,-0.6270305117703959,-11.30808401786206,-1.219065573394764,0.4101000867320149,-0.06699001770408322,0.04759311731084308,-0.7675994101818685,-4.794711359190986,-1.1740143915874428,0.44533417520844576,-0.06941739215821353,0.03125698543587727,-0.4375878347041532,-2.7168179408354973,0.0,0.0,0.0,0.0,0.0,0.0
575,0.53668033565522,0.8954508063163835,-0.7855380505939547,11.19772584632848,-14.44156759679204,-8.69264186380368,-0.06110299089475323,1.301026914782737,-0.06819805873398692,-0.749427776571692,-0.6890198764267593,-11.36932744253221,-1.2179263976014933,0.41410275083137915,-0.07363617274670482,0.05128946588922036,-0.8383084289089023,-4.853159810444377,-1.1716631264180284,0.4520041152218302,-0.07592139005339053,0.03240171242221721,-0.4748783554031204,-2.7547968299880834,0.0,0.0,0.0,0.0,0.0,0.0
576,0.5422740877412843,0.887163056808115,-0.7920284463112082,11.01993417908464,-14.580410941725916,-8.667256361184542,-0.055335747716769614,1.3014882646026187,-0.07489664376154369,-0.8143738183070185,-0.7509058255751082,-11.43002438150448,-1.2167479679590663,0.4180891832437613,-0.08026999454878478,0.05516522903835942,-0.9088666366967233,-4.911338114546135,-1.1692506132529028,0.45864357503517517,-0.08241314696156374,0.03354995703162042,-0.5120955049042221,-2.7925886529996364,0.0,0.0,0.0,0.0,0.0,0.0
577,0.5478184637652883,0.8788137042829006,-0.7984499997422156,10.841241280027539,-14.717962067778407,-8.641363625746289,-0.049571008405026214,1.3018946871694919,-0.0815826331378385,-0.8791792294133504,-0.8126845677028072,-11.49017280322729,-1.2155305030927266,0.4220592970997878,-0.08689109848683196,0.059219186198264606,-0.9792693532953987,-4.969243223840727,-1.1667773180275598,0.4652521006454624,-0.08889228729956723,0.034701617351654446,-0.5492371518373665,-2.8301908280019683,0.0,0.0,0.0,0.0,0.0,0.0
578,0.5533131217602171,0.8704038636953829,-0.8048023561632555,10.661667117459126,-14.854212802100335,-8.614970138759746,-0.04380914278634349,1.3022463924462524,-0.08825563870738298,-0.9438400522612295,-0.8743523227840939,-11.549770734731752,-1.21427422549552,0.42601300572226775,-0.09349910120128048,0.06345008910939672,-1.0495119217498163,-5.026872122221599,-1.1642437132774477,0.47182924293625556,-0.09535843673734151,0.035856590816545346,-0.586301172382824,-2.8676008034040743,0.0,0.0,0.0,0.0,0.0,0.0
579,0.5587577284646303,0.8619346549751691,-0.8110851722835567,10.481231745619842,-14.98915519472273,-8.588082413819103,-0.03805052019961347,1.3025435951099849,-0.09491527388646419,-1.0083523499135698,-0.9359053252580598,-11.608816258793095,-1.212979360830999,0.429950222529699,-0.10009362090894264,0.06785666234654583,-1.1195897118479896,-5.084221825736877,-1.1616502773071422,0.47837455787958993,-0.10181122250144817,0.03701477426713568,-0.6232854519793898,-2.9048160589651,0.0,0.0,0.0,0.0,0.0,0.0
580,0.564151959342729,0.8534072028113747,-0.8172981162602336,10.299955301006598,-15.12278151900598,-8.560706995405532,-0.03229550946008535,1.302786514508888,-0.10156115369685637,-1.0727122065052639,-0.9973398243951569,-11.667307513937342,-1.211646137896554,0.4338708610283521,-0.10667427743621082,0.07243760365785898,-1.1894981206335535,-5.141289382811445,-1.1589974941016106,0.4848876065821506,-0.10825027340740767,0.03817606396786672,-0.6601878855034138,-2.9418341060527107,0.0,0.0,0.0,0.0,0.0,0.0
581,0.5694954986022481,0.8448226364373257,-0.823440867710489,10.117857998690514,-15.255084272033532,-8.532850457453968,-0.026544478823863016,1.302975374618622,-0.10819289479915571,-1.13691572761729,-1.0586520846597478,-11.725242694438194,-1.2102747885863405,0.43777483480455603,-0.11324069225188385,0.07719158430823828,-1.2592325729101483,-5.198071874462092,-1.1562858532368274,0.4913679553301725,-0.11467521989166812,0.039340355623813855,-0.6970063774456919,-2.9786524878936156,0.0,0.0,0.0,0.0,0.0,0.0
582,0.5747880392102083,0.8361820894154949,-0.8295131177211231,9.934960128635568,-15.386056174950783,-8.504519401923435,-0.020797795952606737,1.303110403998122,-0.11481011552574516,-1.2009590406453503,-1.1198383860687395,-11.782620050304313,-1.2088655478538355,0.44166205751718574,-0.11979248849962444,0.0821172494270217,-1.328788521737709,-5.254566414505736,-1.1535158497897906,0.4978151756330632,-0.12108569404321165,0.0405075443977962,-0.7337388420862421,-3.015268779816237,0.0,0.0,0.0,0.0,0.0,0.0
583,0.5800292829065075,0.8274866994226825,-0.8355145688553247,9.751282052018603,-15.515690173248881,-8.47572045737108,-0.015055827878446686,1.3031918357448289,-0.12141243591337976,-1.264838295162938,-1.1808950245462373,-11.839437887256745,-1.2074186536739804,0.445532442890355,-0.12632929103003912,0.08721321835983861,-1.3981614489205427,-5.310770149760712,-1.1506879842479178,0.5042288442657393,-0.12748132963478956,0.04167752492756907,-0.770383203666923,-3.0516805894854935,0.0,0.0,0.0,0.0,0.0,0.0
584,0.5852189402153766,0.8187376080355379,-0.8414449351567823,9.566844197552141,-15.643979436993968,-8.446460277530491,-0.0093189409691164,1.3032199074493869,-0.12799947773539083,-1.3285496632788245,-1.241818312274149,-11.895694566696719,-1.2059343470049624,0.449385904706312,-0.13285072643237797,0.09247808502449775,-1.467346865487142,-5.366680260241064,-1.1478027624178744,0.5106085433096721,-0.1338617621537847,0.04285019134307038,-0.8069373965618866,-3.0878855571296686,0.0,0.0,0.0,0.0,0.0,0.0
585,0.5903567304547092,0.8099359605164514,-0.8473039421511207,9.381667057810699,-15.770917361002084,-8.416745539894492,-0.0035875008933016453,1.3031948611498065,-0.13457086453350786,-1.3920893399889336,-1.302604578038743,-11.951388505663822,-1.2044128717496128,0.45322235679854944,-0.13935642306585405,0.09791041827080818,-1.5363403121616928,-5.422293959343911,-1.1448606953338356,0.5169538601926438,-0.14022662883269937,0.04402543728373562,-0.8433993654458554,-3.12388135575937,0.0,0.0,0.0,0.0,0.0,0.0
586,0.5954423817432667,0.8010829055998772,-0.8530913268446693,9.195771185561533,-15.896497564959855,-8.38658294430294,0.0021381274137845154,1.3031169432850882,-0.14112622164929078,-1.4554535435225369,-1.3632501675730604,-12.006518176784539,-1.2028544747164414,0.45704171304512303,-0.1458460110905747,0.10350876224419892,-1.605137359827184,-5.477608494029867,-1.141862299165212,0.5232643877272091,-0.14657556867926277,0.04520315591586309,-0.8797670654601965,-3.159665691378562,0.0,0.0,0.0,0.0,0.0,0.0
587,0.600475631005777,0.7921795952791493,-0.8588068377205913,9.009177190101076,-16.02071389349142,-8.35597921153575,0.007857579784594308,1.3029864046483355,-0.1476651762551719,-1.5186385156827396,-1.4237514438951844,-12.061082108211256,-1.2012594055803163,0.46084388736218235,-0.15231912249808388,0.10927163675303575,-1.6737336099800704,-5.5326211449964475,-1.1388080951238613,0.5295397241478534,-0.1529082225061558,0.04638323995004473,-0.9160384623767763,-3.1952363031876345,0.0,0.0,0.0,0.0,0.0,0.0
588,0.6054562239759331,0.7832271845938102,-0.8644502347323691,8.821905733597243,-16.143560416171635,-8.32494108191141,0.013570492853216173,1.3028035003393341,-0.15418735738510905,-1.5816405221813081,-1.4841047876423241,-12.115078883551611,-1.1996279168427708,0.4646287936977161,-0.1587753911415178,0.11519753763947707,-1.7421246951765113,-5.587329226844524,-1.1356986093707802,0.5357794731468533,-0.159224232960357,0.047565581658613465,-0.9522115327596281,-3.2305909637785146,0.0,0.0,0.0,0.0,0.0,0.0
589,0.6103839151972974,0.7742268314175499,-0.8700212892946755,8.633977527439493,-16.265031427486043,-8.293475313891593,0.019276504089095755,1.3025684897166376,-0.16069239596483348,-1.6444558529676112,-1.5443065974006178,-12.168507141788425,-1.1979602637919813,0.468396346025513,-0.16521445276535734,0.12128493715380859,-1.8103062794699596,-5.6417300882378,-1.132534372922339,0.5419832439088305,-0.1655232445520914,0.04875007289317418,-0.9882842641243145,-3.2657274793218143,0.0,0.0,0.0,0.0,0.0,0.0
590,0.6152584680221452,0.7651796962467731,-0.8755197842716447,8.445413328596821,-16.385121446737976,-8.261588682691954,0.024975251830529687,1.3022816363491532,-0.1671799248417062,-1.7070808225518708,-1.6043532900307025,-12.221365577190184,-1.1962567044623926,0.4721464583393439,-0.17163594503478974,0.12753228433207883,-1.8782740588402524,-5.695821112055336,-1.129315921556042,0.5481506511440026,-0.17180490368339682,0.04993660510214576,-1.024254655095093,-3.300643689746004,0.0,0.0,0.0,0.0,0.0,0.0
591,0.6200796546082298,0.7560869419898519,-0.8809455139625559,8.256233935984843,-16.50382521790282,-8.229287978899531,0.03066637531790767,1.3019432079672277,-0.17364957881416956,-1.7695117703225478,-1.6642413009889407,-12.273652939212006,-1.1945174995940124,0.4758790446473573,-0.17803950756466846,0.13393800537693357,-1.9460237616140368,-5.7495997155370615,-1.126043795715853,0.5542813151201232,-0.1780688586762951,0.051125069348334266,-1.060120715559792,-3.3353374689085964,0.0,0.0,0.0,0.0,0.0,0.0
592,0.6248472559135034,0.7469497337571133,-0.8862982840849407,8.066460186842754,-16.62113770943003,-8.196580007097019,0.0363495147267141,1.3015534764132428,-0.18010099466079368,-1.8317450608578707,-1.7239670846443167,-12.325368032387217,-1.1927429125913636,0.47959401896669934,-0.1844247819480695,0.140500504041554,-2.013551148876514,-5.803063350422339,-1.1227185404170892,0.5603748616931125,-0.1843147598005673,0.05231535632655768,-1.0958804668224071,-3.3698067247593397,0.0,0.0,0.0,0.0,0.0,0.0
593,0.6295610616888067,0.7377692386516337,-0.8915779117551591,7.876112953121437,-16.737054113993377,-8.163471584494475,0.04202431120027165,1.301112717591765,-0.1865338111689173,-1.8937770842315054,-1.7835271145909375,-12.376509716209812,-1.1909332094821439,0.48329129531835946,-0.19079141178444375,0.14721816201653276,-2.080852014874481,-5.856209503081634,-1.119340705150939,0.5664309223363853,-0.19054225930113258,0.053507356381271805,-1.131531941753416,-3.4040493994954795,0.0,0.0,0.0,0.0,0.0,0.0
594,0.6342208704685286,0.7285466255608419,-0.8967842254664224,7.6852131378828705,-16.851569848189357,-8.129969539568354,0.04769040688224154,1.3006212114191862,-0.19294766916287814,-1.955604256312312,-1.8429178839561247,-12.427076905007311,-1.1890886588755345,0.4869707877222324,-0.19713904270736166,0.15408933931960958,-2.147922187410621,-5.909035694641126,-1.115910843788569,0.5724491341688585,-0.19675101142502663,0.05470095952423622,-1.1670731849377842,-3.4380634697089576,0.0,0.0,0.0,0.0,0.0,0.0
595,0.6388264895592558,0.7192830649490299,-0.9019170650643151,7.493781671712466,-16.96468055218441,-8.096080710708556,0.053347444948851415,1.3000792417729332,-0.19934221153183002,-2.017223019058167,-1.9021359057040266,-12.477068567804565,-1.1872095319202245,0.49063241019240655,-0.20346732241184573,0.1611123746881003,-2.2147575282289846,-5.961539481100422,-1.1124295144848917,0.5784291399816499,-0.20294067244797576,0.05589605545217327,-1.2025022528206568,-3.4718469465256776,0.0,0.0,0.0,0.0,0.0,0.0
596,0.6433777350264434,0.7099797286507766,-0.9069762817198246,7.301839509144546,-17.076382089311615,-8.061811944873607,0.058995069640881394,1.2994870964402143,-0.20571708325715024,-2.0786298408038806,-1.9611777129348082,-12.526483728178402,-1.185296102262121,0.49427607673268653,-0.20977590068129653,0.16828558597395127,-2.281353933391704,-6.013718453443406,-1.1088972795819807,0.584370588263475,-0.20911090070057223,0.057092533564460854,-1.237817213850742,-3.505397875736823,0.0,0.0,0.0,0.0,0.0,0.0
597,0.6478744316790881,0.7006377896653594,-0.911961737899891,7.109407625102213,-17.186670545616536,-8.027170096254265,0.06463292629536874,1.298845067066315,-0.21207193143942776,-2.1398212165431163,-2.020039859179285,-12.575321464102954,-1.1833486460017633,0.4979017013323286,-0.21606442941400084,0.17560727054124997,-2.347707333646836,-6.065570237742044,-1.1053147055121648,0.5902731332247181,-0.21526135659403947,0.05829028298081585,-1.2730161486213565,-3.5387143379221344,0.0,0.0,0.0,0.0,0.0,0.0
598,0.6523164130524611,0.6912584219521948,-0.916873307335516,6.916507011352419,-17.29554222935353,-7.992162024946038,0.07026066137705743,1.298153449102481,-0.21840640532503144,-2.2007936682043248,-2.0787189186890234,-12.623580907786192,-1.1813674416514612,0.5015091979620211,-0.22233256264922246,0.1830757056661007,-2.413813694787317,-6.117092495253436,-1.1016823627008299,0.5961364348202094,-0.22139170264558738,0.05948919255898792,-1.3080971500091143,-3.571794448565317,0.0,0.0,0.0,0.0,0.0,0.0
599,0.6567035213888784,0.6818428002273341,-0.9217108749874319,6.723158672976706,-17.40299367043213,-7.956794595630564,0.07587792250957048,1.297412541753344,-0.22472015633226233,-2.26154374492071,-2.137211486721889,-12.671261245497133,-1.1793527700921314,0.5050984805700766,-0.22857995659287958,0.19068914893873412,-2.4796690180010676,-6.168282922509828,-1.0980008254689242,0.6019601587706788,-0.22750160350336315,0.060689150912448475,-1.3430583233102915,-3.604636358161425,0.0,0.0,0.0,0.0,0.0,0.0
600,0.6610356076165542,0.6723920997610846,-0.9264743370093681,6.529383624858826,-17.50902161981454,-7.921074676266479,0.08148435850631569,1.296622647923949,-0.23101283807708176,-2.3220680232941677,-2.195514179823,-12.71836171738433,-1.1773049145298708,0.5086694630788682,-0.23480626964279958,0.19844583866772572,-2.5452693402121627,-6.219139251401885,-1.0942706719352087,0.6077439765829119,-0.23359072597098593,0.06189004642806731,-1.3778977863748183,-3.637238252316371,0.0,0.0,0.0,0.0,0.0,0.0
601,0.6653125313265356,0.6629074961767835,-0.9311636007089299,6.335202888189816,-17.61362304886427,-7.885009136789794,0.0870796194011062,1.2957840741663567,-0.23728410639841468,-2.3823631076531826,-2.2536236361010547,-12.764881617285269,-1.1752241604522553,0.5122220593814862,-0.24101116241355244,0.20634399428622235,-2.610610734413073,-6.269659249255016,-1.0904924839182593,0.6134875655685937,-0.23965873903166984,0.06309176728379162,-1.4126136697379073,-3.6695983518384745,0.0,0.0,0.0,0.0,0.0,0.0
602,0.6695341607167032,0.6533901645090147,-0.9357785843973699,6.140637474886998,-17.716795147355544,-7.848604842700543,0.09266335669987745,1.294897130106164,-0.24353361957717923,-2.442425632125061,-2.3115365172828106,-12.810820289900214,-1.1731107950618447,0.5157561832916199,-0.24719429795062467,0.21438181709824383,-2.6756893119480964,-6.319840718868614,-1.0866668462512539,0.6191906089105396,-0.24570531405600016,0.0642942015002224,-1.447204117785006,-3.701714913022326,0.0,0.0,0.0,0.0,0.0,0.0
603,0.6737003725530186,0.6438412785175677,-0.9403192172863379,5.9457083761929646,-17.818535322094377,-7.811868650405047,0.09823522354658008,1.293962128077993,-0.24976103847861172,-2.502252261976569,-2.3692495100670588,-12.856177129049282,-1.1709651069270375,0.519271748505226,-0.25335534186963476,0.2225574909727538,-2.7405012240026685,-6.369681498594842,-1.082794346321449,0.6248527957202485,-0.2517301249369887,0.06549723698237898,-1.4816672895061953,-3.733586227914393,0.0,0.0,0.0,0.0,0.0,0.0
604,0.6778110522601889,0.6342620133882155,-0.9447854398641696,5.750436606530031,-17.918841201119978,-7.774807425968821,0.10379487388775807,1.2929793851010885,-0.25596602581725286,-2.5618396867360453,-2.4267593194170605,-12.900951587711818,-1.1687873879791266,0.5227686687818643,-0.2594939616380004,0.23086918143778185,-2.8050426542437386,-6.419179462507339,-1.0788755762646904,0.6304738208614331,-0.2577328473933111,0.06670076140479524,-1.5160013545714617,-3.7652106235916913,0.0,0.0,0.0,0.0,0.0,0.0
605,0.6818660938044726,0.6246535437357628,-0.9491772035679907,5.554843170685794,-18.017710629441872,-7.737428031433433,0.1093419630477357,1.2919492215332529,-0.2621482466599065,-2.6211846249295125,-2.4840626732158873,-12.945143171232232,-1.1665779321633742,0.5262468578329033,-0.26560982706657343,0.23931503686563052,-2.8693098239669332,-6.468332520332236,-1.0749111314190882,0.6360533850709573,-0.2637131594462029,0.06790466230990555,-1.5502044960108965,-3.796586462640202,0.0,0.0,0.0,0.0,0.0,0.0
606,0.6858653996539124,0.6150170433077571,-0.9534944707141306,5.3589490587578466,-18.115141667895934,-7.699737322870207,0.11487614778747908,1.2908719609439105,-0.2683073684744108,-2.680283824546834,-2.5411563227546794,-12.988751436713478,-1.1643370353226372,0.5297062293134134,-0.2717026103573612,0.24789318894238402,-2.9332989926398625,-6.517138617475945,-1.0709016101451991,0.6415911949757008,-0.2696707414657525,0.06910882713034376,-1.5842749104707665,-3.8277121432216386,0.0,0.0,0.0,0.0,0.0,0.0
607,0.689808880741329,0.6053536847924685,-0.9577372144417183,5.162775242799208,-18.21113259214016,-7.661742149155303,0.12039708633227408,1.2897479300596177,-0.2744430611508527,-2.7391340632471795,-2.598037042967191,-13.031775992771092,-1.1620649951541293,0.5331466968207055,-0.27777198612430737,0.2566017530931354,-2.9970064581621347,-6.565595735051552,-1.066847613728036,0.6470869631016483,-0.27560527619105474,0.07031314320657514,-1.6182108083224391,-3.8585860991063026,0.0,0.0,0.0,0.0,0.0,0.0
608,0.6936964564255395,0.595664639628423,-0.9619054186540841,4.966342673488409,-18.305681891605364,-7.6234493507569505,0.12590443839908258,1.2885774587092527,-0.28055499702233594,-2.7977321485583033,-2.654701632659406,-13.074216499278915,-1.159762111165985,0.5365681738930849,-0.28381763141362915,0.26543882890808546,-3.0604285571162024,-6.613701889898483,-1.0627497462790205,0.6525404078816951,-0.2815164487499327,0.07151749780445049,-1.6520104137688607,-3.8892067996982274,0.0,0.0,0.0,0.0,0.0,0.0
609,0.6975280544508623,0.5859510778155572,-0.9659990779580314,4.76967227682518,-18.398788268402356,-7.584865758535268,0.13139786522359626,1.2873608797689322,-0.2866428508853125,-2.8560749180696767,-2.711146914734342,-13.116072667106993,-1.1574286846336792,0.5399705740088455,-0.2898392257237211,0.27440250056944604,-3.123561665009126,-6.66145513459572,-1.0586086146379357,0.6579512536621952,-0.2874039466782319,0.07272177813272665,-1.6856719649486074,-3.9195727500527346,0.0,0.0,0.0,0.0,0.0,0.0
610,0.7013036109049079,0.5762141677280082,-0.9700181976009843,4.5727849508523,-18.4904506361856,-7.54599819255475,0.1368770295869744,1.2860985291066414,-0.29270630001946446,-2.9141592396194085,-2.767369736411895,-13.157344257851502,-1.1550650185562696,0.5433538105854935,-0.2958364510246125,0.28349083727898344,-3.1864021965051554,-6.70885355746847,-1.0544248282748692,0.6633192307082458,-0.29326745993867886,0.0739258713605136,-1.7191937140374511,-3.9496824908863974,0.0,0.0,0.0,0.0,0.0,0.0
611,0.7050230701746846,0.5664550759285685,-0.9739627934060527,4.375701562403952,-18.580668118974142,-7.506853460909554,0.14234159584227185,1.2847907455265837,-0.2987450242071576,-2.971982011475137,-2.8233669694439145,-13.198031083556817,-1.1526714176124873,0.5467177969791993,-0.3018089917769987,0.29270189368612715,-3.248946605649366,-6.755895282588368,-1.0501989991921694,0.6686440752077194,-0.2991066809393219,0.07512966463466383,-1.7525739273475658,-3.979534598579475,0.0,0.0,0.0,0.0,0.0,0.0
612,0.7086863849010477,0.5566749669848713,-0.9778328917050422,4.178442943881833,-18.669440049930532,-7.467438358562081,0.14779122994054744,1.2834378707132739,-0.30475870575244196,-3.029540162508709,-2.8791355103243106,-13.2381330064299,-1.1502481881166782,0.550062446484483,-0.3077565349508241,0.30203371031649984,-3.311191386082132,-6.802578469767273,-1.0459317418264467,0.6739255292740485,-0.3049213045515318,0.07633304509709846,-1.785810885424236,-4.009127685170854,0.0,0.0,0.0,0.0,0.0,0.0
613,0.7122935159315053,0.546875003287307,-0.9816285292694333,3.9810298900591814,-18.756765970098034,-7.427759666194694,0.15322559945665515,1.282040249175365,-0.3107470294996134,-3.0868306523647346,-2.934672280494267,-13.277649938546924,-1.1477956379745997,0.5533876723341251,-0.3136787700434274,0.31148431400075355,-3.373133071244572,-6.848901314544639,-1.0416236729506165,0.6791633409477649,-0.3107110281275747,0.0775358999020509,-1.818902883140138,-4.038460398345515,0.0,0.0,0.0,0.0,0.0,0.0
614,0.7158444322714184,0.5370563448687237,-0.9853497532393752,3.7834831549134913,-18.842645627097163,-7.387824149075011,0.15864437361472022,1.280598228189238,-0.3167096828513379,-3.1438504716231157,-2.9899742265426172,-13.316581841552406,-1.1453140766390864,0.5566933876993109,-0.3195753890972544,0.32105171830363016,-3.4347682345750563,-6.894862048168575,-1.0372754115760225,0.6843572641968094,-0.3164755515177601,0.07873811623325645,-1.8518482297872185,-4.067531421414621,0.0,0.0,0.0,0.0,0.0,0.0
615,0.719339111033609,0.5272201492259364,-0.9889966210507098,3.5858234484885454,-18.927078973781928,-7.347638555934891,0.16404722331329158,1.27911215774234,-0.32264635578632894,-3.2005966419554115,-3.0450383204012677,-13.354928726350828,-1.1428038150655764,0.5599795056900028,-0.3254460867171258,0.3307339239530774,-3.496093489696659,-6.940458937570627,-1.0328875788546406,0.6895070589156131,-0.3222145770871545,0.07993958132103675,-1.8846452491661143,-4.09633947328825,0.0,0.0,0.0,0.0,0.0,0.0
616,0.7227775373864036,0.5173675711430699,-0.9925692003600622,3.3880714337861892,-19.01006616685632,-7.307209617863156,0.1694338211501754,1.2775823904762922,-0.3285567408765886,-3.257066216275194,-3.0998615595357575,-13.392690652790758,-1.1402651656675176,0.5632459393555371,-0.3312905600870728,0.34052891926936324,-3.5571054905957236,-6.985690285334249,-1.0284607979813847,0.6946124909229537,-0.32792780973186986,0.08114018245932149,-1.917292279673163,-4.124883308440779,0.0,0.0,0.0,0.0,0.0,0.0
617,0.7261597045001411,0.5074997625167829,-0.9960675689680412,3.190247723688662,-19.09160756545213,-7.2665440472125145,0.1748038414469461,1.2760092816297817,-0.3344405333042074,-3.3132562788823554,-3.154440967130941,-13.429867729341883,-1.137698442271661,0.5664926016854573,-0.33710850898673417,0.35043468059404953,-3.6178009317915185,-7.030554429657187,-1.0239956940965467,0.6996733319586093,-0.3336149568949239,0.08233980702257937,-1.9497876743850013,-4.153161716869094,0.0,0.0,0.0,0.0,0.0,0.0
618,0.729485613492165,0.49761787218338915,-0.9994918147405629,2.9923728779119294,-19.171703729668238,-7.225648536520522,0.18015696027312975,1.2743931889812274,-0.34029743087772085,-3.3691639456013434,-3.2087735922717187,-13.46646011276451,-1.1351039600732347,0.5697194056105616,-0.34289963580731314,0.36044917271870613,-3.6781765484969697,-7.075049744307552,-1.0194928941883614,0.7046893596787939,-0.33927572858166855,0.08353834248265195,-1.9821298011407213,-4.1811735240434835,0.0,0.0,0.0,0.0,0.0,0.0
619,0.7327552733703296,0.4877230457479006,-1.0028420355283438,2.7944673999903973,-19.250355419072392,-7.184529757444988,0.18549285547006922,1.2727344727912484,-0.34612713404803147,-3.4247863639134537,-3.262856510118951,-13.502468007772272,-1.1324820355910192,0.5729262640041907,-0.34866364556710394,0.3705703493132868,-3.738229116770627,-7.119174638573997,-1.014953026995735,0.7096603576504124,-0.3449098373747973,0.08473567642550069,-2.0143170426216415,-4.208917590851511,0.0,0.0,0.0,0.0,0.0,0.0
620,0.7359687009750394,0.4778164254150342,-1.0061183390845891,2.596551734293783,-19.327563591165905,-7.143194359713777,0.19081120667445614,1.2710334957449212,-0.35192934592388936,-3.4801207130831133,-3.3166868220804395,-13.537891666687475,-1.1298329866223176,0.5761130896837278,-0.3544002459265793,0.38079615335403055,-3.797955453659803,-7.162927557209642,-1.0103767229111407,0.7145861153441124,-0.3505169984489219,0.0859316965678539,-2.0463477964286643,-4.2363928135346764,0.0,0.0,0.0,0.0,0.0,0.0
621,0.7391259209198597,0.4678991498222014,-1.009320842980916,2.398646263076621,-19.40332939981227,-7.101648970089405,0.19611169534154219,1.269290622893863,-0.35770377228693506,-3.5351642042782028,-3.370261655977051,-13.572731389089792,-1.1271571321978424,0.5792797954123331,-0.36010914720304354,0.39112451755079714,-3.8573524173349596,-7.206306980370158,-1.0057646138837075,0.7194664281261667,-0.3560969295847246,0.08712629077375394,-2.0782204751572233,-4.263598123618118,0.0,0.0,0.0,0.0,0.0,0.0
622,0.7422269655307036,0.4579723538744978,-1.0124496745215295,2.200771303560627,-19.477654193629746,-7.05990019134821,0.20139400476801708,1.2675062215981103,-0.3634501216063058,-3.589914080684472,-3.4235781662039635,-13.606987521457825,-1.124454792536501,0.5824262939008935,-0.3657900623848534,0.40155336477372566,-3.916416907215416,-7.249311423545809,-1.0011173333225045,0.7243010972491779,-0.36164935118268676,0.08831934707099698,-2.1099335064698543,-4.290532487833291,0.0,0.0,0.0,0.0,0.0,0.0
623,0.7452718747836569,0.448037168581744,-1.015504970655718,2.0029471050508523,-19.55053951434964,-7.0179546012746945,0.20665782011456518,1.2656806614678577,-0.3691681050528081,-3.6443676176140567,-3.4766335338870693,-13.64066045680428,-1.121726289000128,0.5855524978102056,-0.37144270714520694,0.412080608479117,-3.9751458640864024,-7.291939437487736,-0.9964355160000647,0.7290899298416329,-0.3671739862763933,0.08951075366746782,-2.1414853331663752,-4.317194908033784,0.0,0.0,0.0,0.0,0.0,0.0
624,0.7482606962414149,0.43809472089756274,-1.018486877888649,1.8051938460856487,-19.621987095139588,-6.975818751670638,0.2119028284280814,1.2638143143049851,-0.37485743651264875,-3.6985221226080807,-3.5294249670344713,-13.673750634304035,-1.1189719440481076,0.5886583197533634,-0.3770667998554963,0.42270415313442816,-4.03353627020747,-7.334189608128213,-0.9917197979561156,0.7338327388962864,-0.3726705605454127,0.09070039896736186,-2.172874413251674,-4.343584421104184,0.0,0.0,0.0,0.0,0.0,0.0
625,0.75119348498842,0.42814613356055675,-1.0213955521905616,1.6075316316212174,-19.69199885889398,-6.933499167379617,0.2171287186635701,1.2619075540444777,-0.3805178326007417,-3.7523749355334997,-3.581949700683224,-13.706258538916142,-1.1161920811919668,0.5917436722983856,-0.38266206159823796,0.43342189464228925,-4.091585149412432,-7.376060556495371,-0.9869708164015953,0.7385293432574247,-0.37813880232776054,0.09188817158728929,-2.204099220001156,-4.369700098862268,0.0,0.0,0.0,0.0,0.0,0.0
626,0.754070303564665,0.4181925249375792,-1.024231158904327,1.4099804902510762,-19.760576916490884,-6.891002345326594,0.22233518170570002,1.2599607566956526,-0.3861490126735692,-3.805923428674005,-3.634204997041113,-13.738184700998907,-1.1133870249498747,0.5948084679710417,-0.3882282161795615,0.4442317207634273,-4.149289567200669,-7.41755093862197,-0.9821892096229077,0.7431795676069712,-0.38357844263193264,0.09307396037226814,-2.235158242023773,-4.395541047954321,0.0,0.0,0.0,0.0,0.0,0.0
627,0.7568912218982451,0.40823500886912845,-1.0269938726514705,1.2125603714606576,-19.827723565017344,-6.848334753573038,0.22752191039004185,1.2579743002832786,-0.3917506988416268,-3.85916500681531,-3.6861881456237646,-13.769529695919042,-1.1105571008011115,0.5978526192579156,-0.3937649901412855,0.45513151153841835,-4.2066466308201695,-7.458659445448738,-0.9773756168864792,0.7477832424494963,-0.3889892151485339,0.09425765441158705,-2.2660499833227754,-4.421106409743946,0.0,0.0,0.0,0.0,0.0,0.0
628,0.7596563172366412,0.3982746945168957,-1.0296838772366401,1.0152911429178832,-19.893441285962886,-6.805502830387438,0.23268859952396256,1.2559485647885433,-0.39732261598142576,-3.9120971073245667,-3.7378964633868264,-13.80029414365427,-1.1077026351404744,0.6008760386096688,-0.3992721127725547,0.46611913970814856,-4.2636534893420475,-7.499384802721963,-0.972530678343605,0.7523402040960925,-0.3943708562614763,0.09543914305454888,-2.296772963354054,-4.446395360194144,0.0,0.0,0.0,0.0,0.0,0.0
629,0.7623656739603614,0.3883126854787444,-1.0323013653311506,0.8181925757180295,-19.957732739942482,-6.762512978337398,0.23783494613038392,1.253883931509763,-0.40286449193517787,-3.9647172019648194,-3.7893272965788123,-13.8304787051754,-1.1048239546531882,0.6038786384145007,-0.40474931630458033,0.47719247159336353,-4.320307335584224,-7.539725770569145,-0.9676550342960503,0.7568502946354512,-0.39972310523659305,0.09661831596057256,-2.327325718081596,-4.47140710957587,0.0,0.0,0.0,0.0,0.0,0.0
630,0.7650193833963166,0.3783500788762009,-1.0348465381545267,0.6212843291816199,-20.020600761395126,-6.719371558186483,0.2429606496905151,1.251780782429664,-0.408376057707565,-4.017022798666108,-3.8404780225698567,-13.860084078870088,-1.1019213857041854,0.6068603309660818,-0.410196336102521,0.48834936805712303,-4.376605407978416,-7.579681143083831,-0.9627493244586233,0.7613133619112832,-0.40504570440745113,0.09779506315246193,-2.3577068010157185,-4.496140902212971,0.0,0.0,0.0,0.0,0.0,0.0
631,0.7676175442813642,0.3683879685977376,-1.0373196063853625,0.42458600398365753,-20.08204837252425,-6.676084911049337,0.24806541113323108,1.249639502834065,-0.4138570466076028,-4.06901143354525,-3.891346042000081,-13.889111014962047,-1.098995256968143,0.6098210286058092,-0.4156129098281479,0.49958768280524796,-4.432544982036394,-7.619249749663572,-0.9578141908165351,0.7657292595565475,-0.41033839836391783,0.09896927487287359,-2.3879147786478536,-4.520596017113348,0.0,0.0,0.0,0.0,0.0,0.0
632,0.7701602623660321,0.3584274431734711,-1.039720789455751,0.2281171069981518,-20.142078771870054,-6.632659344067232,0.25314893346604367,1.2474604796561821,-0.41930719477576506,-4.120680675758295,-3.9419287836296606,-13.917560306224487,-1.0960458977820828,0.6127606436509916,-0.4209987779540232,0.5109052639831658,-4.488123375515652,-7.65843045399392,-0.9528502757828922,0.7700978469312778,-0.4156009344502971,0.10014084169069698,-2.4179482332470137,-4.5447717673117545,0.0,0.0,0.0,0.0,0.0,0.0
633,0.7726476503135078,0.3484695854859187,-1.0420503154005414,0.031897046340448654,-20.200695331587607,-6.589101128554591,0.2582109218389582,1.2452441012989615,-0.42472624123108227,-4.172028127894575,-3.9922237047885565,-13.945432786888684,-1.093073637982082,0.615679088393691,-0.42635368380932875,0.5222999546878534,-4.543337948817514,-7.697222153844564,-0.9478582219753351,0.774418989096486,-0.4208330628096303,0.10130965452312644,-2.447805763104098,-4.568667499672921,0.0,0.0,0.0,0.0,0.0,0.0
634,0.775079827621708,0.33851547263410126,-1.0443084207507374,-0.16405487106792016,-20.25790159541088,-6.545416499188027,0.26325108356177723,1.242990757577633,-0.4301139278788205,-4.2230514260038605,-4.042228291463917,-13.972729332213905,-1.090078807860393,0.6185762751057614,-0.43167737358723035,0.533769593385264,-4.598186104991317,-7.735623780926295,-0.9428386721253355,0.7786925567897184,-0.42603453639071964,0.10247560465056672,-2.4774859825666646,-4.592282594724725,0.0,0.0,0.0,0.0,0.0,0.0
635,0.7774569205443569,0.32856617579997266,-1.0464953504256764,-0.3597194418951233,-20.313701276591985,-6.501611653211944,0.2682691281210837,1.2407008396622419,-0.43546999951774884,-4.273748239618081,-4.091940058382822,-13.999450858052468,-1.0870617381225902,0.6214521160441011,-0.43696959635183147,0.5453120143255428,-4.6526652897307175,-7.773634300743156,-0.937792268987944,0.7829184263996314,-0.43120511095475117,0.10363858373137234,-2.506987522071464,-4.615616466485555,0.0,0.0,0.0,0.0,0.0,0.0
636,0.7797790620110716,0.3186227601172348,-1.0486113576240355,-0.5550775687547329,-20.368098255815752,-6.4576927496608185,0.27326476719686627,1.238374740020166,-0.44079420384698936,-4.3241162717676165,-4.141356549090347,-14.025598320409639,-1.0840227598447725,0.6243065234560827,-0.4422301040447163,0.5569250479559602,-4.706772991362111,-7.811252712439577,-0.9327196552520322,0.7870964799395672,-0.4363445450815164,0.10479848381645245,-2.536309028174719,-4.638668562285826,0.0,0.0,0.0,0.0,0.0,0.0
637,0.7820463915465211,0.3086862845425248,-1.050656703713698,-0.7501102625213711,-20.4210965790911,-6.413665908598206,0.27823771467881586,1.2360128523586449,-0.44608629147245205,-4.3741532589922025,-4.19047533602293,-14.051172714998959,-1.0809622044308196,0.627139409585185,-0.4474586514910797,0.5686065213314471,-4.760506740825263,-7.848478048642798,-0.9276214734510256,0.7912266050201677,-0.44145260017522825,0.10595519736369151,-2.5654491635801637,-4.661438362583845,0.0,0.0,0.0,0.0,0.0,0.0
638,0.7842590551886558,0.2987578017289817,-1.0526316581205164,-0.944798644606097,-20.472700455619346,-6.3695372103724415,0.28318768668228017,1.2336155715673025,-0.45134601591286566,-4.423856971346553,-4.2392940205772,-14.076175076792719,-1.0778804035697,0.6299506866768121,-0.45265499640545764,0.580354258522688,-4.813864111646299,-7.8853093753005385,-0.9224983658741387,0.7953086948210308,-0.44652904046994857,0.1071086172522287,-2.5944066071648937,-4.683925380776056,0.0,0.0,0.0,0.0,0.0,0.0
639,0.7864172054060526,0.2888383579022126,-1.0545364982160035,-1.1391239491911591,-20.52291425564055,-6.325312694888995,0.28811440156388174,1.2311832936606841,-0.4565731336053984,-4.473225212400689,-4.287810233174157,-14.100606479567878,-1.0747776891928436,0.6327402669842968,-0.45781889939705045,0.5921660810216651,-4.866842719903042,-7.9217457915139695,-0.9173509744781276,0.799342648061415,-0.45157363303461584,0.10825863679656642,-2.6231800540029973,-4.706129163001723,0.0,0.0,0.0,0.0,0.0,0.0
640,0.7885210010143988,0.2789289927386637,-1.056371509203998,-1.3330675254239779,-20.571742508258467,-6.280998360899693,0.29301757993679395,1.228716415720814,-0.46176740391087234,-4.5222558192350535,-4.336021633318808,-14.124468035447464,-1.0716543934315792,0.6355080627750893,-0.46295012397464474,0.6040398081445779,-4.919440224182856,-7.957786429366108,-0.9121799407995718,0.8033283689700168,-0.4565861477776814,0.1094051497605091,-2.651768215387014,-4.728049287942181,0.0,0.0,0.0,0.0,0.0,0.0
641,0.7905706070921544,0.2690307392463929,-1.0581369840063446,-1.5266108395704023,-20.619189899245125,-6.2366001653085945,0.2978969446856912,1.2262153358397885,-0.46692858911858914,-4.570946662430558,-4.383925909655353,-14.147760894437738,-1.068510848574655,0.638253986337136,-0.46804843655114975,0.615973257432086,-4.971654325533142,-7.993430453745777,-0.9069859058676994,0.8072657672538338,-0.46156635745136726,0.11054805037094562,-2.6801698188472685,-4.749685366614746,0.0,0.0,0.0,0.0,0.0,0.0
642,0.7925661948953979,0.2591446236482735,-1.0598332231475949,-1.7197354771265196,-20.665261268825255,-6.192124022494648,0.3027522209813487,1.2236804530623884,-0.47205645445073613,-4.619295646053343,-4.431520780017726,-14.170486243960852,-1.0653473870258185,0.6409779499854235,-0.47311360644771766,0.6279642450467443,-5.023482767404315,-8.028677062166956,-0.9017695101177561,0.8111547580661105,-0.46651403765551913,0.111687233331449,-2.708383608168963,-4.771037042161286,0.0,0.0,0.0,0.0,0.0,0.0
643,0.7945079417719209,0.24927166526760114,-1.0614605346388168,-1.912423144889699,-20.709961609442068,-6.147575803651124,0.30758313629492723,1.2211121673287515,-0.47715076806642465,-4.667300707634759,-4.4788039914758775,-14.192645308383693,-1.0621643412615014,0.643679866068721,-0.47814540589750065,0.6400105861676328,-5.07492333558581,-8.06352548458402,-0.8965313933049458,0.8149952619734145,-0.4714289668411029,0.1128225938357113,-2.7364083434072874,-4.7921039896317,0.0,0.0,0.0,0.0,0.0,0.0
644,0.7963960310745587,0.23941287641614029,-1.0630192338604951,-2.104655672987983,-20.753296063504322,-6.102961336141696,0.31238942041190854,1.218510879417078,-0.4822113010653151,-4.714959818146124,-4.52577332037749,-14.214239348542373,-1.0589620437885672,0.6463596469764814,-0.48314361004899775,0.6521100953820389,-5.125973858134717,-8.09797498320245,-0.8912721944189319,0.8187872049218163,-0.47631092631330063,0.11395402758080182,-2.7642428009002993,-4.812885915762197,0.0,0.0,0.0,0.0,0.0,0.0
645,0.7982306520738185,0.22956926228460078,-1.064509643444599,-2.296415016868,-20.795269921116017,-6.058286402873344,0.3171708054457042,1.2158769908864049,-0.48723782749086214,-4.7622709819686655,-4.5724265723853454,-14.235269661262999,-1.0557408271021744,0.6490172051459211,-0.4881079969690265,0.664260587074162,-5.1766322052974605,-8.132024852285483,-0.8859925515989346,0.8225305182022153,-0.4811597002342394,0.11508143078025257,-2.79188577327976,-4.833382558748607,0.0,0.0,0.0,0.0,0.0,0.0
646,0.8000119998698195,0.21974182083553667,-1.0659320931558305,-2.487683259241532,-20.835888617789166,-6.013556741685865,0.32192702585094074,1.2132109040194354,-0.4922301243331759,-4.80923223685859,-4.618761582510373,-14.25573757887856,-1.0525010236437164,0.6516524530692757,-0.49303834764531285,0.6764598758107594,-5.22689628942452,-8.165674417956582,-0.8806931020494085,0.8262251384148195,-0.48597507562534803,0.11620470017695803,-2.8193360694799163,-4.853593688014769,0.0,0.0,0.0,0.0,0.0,0.0
647,0.8017402753035777,0.20993154269869913,-1.0672869197721084,-2.6784426119901585,-20.875157732140615,-5.96877804475818,0.3266578184364026,1.210513021765455,-0.49718797153149874,-4.8558416539073335,-4.664776215140363,-14.275644468742211,-1.0492429657588878,0.6542653033012177,-0.4979344459887024,0.6887057767236724,-5.276764064878305,-8.198923037997895,-0.8753744819563417,0.8298710074327877,-0.49075684236934175,0.11732373305590255,-2.8465925147442084,-4.873519103976077,0.0,0.0,0.0,0.0,0.0,0.0
648,0.8034156848676506,0.20013941106880345,-1.068574466964297,-2.868675418028424,-20.913082983573112,-5.923955958031055,0.33136292237765674,1.207783747683298,-0.5021111519763045,-4.90209733749704,-4.710468364064405,-14.29499173273676,-1.0459669856558242,0.6568556684664398,-0.5027960788349968,0.7009961058891591,-5.326233527934237,-8.231770101644639,-0.8700373264041413,0.8334680723650494,-0.49550479321184326,0.11843842725670192,-2.873653950629958,-4.893158637798248,0.0,0.0,0.0,0.0,0.0,0.0
649,0.8050384406161991,0.19036640160575474,-1.0697950851752436,-3.058364153125014,-20.949670229942235,-5.8790960806467005,0.33604207922934776,1.2050234858844335,-0.5069994515110221,-4.9479974252513745,-4.75583595249309,-14.313780806781022,-1.0426734153633916,0.6594234612674098,-0.5076230359464176,0.7133286807039753,-5.375302716675188,-8.264215029375746,-0.864682269293173,0.8370162855183287,-0.5002187237626368,0.11954868118596321,-2.900519235011031,-4.912512151151501,0.0,0.0,0.0,0.0,0.0,0.0
650,0.8066087600744621,0.18061348233729624,-1.0709491314981434,-3.247491427682231,-20.984925465208967,-5.834203964404704,0.34069503293716447,1.2022326409761146,-0.5118526589333863,-4.993540087981689,-4.800876933074513,-14.332013160332473,-1.039362586689558,0.6619685944922741,-0.5124151100127029,0.7257013202581496,-5.423969710879358,-8.296257272700528,-0.8593099432579028,0.840515604358366,-0.5048984324965659,0.12065439382946094,-2.9271872420785225,-4.9315795359600925,0.0,0.0,0.0,0.0,0.0,0.0
651,0.8081268661476979,0.1708816135640997,-1.0720369695542757,-3.4360399884736204,-21.018854817079436,-5.78928511323461,0.34532152984948883,1.199411618004647,-0.5166705659964251,-5.0387235296286645,-4.845589287906145,-14.349690295886965,-1.0360348311799112,0.6644909810229297,-0.5171720966518429,0.7381118457043737,-5.472232631901712,-8.32789631394174,-0.8539209795857035,0.8439659914703744,-0.5095437207540765,0.12175546476411657,-2.953656862339476,-4.950360714147449,0.0,0.0,0.0,0.0,0.0,0.0
652,0.8095929870296014,0.16117174776729293,-1.073058969370138,-3.6239927203395723,-21.05146454463193,-5.744344982684893,0.3499213187287149,1.1965608223987563,-0.5214529674090743,-5.08354598719936,-4.88997102854252,-14.366813748475133,-1.0326904800762895,0.6669905338432455,-0.5218937944104465,0.7505580806239741,-5.520089642548991,-8.35913166601489,-0.8485160081362985,0.847367414518728,-0.5141543927414007,0.12285179416981178,-2.9799270026136115,-4.96885563737686,0.0,0.0,0.0,0.0,0.0,0.0
653,0.8110073561102396,0.15148482951841008,-1.0740155072540227,-3.811332647841315,-21.082761035932318,-5.699388979428334,0.3544941507622547,1.193680659913068,-0.5261996608364411,-5.128005730699943,-4.934020195998947,-14.383385085155869,-1.0293298642755462,0.6694671660474395,-0.5265800047637615,0.7630378513893886,-5.56753894694858,-8.389962872204036,-0.8430956572618664,0.8507198462059067,-0.5187302555304016,0.1239432828409853,-3.005996586028185,-4.98706428678792,0.0,0.0,0.0,0.0,0.0,0.0
654,0.8123702118835195,0.1418217953917817,-1.0749069656720625,-3.9980429368727286,-21.112750805638353,-5.654422460783774,0.35903977957321576,1.1907715365717082,-0.5309104468996979,-5.172101063063881,-4.977734860751051,-14.399405904506843,-1.0259533142884447,0.6719207908486007,-0.5312305321153278,0.7755489875230991,-5.614578790411055,-8.420389505934015,-0.8376605537278122,0.8540232642307065,-0.5232711190580599,0.12502983219805863,-3.031864552010865,-5.004986672728739,0.0,0.0,0.0,0.0,0.0,0.0
655,0.8136817978542334,0.1321835738793421,-1.0757337331237924,-4.184106896230636,-21.141440492593773,-5.609450734254128,0.3635579612307699,1.187833858612038,-0.5355851291756364,-5.215830320076008,-5.021113122730476,-14.414877836112382,-1.022561160198706,0.6743513215873674,-0.535845183796296,0.7880893220529874,-5.661207459286888,-8.45041117053935,-0.8322113226342202,0.8572776512457418,-0.5277767961256333,0.12611134429866475,-3.057529856280799,-5.0226228344841,0.0,0.0,0.0,0.0,0.0,0.0
656,0.8149423624446919,0.1225710853078596,-1.0764962040172499,-4.36950797914303,-21.168836857412714,-5.564479057080559,0.36804845426019994,1.1848680324285201,-0.5402235141958599,-5.259191870292162,-5.064153111316505,-14.42980254004856,-1.0191537316221857,0.6767586717407414,-0.5404237700643858,0.8006566918640208,-5.707423280817004,-8.480027499029735,-0.8267485873379807,0.8604829948142362,-0.532247102397464,0.12718772184867635,-3.082991470837737,-5.039972839999545,0.0,0.0,0.0,0.0,0.0,0.0
657,0.8161521586559445,0.11298524083798123,-1.077194778136937,-4.554229799955079,-21.194946773229656,-5.5195126296245896,0.3725110199436833,1.1818744636901382,-0.5448254116822239,-5.302184117116901,-5.106852987486535,-14.444181701474392,-1.0157313568425355,0.6791427549151966,-0.5449661043329133,0.8132489387390363,-5.753224625260038,-8.5092381530893,-0.821272968488452,0.8636392872743464,-0.5366818566224749,0.12825886825595847,-3.10824838520217,-5.057036784921761,0.0,0.0,0.0,0.0,0.0,0.0
658,0.8173114438737943,0.10342694199684899,-1.077829860351986,-4.738256142001905,-21.21977722047643,-5.474556592329907,0.37694542244222135,1.1788535569670606,-0.5493906346340987,-5.344805499505197,-5.14921094461375,-14.45801702822654,-1.0122943624634038,0.6815034848438526,-0.5494720032554675,0.825863910071877,-5.798609906551738,-8.538042822536315,-0.8157850835991585,0.8667465256636051,-0.5410808807158962,0.12932468766136634,-3.1332996068685626,-5.073814792076437,0.0,0.0,0.0,0.0,0.0,0.0
659,0.8184204806391803,0.0938970838585097,-1.0784018619261067,-4.921570905256637,-21.24333530853621,-5.429616047212971,0.38135142777597514,1.1758057185955302,-0.5539189984902605,-5.387054484227439,-5.191225200802235,-14.47131026757587,-1.0088430762779845,0.6838407754523054,-0.553941285909442,0.8384994567550555,-5.843577574070926,-8.566441227770987,-0.8102855501075206,0.8698047119968038,-0.5454439989687832,0.13038508479731908,-3.1581441568607342,-5.090307013575947,0.0,0.0,0.0,0.0,0.0,0.0
660,0.8194795359935418,0.08439655289029863,-1.0789111994631204,-5.104158142044474,-21.26562825771336,-5.38469604350386,0.3857288045001106,1.17273135472414,-0.558410321671003,-5.428929570763554,-5.232894003836142,-14.484063194467293,-1.0053778253295804,0.6861545408372917,-0.5583737743237163,0.8511534350200232,-5.888126117746541,-8.594433117772876,-0.8047749832726,0.8728138530036473,-0.5497710385586128,0.13143996509309194,-3.1827810725976375,-5.106513628935707,0.0,0.0,0.0,0.0,0.0,0.0
661,0.8204888813564548,0.074926226789364,-1.0793582947357745,-5.286002059894514,-21.286663396024302,-5.3398015766581,0.3900773237424521,1.1696308711736212,-0.5628644255989713,-5.4704292914139385,-5.274215631365318,-14.496277610482377,-1.001898935787432,0.688444695275087,-0.562769293498652,0.8638237068455155,-5.932254068101948,-8.622018269763808,-0.7992539960099958,0.875773960070931,-0.5540618295684315,0.13248923468923307,-3.2072094079968227,-5.1224348446985095,0.0,0.0,0.0,0.0,0.0,0.0
662,0.8214487924290943,0.06548697441904994,-1.079743574557552,-5.467087022740752,-21.306448156708743,-5.2949375880392715,0.3943967592098139,1.1665046733849598,-0.5672811346944158,-5.511552211175346,-5.315188390856437,-14.507955343321637,-0.9984067329107272,0.6907111532315846,-0.5671276714011707,0.8765081402898727,-5.975959996049654,-8.64919648894928,-0.7937231988218713,0.8786850491940235,-0.5583162049818802,0.13353280044727617,-3.2314282334424074,-5.138070894128626,0.0,0.0,0.0,0.0,0.0,0.0
663,0.8223595490975563,0.056079655747680535,-1.080067470654365,-5.647397552081367,-21.324990075738132,-5.250108964617422,0.3986868871940343,1.1633531663677517,-0.5716602763701388,-5.552296927613182,-5.355810619540629,-14.519098246285617,-0.9949015410128339,0.6929538293724893,-0.5714487389595297,0.8892046098191586,-6.019242512681032,-8.675967608257485,-0.7881831997277716,0.8815471409278176,-0.5625340006779231,0.13457056995924363,-3.2554366357514315,-5.153422036902938,0.0,0.0,0.0,0.0,0.0,0.0
664,0.8232214353360638,0.0467051217897419,-1.0803304195361538,-5.826918328096218,-21.342296789321928,-5.205320538683248,0.4029474865777136,1.1601767546487993,-0.5760016810261337,-5.592662070730157,-5.396080684357588,-14.529708197754765,-0.9913836834257506,0.6951726385736166,-0.575732330057791,0.9019109966310433,-6.062100269051034,-8.702331488075895,-0.7826346041962371,0.8843602603371596,-0.5667150554252793,0.13560245155695935,-3.279233718138559,-5.1684885587991545,0.0,0.0,0.0,0.0,0.0,0.0
665,0.824034739110065,0.03736421454945166,-1.0805328623684152,-6.005634190722754,-21.358376031411893,-5.160577087577826,0.40717833883964355,1.1569758422209406,-0.5803051820439095,-5.632646302831368,-5.435996981896168,-14.539787100668025,-0.9878534824647698,0.6973674959312899,-0.5799782815299837,0.9146251889743813,-6.1045319559580316,-8.728288015985422,-0.7770780150772068,0.8871244369467652,-0.5708592108765553,0.13662835432113574,-3.302818600179154,-5.183270771381185,0.0,0.0,0.0,0.0,0.0,0.0
666,0.8247997522792784,0.02805776696668938,-1.0806752448437225,-6.183530140690754,-21.37323563120585,-5.115883333437847,0.41137922805995336,1.1537508324921468,-0.5845706157805325,-5.6722483183860195,-5.475557938331683,-14.549336882000675,-0.9843112593933863,0.6995383167728461,-0.5841864331539843,0.9273450824645206,-6.1465363037190315,-8.753837106492478,-0.7715140325352358,0.8898397046906568,-0.5749663115620999,0.13764818809027193,-3.3261904177708383,-5.197769011681855,0.0,0.0,0.0,0.0,0.0,0.0
667,0.8255167705006892,0.018786602865288715,-1.0807580170532394,-6.360591340515883,-21.386883510650954,-5.0712439429562135,0.41554994092495895,1.150502128234865,-0.5887978215623633,-5.711466843885724,-5.514762009359786,-14.558359492241177,-0.9807573343884187,0.7016850166672325,-0.5883566276450963,0.9400685803942468,-6.18811208194022,-8.778978700758781,-0.7659432539835137,0.8925061018611197,-0.5790362048835682,0.13866186346933357,-3.3493483230934578,-5.211983641882966,0.0,0.0,0.0,0.0,0.0,0.0
668,0.8261860931315259,0.009551536903669555,-1.0807816333582712,-6.536803115452288,-21.399327681947256,-5.026663527157788,0.41969026673171983,1.147230131535627,-0.5929866416785039,-5.750300637699452,-5.553607680127067,-14.566856904867223,-0.9771920265053725,0.7038075114356989,-0.5924887106493452,0.9527935940403778,-6.229258099283004,-8.803712766329085,-0.7603662740186963,0.8951236710572015,-0.5830687411072077,0.1396692918382401,-3.372291484567519,-5.2259150489928565,0.0,0.0,0.0,0.0,0.0,0.0
669,0.8268080231322454,0.00035337452778838596,-1.080746552261882,-6.712150954404644,-21.410576245052283,-4.982146641190216,0.42379999739231267,1.1439352437449164,-0.5971369213739628,-5.788748489925296,-5.592093465158401,-14.574831115821116,-0.9736156536440286,0.705905717162577,-0.5965825307364928,0.9655180429659593,-6.269973203225693,-8.828039296856904,-0.7547836843565469,0.8976924591327669,-0.5870637733568704,0.14067038536012985,-3.3950190868111365,-5.239563644521506,0.0,0.0,0.0,0.0,0.0,0.0
670,0.8273828669695545,-0.0088070880736002,-1.0806532362806212,-6.8866205107998155,-21.42063738518734,-4.93769778412967,0.42787892743782185,1.1406178654273198,-0.6012485088425421,-5.826809222239112,-5.63021790828117,-14.582284142984669,-0.9700285325142796,0.7079795502061558,-0.6006379393927792,0.978239855318062,-6.310256279820988,-8.851958311828362,-0.7491960737684025,0.9002125171441331,-0.5910211576067583,0.14166505698943146,-3.4175303305955325,-5.252929864153369,0.0,0.0,0.0,0.0,0.0,0.0
671,0.8279109345194829,-0.017929064011389828,-1.0805021518163662,-7.060197603418268,-21.429519370345908,-4.893321398801366,0.43192685402204545,1.1372783963119435,-0.6053212552194415,-5.864481687739977,-5.667979582546256,-14.589218025653565,-0.966430978602197,0.7100289272096313,-0.6046547910133844,0.9909569681211212,-6.350106253449203,-8.875469856284148,-0.7436040280184544,0.902683900297286,-0.5949407526738976,0.14265322047971837,-3.439824432799033,-5.266014167417927,0.0,0.0,0.0,0.0,0.0,0.0
672,0.8283925389705407,-0.027011775736300703,-1.0802937690283387,-7.232868217185755,-21.437230548805026,-4.849021871614697,0.435943576924926,1.1339172352431228,-0.6093550145736016,-5.901764770792763,-5.705377090146077,-14.595634824011483,-0.9628233061363517,0.7120537651121466,-0.6086329428946322,1.0036673275658547,-6.389522086567621,-8.898574000539783,-0.7380081298018595,0.9051066678947118,-0.5988224202103608,0.14363479039137253,-3.4619006263597156,-5.278817037358154,0.0,0.0,0.0,0.0,0.0,0.0
673,0.8288279967269763,-0.036054455076790615,-1.0800285617053025,-7.404618503925138,-21.44377934664002,-4.804803532412826,0.43992889855569944,1.1305347801314074,-0.6133496438997703,-5.938657386867657,-5.742409062329475,-14.60153661860381,-0.9592058280543708,0.7140539811599009,-0.6125722552259223,1.016368889293664,-6.428502779455791,-8.921270839904121,-0.7324089586836742,0.9074808832818373,-0.6026660246952231,0.14460968209901975,-3.4837581602265955,-5.291338980196894,0.0,0.0,0.0,0.0,0.0,0.0
674,0.8292176273121694,-0.04505634327474367,-1.0797070071379808,-7.575434783069221,-21.44917426524342,-4.760670654336579,0.4438826239557825,1.1271314279048483,-0.6173050031103166,-5.9751584823769255,-5.779074159313751,-14.606925509811434,-0.9555788559697475,0.7160294929173439,-0.6164725910814115,1.0290596186765808,-6.467047369957154,-8.94356049439637,-0.7268070910386154,0.9098066137931204,-0.6064714334262761,0.1455778117987789,-3.50539629930949,-5.303580525001356,0.0,0.0,0.0,0.0,0.0,0.0
675,0.8295617532721666,-0.05401669101893325,-1.0793295859917313,-7.745303542334361,-21.453423878848405,-4.716627453702518,0.4478045608013776,1.1237075744605742,-0.6212209550267846,-6.011267034508827,-5.815371070193722,-14.61180361732436,-0.9519427001389025,0.717980218278431,-0.6203338164114401,1.0417374910926909,-6.5051549332169305,-8.965443108461498,-0.7212030999916608,0.9120839306977833,-0.6102385165114912,0.14653909651529773,-3.526814324427529,-5.315542223345714,0.0,0.0,0.0,0.0,0.0,0.0
676,0.8298607000793975,-0.06293475847628133,-1.0788967821794884,-7.914211438355309,-21.45653683205758,-4.672678089894955,0.4516945194058188,1.1202636146166733,-0.625097365371194,-6.046982051058829,-5.851298512847928,-14.616173079615415,-0.9482976694284972,0.7199060754779563,-0.6241558000337081,1.054400492197032,-6.542824581416473,-8.986918850684262,-0.7155975553594754,0.9143129091452176,-0.6139671468602405,0.14749345410857853,-3.5480115322563437,-5.3272246489719715,0.0,0.0,0.0,0.0,0.0,0.0
677,0.8301147960365856,-0.07180981532094782,-1.0784090827350188,-8.082145297281828,-21.458521837377567,-4.62882666527185,0.4555523127216509,1.1167999420643833,-0.6289341027570973,-6.082302570258204,-5.886855233842079,-14.620036053414236,-0.9446440712830059,0.7218069831029462,-0.6279384136242099,1.06704661818797,-6.58005546350417,-9.007987913501891,-0.7099910235926802,0.9164936281100763,-0.6176572001742829,0.1484408032806074,-3.56898723527398,-5.338628397449192,0.0,0.0,0.0,0.0,0.0,0.0
678,0.8303243721808804,-0.08064114076125528,-1.0778669776865106,-8.249092115337099,-21.459387672760002,-4.585077225084338,0.459377756342448,1.1133169493205894,-0.6327310386803918,-6.117227660600047,-5.922040008329717,-14.623394713181488,-0.9409822116925439,0.723682860104119,-0.6316815317079298,1.0796738760690248,-6.616846764923029,-9.028650512915489,-0.7043840677189546,0.9186261703370624,-0.621308554938516,0.14938106358177403,-3.589740761705544,-5.34975408583115,0.0,0.0,0.0,0.0,0.0,0.0
679,0.8304897621882268,-0.08942802356447715,-1.077270959930525,-8.415039059338401,-21.459143179149386,-4.541433757409717,0.4631706685043715,1.109815027680642,-0.6364880475098988,-6.151756420662833,-5.956851639950231,-14.626251250583413,-0.9373123951609613,0.7255336258073976,-0.6353850316493062,1.0922802839061496,-6.653197707335058,-9.048906888200213,-0.6987772472869813,0.9207106222854321,-0.624921092411503,0.1503141554170882,-3.61027145546662,-5.360602352312506,0.0,0.0,0.0,0.0,0.0,0.0
680,0.8306113022779973,-0.09816976207950662,-1.0766215251063291,-8.579973467180313,-21.457797258038454,-4.497900193097815,0.4669308700874725,1.1062945671714854,-0.6402050064776994,-6.185887978931464,-5.991288960724137,-14.628607873966896,-0.9336349246741926,0.7273591999254819,-0.6390487936424565,1.1048638710804293,-6.6891075483424745,-9.068757301614344,-0.6931711183112289,0.9227470740732268,-0.6284946966157681,0.15124000005219218,-3.6305786761054515,-5.371173855883606,0.0,0.0,0.0,0.0,0.0,0.0
681,0.8306893311179204,-0.10686566425743621,-1.075919171470664,-8.743882848281054,-21.455358869031862,-4.454480405730485,0.470658184616751,1.1027559565051348,-0.6438817956692608,-6.219621493616137,-6.025350830945975,-14.63046680783532,-0.9299501016688871,0.7291595025694826,-0.6426727007011958,1.117422678536251,-6.724575581206075,-9.088202038107447,-0.6875662332175811,0.9247356194212646,-0.6320292543278887,0.15215851961917298,-3.650661798744004,-5.381469275984061,0.0,0.0,0.0,0.0,0.0,0.0
682,0.8307241897292914,-0.11551504767005921,-1.0751643997729325,-8.906754883991866,-21.451837027417923,-4.411178211593993,0.47435243826294904,1.0991995830324495,-0.647518298013322,-6.252956152468789,-6.059036139074482,-14.631830292324732,-0.9262582260012878,0.7309344542605847,-0.6462566386488182,1.1299547590248662,-6.759601134560589,-9.10724140502734,-0.6819631407898014,0.926676355596872,-0.6355246550683592,0.15306963712216917,-3.6705202140178077,-5.391489312155038,0.0,0.0,0.0,0.0,0.0,0.0
683,0.830716221392538,-0.12411723952631859,-1.0743577131308806,-9.068577427970185,-21.447240801750088,-4.367997369664364,0.47801345984311416,1.0956258326972799,-0.6511143992715721,-6.285891172597433,-6.09234380162043,-14.632700582681236,-0.9225595959164068,0.7326839759417826,-0.6498004961076749,1.1424581773433957,-6.794183572127364,-9.12587573182645,-0.6763623861168561,0.9285693833574157,-0.6389807910912537,0.15397327644277878,-3.6901533280147083,-5.4012346836905625,0.0,0.0,0.0,0.0,0.0,0.0
684,0.8306657715530967,-0.1326715766867328,-1.0734996169067441,-9.22933850651675,-21.441579311437284,-4.3249415816051275,0.4816410808209022,1.0920350899909106,-0.6546699880281106,-6.318425800278315,-6.1252727630319965,-14.633079948738832,-0.9188545080174437,0.734407988989631,-0.6533041644885351,1.1549310105692556,-6.82832229242434,-9.14410536976708,-0.6707645105410613,0.9304148068936012,-0.6423975573736829,0.15486936234526288,-3.709560562212501,-5.4107061292877,0.0,0.0,0.0,0.0,0.0,0.0
685,0.8305731877277005,-0.14117740567581172,-1.0725906185839504,-9.389026318877214,-21.434861724345332,-4.282014491777758,0.48523513530665985,1.0884277379068936,-0.6581849556787017,-6.350559310766097,-6.157821995577813,-14.632970674398749,-0.9151432572355146,0.7361064152260663,-0.656767537979748,1.1673713482900154,-6.862016728473565,-9.161930691626278,-0.6651700516071002,0.9322127337726079,-0.6457748516050503,0.15575782048155773,-3.728741353415508,-5.419904406695971,0.0,0.0,0.0,0.0,0.0,0.0
686,0.8304388191909349,-0.14963408328423478,-1.071631227298268,-9.547629247286125,-21.427097248425554,-4.239219683312327,0.48879546025662274,1.0848041572831963,-0.6616591965770935,-6.382291009527996,-6.189990500658109,-14.632375053300706,-0.9114261361870419,0.7377791769369405,-0.6601905136890797,1.1797772933156907,-6.895266348998412,-9.179352090652092,-0.6595795423742308,0.9339632747665455,-0.6491125743239479,0.15663857742207624,-3.747695154520952,-5.428830291590618,0.0,0.0,0.0,0.0,0.0,0.0
687,0.8302630164392517,-0.15804097777286985,-1.0706219530191796,-9.705135876953076,-21.418295117291976,-4.196560670154771,0.4923218958667069,1.0811647255451116,-0.6650926083321259,-6.413620234824375,-6.2217773114877195,-14.631295380753489,-0.9077034339402663,0.7394261968926865,-0.6635729919320755,1.192146962950174,-6.92807066101406,-9.196369978771799,-0.6539935100968943,0.9356665435701635,-0.6524106291966835,0.157511560714836,-3.766421436079905,-5.437484575692936,0.0,0.0,0.0,0.0,0.0,0.0
688,0.8300461325123082,-0.16639746507632458,-1.0695633086518992,-9.861534933421055,-21.408464626291583,-4.154040922510339,0.4958142842881858,1.0775098206072409,-0.6684850907829526,-6.444546348317518,-6.253181483754901,-14.62973397772889,-0.9039754399315955,0.7410473983159644,-0.666914875235463,1.2044784860965942,-6.960429199900802,-9.212984791100961,-0.648412480278694,0.9373226574802987,-0.6556689220533062,0.1583766987233037,-3.7849196808760524,-5.445868071406345,0.0,0.0,0.0,0.0,0.0,0.0
689,0.8297885221639538,-0.17470293077798554,-1.0684558087577753,-10.016815315288325,-21.39761511012351,-4.111663853747864,0.49927247030096533,1.0738398187560996,-0.6718365465221895,-6.475068739745678,-6.2842021003572945,-14.627693177474654,-0.9002424418549111,0.7426427049219698,-0.670216068845348,1.2167700050148953,-6.992341534216784,-9.229196983129388,-0.6428369744785141,0.9389317369480268,-0.658887361378815,0.15923392071485373,-3.8031893866853466,-5.45398160882495,0.0,0.0,0.0,0.0,0.0,0.0
690,0.8294905416760676,-0.1829567703605377,-1.0672999692857943,-10.170966098431604,-21.385755937931737,-4.069432818815362,0.5026963013963701,1.070155094346997,-0.6751468809501574,-6.505186827321598,-6.3148382718736356,-14.625175323379821,-0.8965047253731316,0.7442120409338913,-0.6734764807795268,1.2290196757342602,-7.023807266019126,-9.245007030100044,-0.6372675099943499,0.9404939054708756,-0.6620658583634728,0.16008315687558805,-3.8212300665559926,-5.461826035041518,0.0,0.0,0.0,0.0,0.0,0.0
691,0.8291525487672948,-0.1911583892011967,-1.0660963074532197,-10.323976536008406,-21.37289651097721,-4.027351114359114,0.5060856277738038,1.0664560197654105,-0.6784160022610307,-6.534900057512318,-6.345089136415807,-14.622182768481835,-0.8927625740944883,0.7457553310952103,-0.6766960218135997,1.2412256682562468,-7.054826030536583,-9.26041542670901,-0.6317045998221938,0.9420092895343941,-0.665204326889104,0.16092433831396274,-3.839041248728565,-5.469402213789751,0.0,0.0,0.0,0.0,0.0,0.0
692,0.828774902502361,-0.19930720256512258,-1.0648453416270223,-10.475836058426918,-21.35904626032557,-3.985421978853808,0.5094403023372072,1.0627429653887766,-0.6816438214288381,-6.564207904817782,-6.374953859479167,-14.618717874975967,-0.8890162695491222,0.7472725006820072,-0.6798746054669383,1.2533861667531827,-7.08539749584079,-9.275422686805626,-0.6261487526157967,0.9434780185537046,-0.6683026835152512,0.16175739706419923,-3.856622476555413,-5.476711025086699,0.0,0.0,0.0,0.0,0.0,0.0
693,0.8283579632019731,-0.20740263559702338,-1.0635475912061052,-10.626534273283372,-21.34421464455047,-3.943648592743597,0.512760180691304,1.0590162995487016,-0.6848302521933023,-6.593109871548051,-6.404431633791045,-14.614783013726932,-0.8852660911660082,0.7487634755152621,-0.6830121479884983,1.265499369761842,-7.115521362515982,-9.290029343092783,-0.620600472647314,0.9449002248150427,-0.6713608474651784,0.16258226608952228,-3.8739733084192314,-5.483753364875347,0.0,0.0,0.0,0.0,0.0,0.0
694,0.8279020923533249,-0.21544412331098975,-1.0622035765043552,-10.776060965267828,-21.328411147453107,-3.9020340785937915,0.5160451211376431,1.0552763884935878,-0.6879752110455372,-6.621605487599336,-6.433521679157614,-14.610380563782893,-0.881512316250197,0.7502281819731506,-0.6861085683424877,1.2775634903724142,-7.145197363327436,-9.304235946827465,-0.615060259768821,0.9462760434173076,-0.6743787406117402,0.163398879285199,-3.8910933176509337,-5.4905301446674954,0.0,0.0,0.0,0.0,0.0,0.0
695,0.8274076525212221,-0.2234311105785861,-1.0608138186345397,-10.924406096038563,-21.311645275798313,-3.8605815012530034,0.5192949846704402,1.0515235963516874,-0.6910786172136018,-6.649694310228926,-6.4622232423091,-14.605512911891843,-0.8777552199603843,0.7516665470033278,-0.6891637881938996,1.2895767564127791,-7.174425262888722,-9.318043067521579,-0.6095286093747032,0.9476056122136254,-0.6773562874631143,0.16420717148138256,-3.9079820924468085,-5.497042291186977,0.0,0.0,0.0,0.0,0.0,0.0
696,0.8268750072598527,-0.23136305211521732,-1.0593788393930725,-11.071559804065599,-21.293926557067778,-3.8192938680256034,0.522509634972223,1.047758285094584,-0.6941403926479169,-6.677375923829002,-6.490535596743451,-14.600182452020594,-0.8739950752868079,0.7530784981352072,-0.6921777318939074,1.3015374106281223,-7.203204857327805,-9.331451292643237,-0.6040060123649197,0.9488890717529549,-0.6802934151484035,0.1650070784457856,-3.9246392357849835,-5.50329074601335,0.0,0.0,0.0,0.0,0.0,0.0
697,0.826304521025197,-0.23923941246481703,-1.0578991611456479,-11.21751240444393,-21.27526453723037,-3.7781741288541615,0.5256889384092812,1.04398081450109,-0.697160462006549,-6.70464993969948,-6.51845804256846,-14.594391584876233,-0.8702321530294589,0.7544639634922174,-0.6951503264651324,1.3134437108558803,-7.231535973952207,-9.344461227318416,-0.5984929551091236,0.9501265652217327,-0.6831900534031135,0.16579853688614593,-3.9410643653412505,-5.509276465226086,0.0,0.0,0.0,0.0,0.0,0.0
698,0.8256965590881189,-0.24705966598286977,-1.0563753067137962,-11.362254388676845,-21.255668778530453,-3.737225176511746,0.5288327640269298,1.0401915421215944,-0.7001387526403694,-6.731515995819942,-6.5459899063424745,-14.588142717430372,-0.8664667217766338,0.7558228718040473,-0.6980815015867871,1.3252939301960749,-7.259418470913248,-9.357073494033179,-0.5929899194116569,0.9513182383855858,-0.6860461345545111,0.1665814844525298,-3.9572571134042507,-5.515000419049377,0.0,0.0,0.0,0.0,0.0,0.0
699,0.8250514874481277,-0.2548232968178,-1.054807799262346,-11.505776424429797,-21.235148857294163,-3.6964498468038847,0.5319409835445794,1.0363908232428236,-0.7030751945780881,-6.757973756620692,-6.573130540913681,-14.581438262446076,-0.8626990478837986,0.757155152418867,-0.7009711895796985,1.3370863571770126,-7.286852236869516,-9.3692887323365,-0.587497382477398,0.952464239531117,-0.6888615935068659,0.16735585973943212,-3.973217126790071,-5.520463591497646,0.0,0.0,0.0,0.0,0.0,0.0
700,0.8243696727478455,-0.2625297988907661,-1.0531971621878329,-11.648069355255476,-21.2137143617542,-3.655850918779879,0.5350134713506306,1.0325790108530515,-0.705969720511175,-6.784022912753066,-6.599879325258083,-14.574280638007618,-0.8589293954527888,0.7584607353155275,-0.7038193253912198,1.3488192959164191,-7.313837190649686,-9.381107598543668,-0.5820158168784693,0.9535647194077759,-0.6916363677265833,0.1681216022877103,-3.988944066756271,-5.525666980021773,0.0,0.0,0.0,0.0,0.0,0.0
701,0.8236514821881817,-0.27017867587387057,-1.0515439190078626,-11.789124200290289,-21.19137488989351,-3.6154311149534593,0.5380501044971829,1.0287564556077438,-0.7088222657786641,-6.809663180858975,-6.626235664316166,-14.566672267053244,-0.8551580263113372,0.7597395511157372,-0.7066258465800292,1.3604910662779937,-7.3403732809147195,-9.392530765440547,-0.5765456905218005,0.9546198311698406,-0.6943703972272305,0.16887865258633547,-4.004437608915345,-5.530611595156252,0.0,0.0,0.0,0.0,0.0,0.0
702,0.82289728344423,-0.2777694411668368,-1.0498485932514439,-11.92893215392311,-21.168140047307972,-3.575193101532269,0.5410507626945723,1.0249235057956365,-0.7116327683518547,-6.834894303339873,-6.652198988828373,-14.558615576910771,-0.8513851999929174,0.7609915310962029,-0.709390693300827,1.372100004023423,-7.366460485819636,-9.403558921988461,-0.5710874666175333,0.955629730318502,-0.6970636245544624,0.16962695207395778,-4.019697443147691,-5.535298460167172,0.0,0.0,0.0,0.0,0.0,0.0
703,0.822107444581906,-0.285301617872161,-1.0481117083503195,-12.067484585436425,-21.14401944508873,-3.535139488656327,0.5440153283057302,1.0210805073052653,-0.7144011688189088,-6.859716048125082,-6.677768755169398,-14.550112998836363,-0.847611173716932,0.7622166072007462,-0.7121138082889323,1.3836444609598977,-7.392098812674897,-9.414192773030056,-0.565641603648283,0.9565945746440865,-0.6997159947708524,0.1703664431403123,-4.034723273514072,-5.539728610701276,0.0,0.0,0.0,0.0,0.0,0.0
704,0.8212823339753337,-0.29277473876878135,-1.0463337875312964,-12.204773038620555,-21.1190226977242,-3.4952728306449576,0.5469436863403766,1.0172278035919338,-0.7171274103693482,-6.8841282084396624,-6.702944445181354,-14.541166967556368,-0.8438362023692182,0.7634147120523818,-0.7147951368447837,1.3951228050831115,-7.417288297607512,-9.424433038995991,-0.5602085553392371,0.9575145241684124,-0.7023274554406289,0.17109706912743372,-4.049514818167606,-5.543903094436047,0.0,0.0,0.0,0.0,0.0,0.0
705,0.8204223202249954,-0.3001883462842926,-1.0445153537096008,-12.34078923136154,-21.09315942102232,-3.455595626252149,0.5498357244490479,1.0133657356451287,-0.7198114387784639,-6.908130602571789,-6.72772556600592,-14.531779920812392,-0.8400605384828831,0.7645857789653596,-0.7174346268183506,1.4065334207158267,-7.442029005221965,-9.434280455612647,-0.5547887706290885,0.958389741087305,-0.7048979566143281,0.1718187743307122,-4.0640718092653305,-5.547822970730964,0.0,0.0,0.0,0.0,0.0,0.0
706,0.8195277720766572,-0.3075419924657291,-1.0426569293832713,-12.475525055202988,-21.066439230053128,-3.416110318930109,0.5526913329169605,1.0094946419563873,-0.7224532023916352,-6.931723073639819,-6.752111649915475,-14.521954298909684,-0.8362844322194745,0.76572974195717,-0.7200322285934623,1.4178747086419974,-7.466321028261121,-9.443735773610872,-0.5493826936418114,0.9592203897132747,-0.7074274508133644,0.17253150399977377,-4.078393992879347,-5.551489310279994,0.0,0.0,0.0,0.0,0.0,0.0
707,0.8185990583410822,-0.3148352389489516,-1.0407590365286066,-12.60897257488249,-21.038871737112185,-3.3768192971007607,0.5555104046577148,1.0056148584876128,-0.7250526521085662,-6.954905489359001,-6.776102254143299,-14.511692544268824,-0.8325081313504762,0.7668465357605059,-0.7225878950720529,1.4291450862364903,-7.4901644872671085,-9.452799758435823,-0.5439907636592629,0.9600066364183776,-0.7099158930145238,0.1732352043391941,-4.09248112890759,-5.5549031947653615,0.0,0.0,0.0,0.0,0.0,0.0
708,0.8176365478145361,-0.3220676569266636,-1.0388221964966748,-12.741124027843071,-21.010466549704752,-3.3377248944349787,0.5582928352068406,1.001726718639839,-0.7276097413674405,-6.977677741807922,-6.799696960712836,-14.500997100980754,-0.8287318812391314,0.7679360958351719,-0.7251015816583287,1.440342987590421,-7.513559530242271,-9.461473189957875,-0.5386134150946102,0.960748649577257,-0.7123632406343803,0.17392982250904346,-4.106332990984191,-5.55806571651267,0.0,0.0,0.0,0.0,0.0,0.0
709,0.8166406092001144,-0.32923882711508945,-1.0368469299109075,-12.871971823720273,-20.98123326855158,-3.2988293901394883,0.5610385227151987,0.9978305532224604,-0.7301244261290086,-7.00003974719482,-6.822895376266196,-14.48987041436554,-0.8249559248226059,0.7689983583799641,-0.7275732462428702,1.4514668636321755,-7.536506332310444,-9.46975686218494,-0.5332510774665832,0.9614465995104056,-0.7147694535136501,0.17461530662527444,-4.11994936638956,-5.5609779781475375,0.0,0.0,0.0,0.0,0.0,0.0
710,0.8156116110298792,-0.336348339719342,-1.0348337565657872,-13.001508543805222,-20.951181485615965,-3.260135009250958,0.5637473679422237,0.9939266904229064,-0.7325966648606009,-7.021991445623764,-6.84569713189183,-14.478314930534413,-0.8211805025944706,0.7700332603444829,-0.7300028491866631,1.4625151822440983,-7.559005095378439,-9.477651582975861,-0.5279041753745392,0.9621006584276246,-0.7171344939014785,0.175291605759941,-4.133330055960113,-5.5636410922536506,0.0,0.0,0.0,0.0,0.0,0.0
711,0.8145499215878296,-0.34339579439750745,-1.0327831953266444,-13.129726940484293,-20.920320782152736,-3.22164392293741,0.5664192742490223,0.9900154557767805,-0.7350264185200758,-7.043532800860729,-6.868101882951464,-14.46633309595557,-0.8174058525875212,0.7710407394408988,-0.7323903533050656,1.473486428374909,-7.581056047797936,-9.485158173755227,-0.5225731284743478,0.9627110003717194,-0.7194583264396659,0.17595866994126103,-4.146474873997729,-5.566056181032455,0.0,0.0,0.0,0.0,0.0,0.0
712,0.8134559088337163,-0.3503808002234804,-1.0306957640305705,-13.256619936655825,-20.88866072677925,-3.1833582488064533,0.5690541475913341,0.986097172138463,-0.737413650539712,-7.064663800099744,-6.890109308906401,-14.453927357023701,-0.8136322103569307,0.7720207341556682,-0.7347357238517238,1.4843791041478824,-7.602659444027887,-9.492277469229615,-0.5172583514550783,0.9632778011624347,-0.7217409181468434,0.17661645015352068,-4.159383648178939,-5.568224375964499,0.0,0.0,0.0,0.0,0.0,0.0
713,0.8123299403277049,-0.3573029756485799,-1.0285719793884707,-13.38218062512449,-20.856210873568692,-3.1452800512202965,0.5716518965123483,0.9821721596521665,-0.7397583268100428,-7.085384453729071,-6.9117191131431746,-14.441100159633141,-0.8098598089637278,0.7729731837611858,-0.7370389285024299,1.49519172896482,-7.62381556429749,-9.499010317105174,-0.5119602540164938,0.9638012383406354,-0.723982238402596,0.17726489833682402,-4.172056219463894,-5.570146817472455,0.0,0.0,0.0,0.0,0.0,0.0
714,0.8111723831558998,-0.36416194846196626,-1.0264123568882564,-13.506402267973662,-20.822980760165954,-3.1074113416173574,0.5742124321353854,0.9782407357234674,-0.7420604156636393,-7.105694795097505,-6.932931022798633,-14.427853948755011,-0.8060888789586144,0.773898028327381,-0.7392999373389316,1.5059228396058293,-7.644524714269763,-9.50535757780682,-0.5066792408473462,0.9642814911127529,-0.7261822589315368,0.17790396738668626,-4.184492442005074,-5.571824654585969,0.0,0.0,0.0,0.0,0.0,0.0
715,0.8099836038567381,-0.3709573557498982,-1.0242174106991973,-13.629278295916372,-20.78897990592618,-3.069754078840148,0.5767356681564453,0.9743032149912946,-0.7443198878588461,-7.125594880280867,-6.953744788584501,-14.414191168018089,-0.8023196483661107,0.7747952087332497,-0.7415187228326995,1.5165709903249904,-7.664787224705939,-9.511320124198907,-0.5014157116044635,0.9647187402955033,-0.7283409537873433,0.17853361115348224,-4.196692183055859,-5.573259044608331,0.0,0.0,0.0,0.0,0.0,0.0
716,0.8087639683482573,-0.37768884385385504,-1.021987653577434,-13.750802307625358,-20.754217810076202,-3.032310169469304,0.5792215208366246,0.9703599093003862,-0.7465367165634749,-7.145084787848713,-6.974160184611458,-14.400114259293659,-0.7985523426690317,0.7756646666783211,-0.74369525982865,1.5271347529418935,-7.684603451130599,-9.516898841307514,-0.49617006089262683,0.9651131682608867,-0.7304582993367529,0.17915378444173605,-4.208655322878883,-5.574451152785055,0.0,0.0,0.0,0.0,0.0,0.0
717,0.8075138415215253,-0.3843560690253108,-1.0197235962613342,-13.870968080545698,-20.718703940919912,-2.9950814635128498,0.5816699092514942,0.9664111268256351,-0.7487108775372968,-7.164164620438665,-6.994177010011539,-14.385625656822885,-0.7947871839375213,0.7765063447286066,-0.7458295257218048,1.5376127174949779,-7.703973775386289,-9.522094624819452,-0.4909426773949423,0.9654649586689238,-0.7325342744299764,0.17976444303546882,-4.220381755704066,-5.575402150588599,0.0,0.0,0.0,0.0,0.0,0.0
718,0.8062335867490331,-0.39095869825952656,-1.0174257467370889,-13.989769584655694,-20.68244772276169,-2.9580697488983625,0.5840807555979414,0.9624571710042011,-0.750842349355779,-7.182834506681129,-7.013795090933167,-14.370727780081793,-0.7910243897731501,0.7773201863656956,-0.7479215006738963,1.548003493113938,-7.722898607535317,-9.526908379279002,-0.4857339428018289,0.9657742961523765,-0.7345688606096444,0.1803655437324971,-4.231871390901965,-5.5761132136877745,0.0,0.0,0.0,0.0,0.0,0.0
719,0.8049235675483879,-0.3974964056354052,-1.0150946127964824,-14.107200922141809,-20.645458580647905,-2.921276775919693,0.5864539838530859,0.9584983449091078,-0.7529311123621197,-7.2010945915871005,-7.033014271032178,-14.355423061690345,-0.787264177732701,0.7781061358182815,-0.7499711665958709,1.5583057051782272,-7.741378375723208,-9.531341024161597,-0.48054423620062625,0.9660413673645052,-0.736562041127388,0.18095704420788844,-4.243124147445162,-5.576585528805968,0.0,0.0,0.0,0.0,0.0,0.0
720,0.8035841465369147,-0.4039688742999713,-1.012730700455734,-14.223256360126003,-20.607745912435153,-2.8847042440618664,0.588789520523942,0.9545349487240544,-0.7549771492401667,-7.218945041699287,-7.051834416626054,-14.339713930950083,-0.7835067627836643,0.7788641381803797,-0.7519785077035337,1.5685179969584062,-7.759413531492914,-9.535393490018153,-0.47537393156407437,0.9662663602982486,-0.7385138014805124,0.1815389030863797,-4.254139956930322,-5.576820289312872,0.0,0.0,0.0,0.0,0.0,0.0
721,0.8022156852765594,-0.410375796598471,-1.0103345137345838,-14.337930332819212,-20.569319084741252,-2.848353801181625,0.5910872947049726,0.9505672794997955,-0.7569804450486797,-7.236386045321756,-7.070255416974961,-14.32360281203924,-0.7797523570700142,0.7795941394318671,-0.7539435105503454,1.5786390298318014,-7.777004549936664,-9.53906671788635,-0.47022339751586,0.9664494641768656,-0.740424129443408,0.1821110799475031,-4.264918763753787,-5.576818694539734,0.0,0.0,0.0,0.0,0.0,0.0
722,0.8008185442076883,-0.41671687402032465,-1.0079065545709804,-14.451217440636949,-20.530187431279977,-2.812227043913764,0.5933472380676729,0.9465956311349147,-0.758940987202962,-7.253417812270943,-7.088277184086642,-14.3070921236524,-0.7760011699045037,0.7802960864496137,-0.755866164009146,1.5886674833487449,-7.794151929347662,-9.542361659026193,-0.465092997320914,0.9665908694010585,-0.7422930150496143,0.18267353532379701,-4.275460525009287,-5.576581949462782,0.0,0.0,0.0,0.0,0.0,0.0
723,0.7993930825838983,-0.4229918171442034,-1.005447322737104,-14.563112449298488,-20.49036025122212,-2.776325518082005,0.5955692848500747,0.9426202943571222,-0.7608587654565154,-7.270040573627658,-7.105899652521496,-14.290184278645171,-0.7722534077613206,0.7809699270185292,-0.7577464592538967,1.5986020552948839,-7.810856190873495,-9.54527927465799,-0.45998308887647804,0.9666907674965347,-0.7441204505739,0.18322623069888863,-4.285765210385795,-5.576111264389439,0.0,0.0,0.0,0.0,0.0,0.0
724,0.797939658407794,-0.4292003455822384,-1.0029573157566767,-14.673610288909662,-20.449846807581636,-2.7406507191140115,0.5977533718461389,0.938641556705025,-0.7627337718826904,-7.286254581489841,-7.123122779197662,-14.272881683683273,-0.7685092742690712,0.7816156098424869,-0.7595843897414267,1.608441461749557,-7.8271178781711885,-9.54782053570235,-0.4548940247039191,0.966749351061976,-0.7459064305143523,0.1837691285054438,-4.295832802065469,-5.575407854647185,0.0,0.0,0.0,0.0,0.0,0.0
725,0.7964586283677917,-0.4353421879234147,-1.0004370288236226,-14.782706053030378,-20.408656325628392,-2.705204092460598,0.5998994383950794,0.934659702510418,-0.7645660008563682,-7.30206010872644,-7.139946543196348,-14.255186738896704,-0.7647689702041223,0.7822330845551583,-0.7613799511932083,1.618184437140326,-7.842937557064153,-9.549986422522695,-0.449826151941299,0.9667668137174601,-0.7476509515744947,0.18430219212299379,-4.305663294621803,-5.574472940275312,0.0,0.0,0.0,0.0,0.0,0.0
726,0.7949503477759132,-0.44141708167616295,-0.9978869547220468,-14.890394997726922,-20.366797991326706,-2.6699870340187344,0.6020074263705911,0.9306750128810684,-0.7663554490356604,-7.317457448732242,-7.156370945567391,-14.23710183753869,-0.7610326934842794,0.7828223017307357,-0.7631331415771521,1.6278297342936845,-7.858315815200975,-9.55177792467005,-0.44477981233668296,0.9667433500533251,-0.7493540126454247,0.1848253858756353,-4.315256694917934,-5.573307745719518,0.0,0.0,0.0,0.0,0.0,0.0
727,0.7934151705066053,-0.4474247732101825,-0.995307583747552,-14.996672540609733,-20.324280949800254,-2.6350008905583193,0.6040772801700061,0.9266877656840086,-0.7681021153436328,-7.332446915183809,-7.172396009135048,-14.2186293656496,-0.7573006391628163,0.7833832128945536,-0.7648439610894304,1.6373761244819984,-7.87325326171618,-9.553196040630297,-0.4397553422421896,0.966679155579492,-0.7510156147879822,0.18533867502961407,-4.32461302200515,-5.571913499529433,0.0,0.0,0.0,0.0,0.0,0.0
728,0.7918534489365512,-0.45336501769752596,-0.9926994036298823,-15.10153425985704,-20.2811143038229,-2.600246960152342,0.6061089467033602,0.9226982355293107,-0.7698060009500532,-7.3470288417964476,-7.188021778304059,-14.199771701725586,-0.7535729994228275,0.7839157705335884,-0.7665124121363263,1.6468223974666985,-7.887750526892929,-9.55424177757374,-0.4347530726087575,0.9665744266752401,-0.7526357612149441,0.18584202579078377,-4.333732307021595,-5.570291434059024,0.0,0.0,0.0,0.0,0.0,0.0
729,0.7902655338855213,-0.45923757905297535,-0.9900628994569343,-15.204975893225122,-20.23730711233633,-2.5657264926105183,0.6081023753823981,0.9187066937543844,-0.7714671092531864,-7.361203582082502,-7.203248318866174,-14.180531216392517,-0.7498499635719396,0.7844199281068622,-0.7681384993161272,1.6561673615378276,-7.901808261827935,-9.55491615110731,-0.42977332898164483,0.9664293605394674,-0.754214457273263,0.18633540530195272,-4.342614593091275,-5.568442785170111,0.0,0.0,0.0,0.0,0.0,0.0
730,0.7886517745582263,-0.4650422298737346,-0.9873985536000911,-15.306993337045352,-20.192868388993595,-2.5314406899158746,0.6100575181094949,0.9147134084087538,-0.7730854458616135,-7.3749715091107495,-7.218075717806974,-14.160910272084582,-0.7461317180373451,0.78489564005572,-0.7697222294010514,1.6654098435499218,-7.915427138098441,-9.55522018502912,-0.4248164314966371,0.9662441551414184,-0.7557517104263418,0.18681878164011556,-4.351259935223279,-5.566368791938828,0.0,0.0,0.0,0.0,0.0,0.0
731,0.7870125184872058,-0.47077875137846215,-0.9847068456409217,-15.407582645208645,-20.147807100729512,-2.4973907066644356,0.6119743292665173,0.9107186442393476,-0.7746610185760957,-7.3883330152670785,-7.232504083113172,-14.14091122272819,-0.7424184463611823,0.7853428618140034,-0.771263611319215,1.6745486889543157,-7.928607847431411,-9.555154911085696,-0.4198826948769633,0.9660190091719062,-0.7572475302363472,0.18729212381357246,-4.359668400211279,-5.564070696365237,0.0,0.0,0.0,0.0,0.0,0.0
732,0.7853481114767384,-0.47644693334568744,-0.9819882522992349,-15.506740028138047,-20.102132166357464,-2.4635776505076086,0.613852765703616,0.9067226626762837,-0.7761938373714882,-7.401288512016546,-7.246533543580448,-14.120536413430877,-0.7387103291962468,0.7857615498181052,-0.772762656136653,1.6835827618279111,-7.941351101375076,-9.55472136873175,-0.4149724284309143,0.9657541219950264,-0.7587019283465782,0.18775540175894018,-4.36784006653338,-5.56154974308605,0.0,0.0,0.0,0.0,0.0,0.0
733,0.7836588975477748,-0.4820465740516163,-0.9792432473624795,-15.604461851749392,-20.0558524551926,-2.4300025825971656,0.6156927867279505,0.9027257218191446,-0.7776839143786903,-7.413838429666673,-7.260164248621691,-14.099788180175171,-0.7350075443020322,0.7861516615169006,-0.7742193770393794,1.6925109448984303,-7.9536576309727085,-9.5539206048925,-0.4100859360501503,0.965449693600368,-0.7601149184638764,0.1882085863380557,-4.375775024252218,-5.558807179090506,0.0,0.0,0.0,0.0,0.0,0.0
734,0.7819452188839091,-0.48757748020737623,-0.9764723016165151,-15.700744636401167,-20.008976785701883,-2.3966665180326294,0.6174943540923639,0.8987280764237624,-0.779131263866661,-7.425983217132275,-7.2733963680759395,-14.078668849517797,-0.7313102665411115,0.7865131553815699,-0.7756337893155112,1.7013321395662546,-7.965528186438909,-9.55275367372875,-0.4052235162086996,0.9651059245557401,-0.7614865163410967,0.18865164933477802,-4.383473374915484,-5.5558442534394885,0.0,0.0,0.0,0.0,0.0,0.0
735,0.7802074157783792,-0.4930394668957045,-0.973675882777744,-15.795585055833447,-19.96151392418071,-2.3635704263109725,0.6192574319839906,0.8947299778894957,-0.7805359022244777,-7.437723341701606,-7.28623009201782,-14.057180738293944,-0.7276186678758448,0.7868459909152928,-0.7770059103374398,1.7100452659228167,-7.976963536838249,-9.551221636404568,-0.4003854619626352,0.9647230159604088,-0.7628167397596292,0.18908456345168353,-4.390935231456712,-5.552662216987873,0.0,0.0,0.0,0.0,0.0,0.0
736,0.7784458265820954,-0.49843235750712933,-0.9708544554265992,-15.888979936096938,-19.91347258345609,-2.330715231778282,0.6209819870128153,0.890731674247,-0.7818978479434631,-7.449059288804099,-7.298665630567735,-14.0353261533267,-0.7239329173654143,0.7871501286628245,-0.7783357595440711,1.718649262765691,-7.987964469766531,-9.549325560857714,-0.39557206095042025,0.9643011693988572,-0.7641056085119884,0.18950730230666651,-4.398160718096547,-5.549262322110165,0.0,0.0,0.0,0.0,0.0,0.0
737,0.7766607876527114,-0.5037559836756507,-0.9680084809424039,-15.980926254472017,-19.864861421616656,-2.298101814083421,0.6226679882001781,0.886733410146499,-0.783217121599364,-7.4599915617795185,-7.310703213702614,-14.013107391141773,-0.7202531811631918,0.7874255302199484,-0.7796233584231197,1.72714308761033,-7.998531791034506,-9.547066521572798,-0.3907835953939236,0.9638405868950752,-0.7653531443844563,0.1899198404294412,-4.405149970244303,-5.545645822429464,0.0,0.0,0.0,0.0,0.0,0.0
738,0.7748526333047254,-0.5090101852139589,-0.9651384174395999,-16.071421138378774,-19.8156890407693,-2.265731008633386,0.624315406967231,0.8827354268465534,-0.7844937458346065,-7.470520681648793,-7.32234309106752,-13.990526737687436,-0.7165796225144335,0.787672158242804,-0.7808687304934787,1.7355257166985734,-8.00866632435431,-9.54444559935721,-0.38602034210009334,0.963341470867383,-0.7665593711398023,0.19032215325794874,-4.4119031344000135,-5.5418139725497815,0.0,0.0,0.0,0.0,0.0,0.0
739,0.7730216957606212,-0.5141948100482141,-0.9622447197053364,-16.16046186427812,-19.765963985822545,-2.233603607050248,0.6259242171233491,0.8787379622033189,-0.7857277453406099,-7.480647186886367,-7.33358553178791,-13.967586468059714,-0.7129124017542966,0.7878899764570892,-0.782071901287653,1.7437961450039334,-8.01836891102853,-9.541463881119862,-0.3812825724632799,0.962804024083797,-0.7677243145000668,0.19071421713467165,-4.418420368056884,-5.537768027791772,0.0,0.0,0.0,0.0,0.0,0.0
740,0.77116830510304,-0.5193097141524079,-0.959327839138434,-16.2480458565646,-19.715694743296627,-2.201720357629512,0.6274943948544931,0.8747412506603021,-0.7869191468401779,-7.4903716331941945,-7.344430824282748,-13.944288846232897,-0.709251676306183,0.7880789496671339,-0.7832328983342693,1.7519533862337133,-8.027640409641972,-9.53812245965271,-0.3765705524682044,0.9622284496179399,-0.7688480021294185,0.19109600930286105,-4.424701839604162,-5.53350924393185,0.0,0.0,0.0,0.0,0.0,0.0
741,0.769292789227999,-0.5243547614823378,-0.9563882236897123,-16.334170686451284,-19.66488974016031,-2.170081965799749,0.6290259187115396,0.870745523238614,-0.7880679790699608,-7.499694593277462,-7.354879276078422,-13.9206361247954,-0.7055976006804077,0.788239043764851,-0.784351751140658,1.7599964728280155,-8.036481695756256,-9.534422433415223,-0.37188454269356763,0.9616149508055098,-0.7699304636170878,0.19146750790267367,-4.4307477282305125,-5.52903887694482,0.0,0.0,0.0,0.0,0.0,0.0
742,0.7673954737991386,-0.5293298239092162,-0.9534263178036912,-16.418834070847275,-19.61355734269434,-2.138689094583281,0.6305187695985623,0.866751007527712,-0.7891742727629997,-7.508616656621981,-7.364931213623574,-13.896630544690908,-0.7019503264731868,0.7883702257385499,-0.7854284911755202,1.7679244559556817,-8.04489366160721,-9.53036490632162,-0.3672247983162889,0.9609637312013013,-0.7709717304603831,0.19182869196722666,-4.436558223827865,-5.524358182749948,0.0,0.0,0.0,0.0,0.0,0.0
743,0.7654766822030064,-0.5342347811529385,-0.9504425623616515,-16.50203387122808,-19.56170585538157,-2.1075423650578933,0.6319729307610827,0.862757927676634,-0.790238060631343,-7.517138429273322,-7.374586982104743,-13.87227433496488,-0.6983100023659445,0.788472463681624,-0.7864631518516677,1.7757364055071978,-8.052877215805086,-9.525950987531063,-0.36259156911636475,0.9602749945367923,-0.7719718360477783,0.19217954141856458,-4.442133526895708,-5.519468416960571,0.0,0.0,0.0,0.0,0.0,0.0
744,0.7635367355053844,-0.5390695207150383,-0.9474373946260743,-16.58376809249952,-19.509343519823847,-2.0766423568192502,0.6333883877742885,0.8587665043857328,-0.7912593773487595,-7.525260533617776,-7.383846945263057,-13.847569712516554,-0.6946767741249464,0.7885457268011096,-0.7874557685088596,1.7834314100846482,-8.060433283037778,-9.521181791240828,-0.35798509948235374,0.959548944678307,-0.7729308156420989,0.19252003706355605,-4.447473848445961,-5.514370834637283,0.0,0.0,0.0,0.0,0.0,0.0
745,0.7615759524086458,-0.5438339378113486,-0.9444112481864416,-16.664034881855436,-19.456478513685443,-2.045989608444054,0.6347651285312148,0.8547769548988938,-0.7922382595335244,-7.5329836081650665,-7.3927114852118,-13.822518881856233,-0.6910507846012448,0.7885899854261051,-0.7884063783967151,1.7910085769887178,-8.0675628037769,-9.516058436482338,-0.35340562841746603,0.9587857855857429,-0.7738487063637838,0.19285016058970167,-4.452579409908322,-5.509066690044655,0.0,0.0,0.0,0.0,0.0,0.0
746,0.7595946492101444,-0.5485279353043896,-0.9413645529063966,-16.7428325276295,-19.403118949662943,-2.0155846179536305,0.6361031432308967,0.8507894929962437,-0.7931747457312995,-7.540308307332925,-7.401181002254985,-13.79712403486795,-0.6874321737309409,0.788605211016057,-0.7893150206577209,1.7984670322028313,-8.074266733986905,-9.510582046920154,-0.34885338954625783,0.9579857212718816,-0.7747255471742394,0.1931698945608724,-4.457450443036159,-5.5035572364115595,0.0,0.0,0.0,0.0,0.0,0.0
747,0.7575931397616507,-0.5531514236355217,-0.9382977348722865,-16.820159458142015,-19.349272874482125,-1.9854278432779697,0.6374024243665043,0.846804328987364,-0.794068876398111,-7.547235301233598,-7.40925591470705,-13.771387350577886,-0.6838210785357741,0.7885913761689226,-0.7901817363103365,1.8058059203744579,-8.080546044837266,-9.504753750654153,-0.3443286111219294,0.9571489557622933,-0.7755613788592928,0.19347922241297535,-4.462087189812989,-5.497843725695207,0.0,0.0,0.0,0.0,0.0,0.0
748,0.7555717354297989,-0.5577043207568647,-0.9352112163430437,-16.896014240541447,-19.294948267920738,-1.9555197027198652,0.6386629667134367,0.8428216697049704,-0.7949206938834089,-7.553765275462157,-7.416936658713476,-13.745310994927785,-0.680217633124008,0.7885484546291784,-0.7910065682321841,1.8130244047936177,-8.086401722417651,-9.498574680024431,-0.3398315160342031,0.9562756930558105,-0.7763562440127287,0.19377812844954362,-4.466489902359466,-5.491927408348704,0.0,0.0,0.0,0.0,0.0,0.0
749,0.753530745057585,-0.5621865520630256,-0.9321054157014488,-16.97039557964167,-19.240153041858235,-1.9258605754192333,0.6398847673174076,0.8388417184991022,-0.7957302424132361,-7.5598989308868285,-7.424223688072608,-13.71889712055421,-0.6766219686916468,0.7884764212957064,-0.7917895611433486,1.8201216673686722,-8.091834767456287,-9.492045971419463,-0.3353623218177971,0.9553661370856137,-0.777110187019936,0.19406659783726474,-4.470658842841009,-5.485809533092406,0.0,0.0,0.0,0.0,0.0,0.0
750,0.751470474926882,-0.566598050322639,-0.9289807474067411,-17.043302316754918,-19.184895039351716,-1.8964508018174087,0.6410678254825023,0.8348646752317908,-0.7964975680734856,-7.565636983441209,-7.43111747405851,-13.692147866573178,-0.6730342135239571,0.7883752522295372,-0.7925307615897663,1.8270969085993944,-8.096846195041397,-9.485168765087243,-0.3309212406614718,0.954420491680906,-0.7778232540416402,0.1943446166014358,-4.474594283375956,-5.479491346688924,0.0,0.0,0.0,0.0,0.0,0.0
751,0.7493912283031863,-0.5709387563112523,-0.9258376213202602,-17.11473344002284,-19.129182022600112,-1.867290679433879,0.6422121430573607,0.830890735225588,-0.7972227190252696,-7.570980166086795,-7.437618507336332,-13.665065351493507,-0.6694544919174905,0.7882449247409998,-0.7932302181516517,1.8339493479543294,-8.101437036653728,-9.477944203296467,-0.3265084784228777,0.9534389602100125,-0.7784954932150373,0.19461217163680825,-4.478296507173114,-5.472974091689473,0.0,0.0,0.0,0.0,0.0,0.0
752,0.7472933047243702,-0.5752086198744129,-0.9226764416467592,-17.184688101794276,-19.073021654098568,-1.8383804557631551,0.6433177248955714,0.8269200875966731,-0.7979057458522009,-7.575929231981548,-7.443727301065634,-13.637651662055614,-0.66588292247711,0.7880854175185902,-0.793887981779715,1.840678224587374,-8.105608343462066,-9.470373427495051,-0.3221242330489972,0.9524217450353001,-0.779126954978294,0.1948692507306929,-4.48176581036528,-5.466259002979799,0.0,0.0,0.0,0.0,0.0,0.0
753,0.7451770024965516,-0.5794075956214393,-0.9194976106872423,-17.253165547971847,-19.01642156308598,-1.8097203570511273,0.6443845770403948,0.8229529215809995,-0.7985467001398542,-7.580484941148406,-7.449444378069378,-13.60990889461609,-0.6623196246516451,0.7878967101537301,-0.794504104417561,1.8472827948672748,-8.109361172073475,-9.462457588120884,-0.3177687006006226,0.9513690494072417,-0.7797176907395142,0.19511584246567432,-4.48500249448224,-5.45934731985861,0.0,0.0,0.0,0.0,0.0,0.0
754,0.7430426172927691,-0.5835356451469984,-0.9163015267448187,-17.320165154394527,-18.959389308346697,-1.7813105734577266,0.6454127076962368,0.8189894230828795,-0.7991456352289802,-7.584648067498868,-7.454770277599687,-13.581839132336224,-0.6587647151677867,0.78767878341572,-0.795078639731684,1.8537623335639903,-8.11269659198045,-9.454197839015904,-0.31344207199748214,0.9502810763778136,-0.7802677535818201,0.1953519362619995,-4.488006870440042,-5.452240279139714,0.0,0.0,0.0,0.0,0.0,0.0
755,0.7408904419696543,-0.5875927372126407,-0.913088583857729,-17.385686429762593,-18.901932373404048,-1.7531512578443693,0.6464021273239199,0.8150297742945316,-0.7997026062828478,-7.588419399417619,-7.4597055559197925,-13.553444442512113,-0.6552183076431737,0.7874316192880834,-0.7956116431763963,1.8601161339504193,-8.11561568613211,-9.445595336654907,-0.30914453267215464,0.9491580286492738,-0.7807771983258722,0.19557752237802403,-4.490779258894926,-5.444939114208157,0.0,0.0,0.0,0.0,0.0,0.0
756,0.7387207665383693,-0.5915788476717005,-0.9098591717636154,-17.4497290143535,-18.844058165815348,-1.7252425262748958,0.6473528486264369,0.8110741537003907,-0.8002176702692967,-7.591799739549633,-7.46425078611736,-13.524726876433606,-0.651680512596768,0.787155200975298,-0.7961031719760694,1.8663435077576365,-8.118119550656514,-9.436651239982902,-0.30487626258924616,0.9480001085407355,-0.7812460815125069,0.19579259190510326,-4.493319990145443,-5.437445054826229,0.0,0.0,0.0,0.0,0.0,0.0
757,0.7365338781365811,-0.5954939593942298,-0.9066136758651675,-17.512292678737392,-18.78577401649352,-1.6975844585150281,0.6482648865347069,0.8071227360818901,-0.8006908859429184,-7.594789904589594,-7.46840655791925,-13.495688469248865,-0.648151437459519,0.786849512909353,-0.7965532851075035,1.872443785127706,-8.120209294586555,-9.427366710255694,-0.30063743626507633,0.9468075179554034,-0.7816744613855053,0.19599713676243777,-4.4956294040353635,-5.429759326943508,0.0,0.0,0.0,0.0,0.0,0.0
758,0.734330061001496,-0.5993380621920129,-0.903352477197148,-17.573377322493055,-18.72708717905567,-1.6701770985303588,0.649138258193364,0.8031756925227307,-0.8011223138273896,-7.59739072507378,-7.47217347750793,-13.466331239834947,-0.6446311865853305,0.7865145407561631,-0.7969620432824508,1.8784163145641557,-8.121886039589562,-9.417742910884055,-0.2964282227878676,0.9455804583485037,-0.7820623978745086,0.19619114969187554,-4.497707849857428,-5.42188315251115,0.0,0.0,0.0,0.0,0.0,0.0
759,0.7321095964439102,-0.6031111527436624,-0.900075952394779,-17.632982972924335,-18.66800482919769,-1.6430204549825271,0.6499729829465496,0.7992331904146118,-0.8015120161979463,-7.599603045174342,-7.475552167339409,-13.436657190673797,-0.6411198612623054,0.7861502714218044,-0.7973295089302791,1.884260462880134,-8.123150919700574,-9.407781007281041,-0.2922487858384246,0.9443191306958704,-0.7824099525780759,0.19637462425267374,-4.499555686257923,-5.413817749300209,0.0,0.0,0.0,0.0,0.0,0.0
760,0.7298727628232977,-0.6068132345198143,-0.896784473663481,-17.69110978377728,-18.60853406409533,-1.616114501723711,0.6507690823237237,0.795295393463432,-0.8018600570639922,-7.601427722495942,-7.478543265962712,-13.406668307734066,-0.6376175597242781,0.7857566930585883,-0.7976557461807723,1.8899756151442915,-8.124005081059247,-9.397482166712747,-0.28809928371130183,0.9430237354632129,-0.7827171887468782,0.19654755481621777,-4.501173281142064,-5.405564330724127,0.0,0.0,0.0,0.0,0.0,0.0
761,0.7276198355239364,-0.6104443177084576,-0.8934784087499845,-17.747758033958874,-18.54868190183169,-1.5894591782892435,0.6515265800255124,0.7913624616959735,-0.8021665021518758,-7.6028656278750075,-7.48114742784112,-13.376366560358852,-0.634124377162643,0.7853337950709903,-0.7979408208470978,1.8955611746244763,-8.124449681650614,-9.386847558152581,-0.2839798693364529,0.9416944725760756,-0.7829841712670517,0.1967099365607088,-4.502561011580285,-5.397124105665437,0.0,0.0,0.0,0.0,0.0,0.0
762,0.7253510869320339,-0.6140044191403897,-0.8901581209147598,-17.80292812625685,-18.48845528085026,-1.5630543903881748,0.6522455019095581,0.7874345514670295,-0.802431418887789,-7.603917645181224,-7.483365323174835,-13.345753901158755,-0.6306404057384438,0.784881568121392,-0.7981848004088983,1.9010165627292157,-8.124485891049392,-9.375878352138654,-0.2798906903013462,0.9403315413904509,-0.7832109666436815,0.19686176546581002,-4.503719263715311,-5.388498278306475,0.0,0.0,0.0,0.0,0.0,0.0
763,0.7230667864138821,-0.6174935622148432,-0.8868239689058092,-17.85662058606175,-18.427861059434225,-1.5369000103917863,0.6529258759764077,0.7835118154670102,-0.8026548763808401,-7.604584671121711,-7.485197637725477,-13.314832265910914,-0.627165734594759,0.7844000041356788,-0.7983877539955573,1.9063412189471152,-8.124114890168233,-9.364575720634765,-0.27583188887354887,0.9389351406640918,-0.7833976429844502,0.19700303830726412,-4.5046484326701455,-5.379688047964365,0.0,0.0,0.0,0.0,0.0,0.0
764,0.7207672002950146,-0.6209117768252788,-0.8834763069337705,-17.908836060090895,-18.366906015211214,-1.5109958778199433,0.6535677323554229,0.7795944027300021,-0.8028369454062603,-7.604867615047571,-7.4866450726421325,-13.283603573463623,-0.6237004498693521,0.7838890963086692,-0.7985497523695988,1.9115346007841476,-8.123337871009594,-9.35294083689467,-0.27180360202376525,0.9375054685284934,-0.7835442699834232,0.1971337526514762,-4.505348922456906,-5.370694608930068,0.0,0.0,0.0,0.0,0.0,0.0
765,0.718452591840367,-0.6242590992853715,-0.8801154846483535,-17.959575315114893,-18.305596844683716,-1.485341799825107,0.6541711032907154,0.7756824586422825,-0.8029776983887716,-7.604767398762954,-7.487708344289124,-13.252069725646539,-0.6202446347075997,0.7833488391093796,-0.7986708679102507,1.9165961836989234,-8.122156036421462,-9.34097487532972,-0.26780596144932667,0.9360427224615571,-0.7836509189049942,0.19725390685006997,-4.505821145886544,-5.361519150311613,0.0,0.0,0.0,0.0,0.0,0.0
766,0.7161232212354329,-0.6275355722552055,-0.8767418471160908,-18.00883923668693,-18.243940162784785,-1.4599375516740691,0.6547360231271147,0.7717761249512929,-0.8030772093861089,-7.6042849563366985,-7.4883881840754905,-13.220232607186643,-0.6167983692756879,0.7827792282861297,-0.7987511745971585,1.9215254610359558,-8.12057059985684,-9.32867901137992,-0.26383909359812363,0.9345470992609319,-0.7837176625679789,0.1973635000344142,-4.506065524479428,-5.352162855881457,0.0,0.0,0.0,0.0,0.0,0.0
767,0.7137793455684109,-0.6307412446676882,-0.8733557347993872,-18.05662882787502,-18.18194250245901,-1.4347828772271436,0.655262528296165,0.7678755397750604,-0.803135554072692,-7.603421233916424,-7.4886853382861505,-13.18809408562975,-0.6133617307740791,0.7821802608714873,-0.7987907479942559,1.9263219439570016,-8.11858278513705,-9.316054421388326,-0.25990311969297325,0.9330187950180395,-0.783744575329864,0.19746253211012432,-4.506082488376855,-5.342626903927981,0.0,0.0,0.0,0.0,0.0,0.0
768,0.7114212188133321,-0.6338761716552049,-0.8699574835368766,-18.102945207997617,-18.11961031426837,-1.409877489414869,0.65575065730215,0.7639808376120663,-0.8031528097234581,-7.6021771895452055,-7.488600567914789,-13.155656011267594,-0.60993479345124,0.7815519351870426,-0.7987896652337909,1.9309851613704714,-8.116193826218824,-9.303102282478774,-0.2559981557564171,0.9314580050927705,-0.7837317330712102,0.1975510037515422,-4.505872476253414,-5.332912467111111,0.0,0.0,0.0,0.0,0.0,0.0
769,0.7090490918141694,-0.6369404144765247,-0.8665474245250648,-18.147789611362775,-18.056949966023232,-1.3852210707120998,0.6562004507081595,0.7600921493515684,-0.8031290551978528,-7.600553792980761,-7.488134648498536,-13.122920217070682,-0.60651762861764,0.780894250848037,-0.7987480050005135,1.9355146598590027,-8.113404966965227,-9.28982377243712,-0.25212431263594026,0.9298649240888723,-0.7836792131802124,0.19762891639618949,-4.505435935230278,-5.323020712322121,0.0,0.0,0.0,0.0,0.0,0.0
770,0.7066632122699159,-0.6399340404439721,-0.863125884301255,-18.191163386011176,-17.993967742437732,-1.360813273609387,0.6566119511221816,0.7562096022843598,-0.803064370923974,-7.598552025517233,-7.487288369954323,-13.089888518626532,-0.603110304660003,0.780207208767814,-0.798665847516016,1.9399100036052017,-8.110217460920415,-9.27622006959568,-0.2482816960296075,0.928239745830003,-0.7835870945374142,0.19769627223920577,-4.5047733207894,-5.312952800547496,0.0,0.0,0.0,0.0,0.0,0.0
771,0.7042638247206174,-0.6428571228508793,-0.8596931847277438,-18.233067992463177,-17.930669844809685,-1.3366537210815435,0.6569852031832321,0.7523333201139668,-0.8029588388828812,-7.596172879809481,-7.4860625364170374,-13.056562714083494,-0.5997128870558202,0.7794908111621155,-0.7985432745232411,1.94417077431561,-8.106632571088197,-9.262292352721074,-0.2444704065121068,0.9265826633364669,-0.7834554575005842,0.19775307422776345,-4.503885096688602,-5.302709886736937,0.0,0.0,0.0,0.0,0.0,0.0
772,0.7018511705343798,-0.6457097408993367,-0.8562496429772879,-18.273505002470362,-17.867062390725117,-1.3127420070534406,0.6573202535475258,0.7484634229682946,-0.802812542593063,-7.593417359699976,-7.48445796607948,-13.022944584100278,-0.5963254383881209,0.7787450615532219,-0.7983803692711442,1.9482965711429494,-8.102651569714443,-9.248041800905508,-0.24069053956119643,0.9248938688026322,-0.7832843838897472,0.1977993260554703,-4.5027717348776015,-5.292293119675508,0.0,0.0,0.0,0.0,0.0,0.0
773,0.6994254878953066,-0.6484919796282405,-0.8527955715198188,-18.31247609777143,-17.803151413786424,-1.2890776968628237,0.6576171508746773,0.7446000274116984,-0.8026255670950636,-7.590286480048233,-7.482475491034032,-12.989035891800752,-0.5929480183604957,0.7779699647739213,-0.7981772164995198,1.9522870106066539,-8.098275738073335,-9.233469593461265,-0.23694218558455152,0.9231735535750162,-0.7830739569723761,0.1978350321567541,-4.501433715414939,-5.281703641859837,0.0,0.0,0.0,0.0,0.0,0.0
774,0.6969870117923983,-0.6512039298416709,-0.8493312781104119,-18.349983068853184,-17.73894286336506,-1.2656603277202008,0.6578759458139504,0.7407432464574953,-0.8023979989362743,-7.586781266562867,-7.480115957116185,-12.954838382734494,-0.5895806838123713,0.7771655269713329,-0.7979339024239919,1.9561417265117684,-8.093506366257465,-9.218576909818681,-0.2332254299469943,0.9214219081310544,-0.7828242614487457,0.1978601977012331,-4.499871526385841,-5.270942589378463,0.0,0.0,0.0,0.0,0.0,0.0
775,0.6945359740093664,-0.6538456880375927,-0.8458570657784837,-18.38602781371623,-17.674442604377354,-1.2424894091656054,0.6580966909905331,0.736893189580897,-0.8021299261558839,-7.582902755636131,-7.477380223749814,-12.920353784842552,-0.5862234887345301,0.776331755610551,-0.7976505147211614,1.9598603698662158,-8.088344752971695,-9.20336492942728,-0.22954035299811293,0.9196391220585303,-0.7825353834374412,0.19787482858807784,-4.498085663820984,-5.260011091796208,0.0,0.0,0.0,0.0,0.0,0.0
776,0.6920726031153952,-0.6564173563369045,-0.8423732328182282,-18.42061233664623,-17.609656417084402,-1.2195644235223289,0.6582794409918682,0.7330499627323807,-0.8018214382699959,-7.578651994181147,-7.474269163794289,-12.885583808428896,-0.5828764842848871,0.775468659478149,-0.7973271425139251,1.9634426087965071,-8.082792205330977,-9.187834831660396,-0.22588703010025965,0.9178253840356929,-0.7822074104610368,0.19787893144035978,-4.496076631616225,-5.248910272042689,0.0,0.0,0.0,0.0,0.0,0.0
777,0.6895971244568155,-0.6589190424128427,-0.8388800727802672,-18.453738746990506,-17.54458999691516,-1.196884826347441,0.6584242523540175,0.7292136683514813,-0.8014726262569096,-7.574030039471671,-7.470783663393433,-12.850530146137228,-0.5795397188045033,0.7745762486855157,-0.796963876356954,1.966888128461915,-8.076850038661938,-9.171987795723032,-0.22226553165691626,0.9159808818120346,-0.7818404314319296,0.1978725135993929,-4.49384494145324,-5.237641246304854,0.0,0.0,0.0,0.0,0.0,0.0
778,0.6871097601496894,-0.6613508594207442,-0.8353778744645056,-18.48540925794015,-17.479248954312567,-1.1744500468791053,0.6585311835480651,0.7253844053809974,-0.8010835825425563,-7.569037958984361,-7.466924621826172,-12.815194472933074,-0.5762132378338427,0.7736545346720278,-0.7965608082223316,1.9701966309671295,-8.070519576308246,-9.155825000562986,-0.2186759231414295,0.9141058021897392,-0.7814345366383344,0.19785558311906645,-4.491391112721069,-5.226205123923569,0.0,0.0,0.0,0.0,0.0,0.0
779,0.6846107290733073,-0.6637129259281934,-0.8318669219141971,-18.515626185318308,-17.413638814602827,-1.1522594884805941,0.6586002949665715,0.7215622692816319,-0.8006544009861142,-7.56367683024378,-7.462692951359182,-12.779578446091477,-0.5728970841292742,0.772703530208076,-0.7961180314853681,1.9733678352734905,-8.06380214943993,-9.139347624785355,-0.21511826512610505,0.9122003310057996,-0.7809898177304478,0.19782814876017357,-4.488715672438653,-5.214603007294265,0.0,0.0,0.0,0.0,0.0,0.0
780,0.6821002468645848,-0.6660053658455526,-0.8283474944111974,-18.5443919463743,-17.34776501788754,-1.1303125290809897,0.6586316489100686,0.7177473520470424,-0.8001851768657778,-7.557947740669863,-7.458089577101257,-12.743683705189945,-0.569591297679811,0.7717232493979271,-0.7956356409105704,1.9764014771087761,-8.056699096866417,-9.122556846570266,-0.2115926133116585,0.9102646531148034,-0.7805063677067712,0.19779021998473506,-4.485819155178271,-5.202835991771609,0.0,0.0,0.0,0.0,0.0,0.0
781,0.6795785259133428,-0.6682283083568819,-0.8248198664723909,-18.57170905858397,-17.281632918958127,-1.1086085216125374,0.6586253095735944,0.7139397422193016,-0.799676006864693,-7.551851787427977,-7.453115436859489,-12.707511872106696,-0.5662959157240832,0.7707137076824282,-0.7951137326377794,1.9792973088756043,-8.049211764853414,-9.105453843593901,-0.20809901855701274,0.9082989523723736,-0.7799842809005915,0.19774180695031993,-4.48270210298989,-5.190905165578162,0.0,0.0,0.0,0.0,0.0,0.0
782,0.6770457753584749,-0.6703818878512688,-0.8212843078472977,-18.59758013845646,-17.21524778723289,-1.0871467944445108,0.6585813430332763,0.7101395249047763,-0.7991269890570594,-7.545390077281577,-7.447771480997369,-12.671064551024271,-0.5630109727675476,0.7696749218415547,-0.7945524041684733,1.9820550995585022,-8.0413415069436,-9.08803979295272,-0.2046375269094403,0.9063034116192749,-0.7794236529666344,0.19768292050436367,-4.479365065326505,-5.178811609717041,0.0,0.0,0.0,0.0,0.0,0.0
783,0.6745022010850001,-0.6724662438545783,-0.8177410835168434,-18.622007900347793,-17.148614806716257,-1.0659266518136903,0.6584998172329657,0.7063467817904184,-0.798538222894402,-7.538563726447476,-7.442058672294672,-12.634343328438526,-0.5597365005999351,0.768606909996812,-0.7939517543522406,1.9846746346296547,-8.033089683781146,-9.070315871091085,-0.2012081796350465,0.9042782126661862,-0.778824580867877,0.19761357217848863,-4.475808598970383,-5.16655639788862,0.0,0.0,0.0,0.0,0.0,0.0
784,0.6719480057219606,-0.6744815209616019,-0.8141904536932638,-18.644995155280576,-17.08173907597966,-1.0449473742512558,0.6583808019709005,0.7025615911604484,-0.7979098091919918,-7.531373860453519,-7.4359779858091235,-12.597349773172573,-0.5564725283129144,0.7675096916134608,-0.7933118833734043,1.9871557159533595,-8.024457662939906,-9.052283253731837,-0.19781101324958011,0.9022235362791081,-0.7781871628625153,0.1975337741828225,-4.472033267960219,-5.154140596411054,0.0,0.0,0.0,0.0,0.0,0.0
785,0.6693833886412117,-0.6764278687686719,-0.8106326738211853,-18.6665448097715,-17.014625608164877,-1.0242082190062405,0.6582243688864423,0.6987840279134682,-0.7972418501154619,-7.523821613999096,-7.429530408740104,-12.560085436396502,-0.5532190823180095,0.7663832875026185,-0.7926328927378379,1.9894981616892866,-8.015446818755604,-9.033943115810487,-0.19444605954958122,0.9001395621654567,-0.7775114984911161,0.19744353940032283,-4.468039643519318,-5.141565264144954,0.0,0.0,0.0,0.0,0.0,0.0
786,0.6668085459570314,-0.6783054418066748,-0.8070679945797953,-18.68665986466489,-16.947279331008072,-1.0037084204652937,0.658030591446829,0.6950141635799485,-0.7965344491675521,-7.5159081308178965,-7.422716940293919,-12.522551851651695,-0.5499761863647177,0.7652277198231753,-0.7919148852599152,1.991701806194463,-8.00605853216153,-9.015296631412202,-0.19111334564384302,0.8980264689607736,-0.7767976885639043,0.1973428813811008,-4.463828303984587,-5.128831452421793,0.0,0.0,0.0,0.0,0.0,0.0
787,0.6642236705266018,-0.680114399474537,-0.8034966618861681,-18.70534341397412,-16.879705086886005,-0.9834471905689575,0.6577995449340001,0.6912520663401363,-0.7957877111750461,-7.5076345635434505,-7.415538591551115,-12.484750534880796,-0.5467438615588723,0.7640430120835814,-0.7911579650496501,1.9937664999241378,-7.996294190528174,-8.996344973712286,-0.18781289398519738,0.8958844342161116,-0.7760458351482361,0.19723181433675396,-4.459399834736562,-5.115940204976358,0.0,0.0,0.0,0.0,0.0,0.0
788,0.6616289519513037,-0.6818549059731488,-0.7999189168996821,-18.722598643730002,-16.81190763288273,-0.9634237192241919,0.6575313064314522,0.6874978010423459,-0.7950017422758601,-7.499002073577076,-7.407996385335537,-12.446682984462548,-0.543522126381218,0.7628291891434655,-0.7903622374999869,1.9956921093314677,-7.986155187506489,-8.977089314919633,-0.1845447224026111,0.8937136343860481,-0.7752560415562216,0.19711035313470143,-4.454754828130311,-5.1028925578830195,0.0,0.0,0.0,0.0,0.0,0.0
789,0.6590245765788592,-0.6835271302397489,-0.7963349960275488,-18.738428830836657,-16.743891640877706,-0.9436371747133205,0.657225954811152,0.683751429221654,-0.7941766499063003,-7.490011830958434,-7.400091356085233,-12.408350681251916,-0.5403109967062167,0.7615862772151124,-0.7895278092742638,1.9974785167661115,-7.975642922874948,-8.957530826223461,-0.1813088441335947,0.8915142448173508,-0.7744284123325147,0.19697851329252905,-4.449893883427292,-5.089689539495913,0.0,0.0,0.0,0.0,0.0,0.0
790,0.656410727506283,-0.6851312458827744,-0.7927451309314284,-18.752837341934974,-16.67566169765446,-0.924086704099246,0.6568835707204954,0.6800130091189813,-0.7933125427884831,-7.480665014238551,-7.391824549725218,-12.369755088625265,-0.5371104858210681,0.7603143038647865,-0.788654788293835,1.9991256203717394,-7.9647588023902545,-8.937670677743167,-0.1781052678569095,0.8892864397382803,-0.7735630532422646,0.1968363109723415,-4.444817606728122,-5.076332170392968,0.0,0.0,0.0,0.0,0.0,0.0
791,0.6537875845836476,-0.6866674311171764,-0.7891495485351259,-18.76582763227361,-16.607222305029666,-0.9047714336269541,0.6565042365693079,0.6762825957005634,-0.7924095309179181,-7.470962810355385,-7.383197023542023,-12.330897652530512,-0.533920604444949,0.7590132980138996,-0.7877432837258594,2.000633333982486,-7.95350423764176,-8.917510038481208,-0.17493399772557888,0.8870303922485244,-0.7726600712592276,0.19668376297512258,-4.439526610906288,-5.062821463323736,0.0,0.0,0.0,0.0,0.0,0.0
792,0.6511553244186563,-0.6881358687002124,-0.7855484710333595,-18.777403244587816,-16.538577880002727,-0.8856904691213305,0.6560880365169032,0.6725602406778113,-0.7914677255512558,-7.460906414511892,-7.374209846060078,-12.291779801542447,-0.5307413607484742,0.7576832899400389,-0.7867934059712518,2.002001587018396,-7.941880645909548,-8.897050076279209,-0.17179503340019325,0.8847462743097703,-0.7717195745540407,0.1965208867351082,-4.434021515542757,-5.049158423161065,0.0,0.0,0.0,0.0,0.0,0.0
793,0.6485141203641542,-0.6895367458928656,-0.7819421158750555,-18.787567808394787,-16.46973275445299,-0.8668428962118093,0.6556350564720544,0.668845992480406,-0.7904872392045358,-7.450497030157966,-7.364864097013281,-12.252402946611802,-0.5275727603232108,0.7563243112831333,-0.7858052666628201,2.0032303243816845,-7.9298894501378365,-8.87629195770115,-0.1686883700403068,0.8824342567207195,-0.7707416724923415,0.196347700314042,-4.428302946916622,-5.035344046755068,0.0,0.0,0.0,0.0,0.0,0.0
794,0.6458641416980107,-0.6908702555601564,-0.7783306945462138,-18.796325057792842,-16.400691153467402,-0.8482277728838259,0.6551453846734814,0.6651398941017447,-0.7894681861167787,-7.439735873529266,-7.355160871517574,-12.212768466762574,-0.5244148038905541,0.7549363952888455,-0.7847789791144928,2.004319506462605,-7.91753208392182,-8.855236844480293,-0.16561399638887705,0.8800945083618184,-0.7697264760688438,0.19616422239060272,-4.4223715404747255,-5.0213793182072886,0.0,0.0,0.0,0.0,0.0,0.0
795,0.6432055547701797,-0.6921365945014549,-0.7747144142756037,-18.8036788042395,-16.331457225713123,-0.829844140682038,0.6546191108514212,0.6614419861416949,-0.7884106815730934,-7.4286241669970945,-7.345101273946852,-12.172877729088809,-0.5212674905413656,0.7535195764678139,-0.78371465766491,2.005269108965532,-7.904809984169383,-8.833885898334927,-0.1625718975064429,0.8777271972239582,-0.7686740972728114,0.19597047226434783,-4.416227937223528,-5.007265215330466,0.0,0.0,0.0,0.0,0.0,0.0
796,0.6405385231186994,-0.6933359632339104,-0.7710934782092357,-18.809632932963012,-16.26203504653442,-0.8116910261374555,0.6540563261425237,0.6577523070956817,-0.7873148418378249,-7.41716313843571,-7.334686417319318,-12.132732090621836,-0.5181308180331061,0.7520738905703648,-0.7826124176125461,2.006079122710882,-7.891724590416427,-8.812240281392862,-0.1595620550530743,0.8753324904936177,-0.7675846490253456,0.1957664698483027,-4.409872783374964,-4.993002710194618,0.0,0.0,0.0,0.0,0.0,0.0
797,0.63786320703011,-0.6944685665610132,-0.7674680847586679,-18.814191412125897,-16.19242860634702,-0.79376743690199,0.6534571234013481,0.6540708921890923,-0.7861807844041535,-7.405354023677555,-7.3239174255400314,-12.092332890578158,-0.5150047815455091,0.7505993747210917,-0.7814723754575443,2.006749553553995,-7.878277347531283,-8.79030115425457,-0.15658444626227597,0.8729105541388407,-0.7664582454130611,0.19555223565961335,-4.403306731677056,-4.978592766541569,0.0,0.0,0.0,0.0,0.0,0.0
798,0.6351797635511658,-0.695534613507319,-0.7638384276196573,-18.817358291685803,-16.122641810970904,-0.7760723621498342,0.6528215971860108,0.6503977734053346,-0.7850086279814713,-7.393198066393637,-7.312795433276149,-12.051681450483255,-0.5118893737074769,0.7490960674185377,-0.780294648889344,2.0072804222733844,-7.86446970558121,-8.7680696759769,-0.15363904398157813,0.8704615529053579,-0.7652950016760678,0.1953277908139243,-4.396530441346944,-4.964036339770622,0.0,0.0,0.0,0.0,0.0,0.0
799,0.632488346501294,-0.6965343172537652,-0.7602046957918139,-18.819137702266172,-16.052678481982024,-0.758604772974659,0.6521498437439096,0.6467329795142357,-0.7837984924829526,-7.380696517976573,-7.301321585834216,-12.010779074300245,-0.508784584624148,0.7475640085347325,-0.779079356774493,2.0076717644582165,-7.850303119702642,-8.74554700405988,-0.15072581671334095,0.8679856503133303,-0.764095034196129,0.1950931570197764,-4.389544578004911,-4.949334376927993,0.0,0.0,0.0,0.0,0.0,0.0
800,0.6297891064857696,-0.6974678950735582,-0.756567073599198,-18.819533854036436,-15.9825423570819,-0.7413636227824028,0.651441960997511,0.6430765361007547,-0.7825504990132875,-7.367850637426111,-7.289497039039295,-11.96962704856288,-0.5056904019041215,0.7460032393145735,-0.7778266191446307,2.0079236303950347,-7.835779049975037,-8.722734294436362,-0.14784472865576356,0.865483008654699,-0.7628584604849921,0.19484835657302718,-4.3823498136094035,-4.934487816699841,0.0,0.0,0.0,0.0,0.0,0.0
801,0.6270821909096089,-0.6983355682686436,-0.752925740711875,-18.8185510356019,-15.912237090485327,-0.7243478476798058,0.6506980485302069,0.639428465594016,-0.7812647698565924,-7.354661691237199,-7.277322959116046,-11.928226642513144,-0.5026068106868371,0.7444138023750615,-0.7765365571846433,2.008036084953757,-7.820898961298352,-8.699632701464612,-0.14499573974409136,0.8629537889911414,-0.7615853991728879,0.19459341235129565,-4.374946826393009,-4.919497589408939,0.0,0.0,0.0,0.0,0.0,0.0
802,0.6243677439921675,-0.69913756210677,-0.7492808721684172,-18.81619361290358,-15.841766253325808,-0.7075563668586264,0.6499182075722388,0.6357887872966574,-0.7799414284645029,-7.341130953290644,-7.264800522571759,-11.88657910824327,-0.4995337936701116,0.742795741704383,-0.7752092932210014,2.008009207472983,-7.805664323274168,-8.676243377923772,-0.14217880569202201,0.8603981511526203,-0.7602759699972057,0.19432834780842861,-4.3673363007994315,-4.90436461701491,0.0,0.0,0.0,0.0,0.0,0.0
803,0.6216459067824353,-0.6998741057591271,-0.7456326383993168,-18.812466028127567,-15.771133334078442,-0.6909880829755504,0.6491025409866952,0.6321575174144912,-0.7785805994444287,-7.3272597047461785,-7.251930916081236,-11.844685680842206,-0.49647133113782876,0.7411491026608582,-0.773844950710263,2.007843091644623,-7.790076610090347,-8.652567475012237,-0.13939387803330103,0.8578162537365394,-0.7589302937913367,0.19405318696899357,-4.359518927421429,-4.889089813118051,0.0,0.0,0.0,0.0,0.0,0.0
804,0.6189168171750127,-0.7005454322385687,-0.7419812052513215,-18.807372798624204,-15.70034173899995,-0.6746418825278746,0.6482511532555634,0.6285346690864663,-0.7771824085479822,-7.3130492339380355,-7.238715336373527,-11.802547578546333,-0.49341940098777287,0.7394739319717254,-0.772443654227745,2.007537845397859,-7.774137300409189,-8.628606142348717,-0.13664090416350602,0.8552082541074645,-0.7575484924736791,0.19376795442279363,-4.351495402939675,-4.873674082966582,0.0,0.0,0.0,0.0,0.0,0.0
805,0.6161806099267721,-0.7011517783384303,-0.7383267340126712,-18.800918515837235,-15.629394792585884,-0.6585166362248414,0.6473641504658659,0.6249202524149411,-0.7757469826595838,-7.298500836273048,-7.225154990120657,-11.760166002894648,-0.490377978759615,0.7377702777318051,-0.771005529456376,2.0070935907825205,-7.757847877259212,-8.604360527976281,-0.1339198273820119,0.8525743083974492,-0.7561306890368235,0.1934726753194115,-4.343266430062634,-4.858118323467474,0.0,0.0,0.0,0.0,0.0,0.0
806,0.6134374166741704,-0.7016933845719164,-0.7346693814392149,-18.79310784424239,-15.558295738044215,-0.6426111993547767,0.6464416402958426,0.6213142744962439,-0.7742744497852215,-7.28361581413102,-7.211251093828027,-11.717542138887941,-0.4873470376630346,0.7360381894019973,-0.7695307031756998,2.0065104638517997,-7.741209827930233,-8.57983177836892,-0.1312305869341354,0.8499145715069096,-0.7546770075368854,0.1931673753627739,-4.334832717467295,-4.842423423200578,0.0,0.0,0.0,0.0,0.0,0.0
807,0.6106873659512355,-0.7021704951120868,-0.7310092997814133,-18.783945520296193,-15.48704773778578,-0.6269244121479702,0.6454837320012186,0.6177167394515408,-0.7727649390413928,-7.268395476767714,-7.197004873726835,-11.674677155152478,-0.4843265486059904,0.7342777178076615,-0.7680193032510634,2.005788614544437,-7.724224643872082,-8.555021038441105,-0.1285731180534554,0.8472291971060908,-0.7531875730830209,0.19285208080574784,-4.326194979740925,-4.826590262436284,0.0,0.0,0.0,0.0,0.0,0.0
808,0.6079305832081879,-0.7025833577324176,-0.7273466368121978,-18.77343635139427,-15.415653873930667,-0.6114551001353097,0.6444905364015251,0.6141276484579864,-0.7712185806442023,-7.252841140220097,-7.182417565668203,-11.631572204107627,-0.4813164802231248,0.7324889151368433,-0.7664714586229588,2.004928206566319,-7.706893820596591,-8.529929451559855,-0.12594735200430246,0.8445183376370798,-0.7516625118270915,0.192526818444759,-4.317353937323691,-4.810619713156441,0.0,0.0,0.0,0.0,0.0,0.0
809,0.6051671908307015,-0.7029322237479458,-0.7236815358556848,-18.761585214839513,-15.344117148830705,-0.5962020745027359,0.6434621658664876,0.6105469997801635,-0.7696355058986282,-7.236954127214007,-7.167490415019183,-11.588228422137632,-0.4783167989043033,0.7306718349383671,-0.7648872992965344,2.003929417271546,-7.689218857583032,-8.504558159559528,-0.12335321612441624,0.8417821443163784,-0.7501019509534979,0.19219161561444034,-4.308310316452229,-4.794512639078626,0.0,0.0,0.0,0.0,0.0,0.0
810,0.6023973081597973,-0.7032173479569961,-0.7200141358167234,-18.748397056820025,-15.27244048560766,-0.5811641324415087,0.6423987343024841,0.6069747888018096,-0.7680158471879476,-7.220735767074147,-7.152224676560512,-11.544646929767506,-0.4753274688232911,0.7288265321197993,-0.7632669563312651,2.0027924375429813,-7.671201258186863,-8.478908302759306,-0.12079063386776424,0.8390207671380302,-0.7485060186691674,0.19184650018230529,-4.299064849104102,-4.778269895683708,0.0,0.0,0.0,0.0,0.0,0.0
811,0.5996210515123469,-0.7034389885834824,-0.7163445712112726,-18.73387689139675,-15.200626728706904,-0.5663400574943047,0.641300357139056,0.6034110080578163,-0.7663597379633236,-7.204187395636403,-7.136621614386146,-11.500828831842796,-0.47234845196655506,0.7269530629452661,-0.7616105618307842,2.0015174716722997,-7.652842529551787,-8.452981019983172,-0.11825952484752195,0.8362343548772795,-0.7468748441937045,0.19149150054344993,-4.289618272943163,-4.76189233024661,0.0,0.0,0.0,0.0,0.0,0.0
812,0.5968385342021942,-0.7035974072197955,-0.7126729721975955,-18.718029799501018,-15.128678644466392,-0.5517286198972076,0.6401671513154966,0.5998556472665154,-0.7646673127335583,-7.187310355162534,-7.120682501804634,-11.456775217713481,-0.46937970816220176,0.7250514850331525,-0.7599182489328794,2.0001047372395746,-7.634144182525146,-8.4267774485826,-0.11575980487920902,0.8334230550947819,-0.7452085577496985,0.19112664561528417,-4.2799713312658385,-4.745380781870332,0.0,0.0,0.0,0.0,0.0,0.0
813,0.5940498665618632,-0.7036928687702514,-0.7089994646082428,-18.70086092794139,-15.056598921700479,-0.5373285769175125,0.6389992352674846,0.5963086933622217,-0.7629387070549885,-7.170105994256977,-7.104408621242083,-11.412487161421513,-0.46642119510902874,0.7231218573536538,-0.7581901517996342,1.9985544649923763,-7.615107731576418,-8.400298724461607,-0.11329138602397379,0.8305870141413235,-0.7435072905531768,0.1907519648322877,-4.270124772948221,-4.728736081523037,0.0,0.0,0.0,0.0,0.0,0.0
814,0.5912551559648678,-0.7037256413951245,-0.7053241699828392,-18.68237548842058,-14.984390172298667,-0.5231386731875407,0.6377967289137979,0.5927701305280618,-0.7611740575215554,-7.152575667786097,-7.08780126414702,-11.367965721892483,-0.4634728684057157,0.7211642402262167,-0.7564264056077405,1.9968668987244704,-7.5957346947190905,-8.373545982104517,-0.11085417663203294,0.8277263771630878,-0.741771174804226,0.19036748814079843,-4.26007935239413,-4.711959052078378,0.0,0.0,0.0,0.0,0.0,0.0
815,0.5884545068485921,-0.7036959964552408,-0.701647205601636,-18.662578756561636,-14.912054931838767,-0.5091576410343781,0.6365597536430726,0.5892399402290524,-0.7593735017550125,-7.134720736799499,-7.070861730896817,-11.323211943130872,-0.4605346815801217,0.7191786953168371,-0.7546271465389518,1.9950422951540554,-7.576026593435542,-8.346520354606033,-0.10844808138625084,0.8248412881074179,-0.7400003436777516,0.189973245993826,-4.2498358294839385,-4.695050508358802,0.0,0.0,0.0,0.0,0.0,0.0
816,0.5856480207377437,-0.7036042084571391,-0.6979686845198326,-18.641476070943828,-14.839595660214286,-0.49538420080550605,0.6352884323006288,0.5857181012454485,-0.7575371783952947,-7.116542568453627,-7.053591330705878,-11.27822685441909,-0.4576065861187098,0.717165285635236,-0.7527925117706934,1.9930809238016187,-7.555984952605135,-8.319222973703791,-0.10607300134586643,0.8219318897290956,-0.738194931314391,0.18956926934589535,-4.239394969524302,-4.678011257181918,0.0,0.0,0.0,0.0,0.0,0.0
817,0.5828357962683727,-0.703450554998797,-0.694288715602652,-18.619072832148106,-14.767014742276043,-0.4818170611906001,0.6339828891753599,0.5822045897063501,-0.7556652270910368,-7.098042535937528,-7.035991381535502,-11.233011470520362,-0.45468853149608973,0.71512407553192,-0.7509226394668274,1.9909830668674091,-7.535611300435407,-8.291654969813429,-0.10372883399035665,0.818998323597133,-0.7363550728115804,0.18915558964792062,-4.228757543198738,-4.660842097409918,0.0,0.0,0.0,0.0,0.0,0.0
818,0.5800179292124298,-0.7032353167159107,-0.6906074035611484,-18.595374501811794,-14.694314488487256,-0.46845491953923446,0.6326432499866692,0.5786993791235518,-0.7537577884902357,-7.07922201840071,-7.018063210005323,-11.187566791884958,-0.4517804652046652,0.7130551306951027,-0.7490176687685559,1.9887490191085142,-7.514907168396237,-8.263817472065822,-0.10141547326343539,0.8160407301020393,-0.7344809042147575,0.18873223884210452,-4.217924326518987,-4.643543820001845,0.0,0.0,0.0,0.0,0.0,0.0
819,0.5771945125028789,-0.7029587772287338,-0.6869248489887508,-18.570386601692892,-14.621497135592445,-0.4552964621747142,0.6312696418714746,0.575202440425656,-0.7518150042310656,-7.060082400883183,-6.999808151306456,-11.141893804860278,-0.4488823327844055,0.7109585181475193,-0.7470777397854815,1.9863790877156156,-7.493874091157119,-8.235711608346868,-0.09913280961718904,0.8130592484635966,-0.7325725625087165,0.1882992493568703,-4.206896100777237,-4.62611720806888,0.0,0.0,0.0,0.0,0.0,0.0
820,0.5743656362593359,-0.7026212230894597,-0.6832411483985177,-18.544114712743497,-14.548564847299577,-0.4423403647040933,0.6298621933712639,0.571713741992425,-0.7498370169328311,-7.040625074247541,-6.981227549116195,-11.095993481904356,-0.44599407785271966,0.708834306243113,-0.7451029935868018,1.98387359218937,-7.472513606527316,-8.20733850533944,-0.09688073005634092,0.8100540167391055,-0.730630185609098,0.18785665410182037,-4.195673652499117,-4.608563036932431,0.0,0.0,0.0,0.0,0.0,0.0
821,0.5715313878142271,-0.7022229437301561,-0.6795563942610929,-18.516564474192577,-14.475519714975128,-0.4295852923242176,0.6284210344192063,0.5682332496893744,-0.7478239701870679,-7.020851435113125,-6.962322755514319,-11.049866781802793,-0.44311564213443955,0.7066825646636052,-0.7430935721926542,1.9812328642164987,-7.4508272553990125,-8.178699288567628,-0.09465911818264208,0.8070251718321078,-0.7286539123540263,0.18740448646272473,-4.18425777339753,-4.590882074185059,0.0,0.0,0.0,0.0,0.0,0.0
822,0.5686918517394709,-0.7017642314112364,-0.6758706750433602,-18.48774158263792,-14.402363758352251,-0.41702990012409646,0.6269462963273208,0.5647609269026125,-0.7457760085487799,-7.000762885792207,-6.943095130900951,-11.003514649889247,-0.4402469654919115,0.7045033644149519,-0.741049618565595,1.9784572475455373,-7.428816581693314,-8.149795082443282,-0.09246785423938973,0.8039728495015812,-0.7266438824958773,0.18694278029653869,-4.17264926032721,-4.573075079754226,0.0,0.0,0.0,0.0,0.0,0.0
823,0.565847109873653,-0.7012453811704674,-0.6721840752477687,-18.457651791147097,-14.329098926251264,-0.404672833383406,0.6254381117736949,0.56129673457391,-0.7436932775278189,-6.980360834228205,-6.923546043915971,-10.956938018269172,-0.43738798595519035,0.7022967778236814,-0.7389712766022235,1.9755470978623162,-7.4064831323091385,-8.120627010314672,-0.09030681515606742,0.8008971843715902,-0.7246002366931892,0.1864715699264495,-4.1608489152401225,-4.555142805968744,0.0,0.0,0.0,0.0,0.0,0.0
824,0.5629972413497065,-0.7006666907725092,-0.668496675452331,-18.426300908367512,-14.255727097312773,-0.39251272786735925,0.6238966147897599,0.5578406312360042,-0.7415759235803951,-6.959646693935831,-6.903676871359928,-10.910137806046986,-0.4345386397523345,0.7000628785331224,-0.7368586911249326,1.9725027826651367,-7.383828457074858,-8.09119619451737,-0.08817587459310361,0.7977983099413928,-0.7225231165027004,0.18599089013695178,-4.148857545141558,-4.537085997627942,0.0,0.0,0.0,0.0,0.0,0.0
825,0.5601423226230707,-0.7000284606589787,-0.6648085523512756,-18.393694797645328,-14.182250080742707,-0.3805482101178397,0.6223219407476144,0.5543925730481325,-0.7394240941007278,-6.938621883943224,-6.883488998116475,-10.863114919556452,-0.4316988613398043,0.6978017414995197,-0.7347120078738042,1.9693246811396947,-7.360854108702779,-8.061503756427243,-0.08607490298675086,0.7946763585959941,-0.7204126643715252,0.18550077616895205,-4.13667596204702,-4.518905392073499,0.0,0.0,0.0,0.0,0.0,0.0
826,0.5572824274551071,-0.6993309939525746,-0.6611197787295537,-18.35983937701215,-14.10866961587778,-0.36877789737592304,0.6207142263905695,0.5509525136728989,-0.7372379374521085,-6.917287829163443,-6.862983817435217,-10.815870251581625,-0.4288685832502496,0.6955134430158165,-0.7325313735368149,1.9660131839049804,-7.337561643250144,-8.031550816295058,-0.08400376746824292,0.7915314615594056,-0.7182690236664568,0.18500126370924885,-4.124304983152578,-4.500601718907859,0.0,0.0,0.0,0.0,0.0,0.0
827,0.5544176267342021,-0.698574596655414,-0.6574304231972297,-18.324740622283635,-14.03498736747184,-0.35720039617789245,0.6190736100184561,0.5475204035836965,-0.7350176031383343,-6.895645962290287,-6.8421627324973215,-10.768404676946417,-0.4260477352869771,0.6931980608340426,-0.7303169359164801,1.9625686923141425,-7.313952622375087,-8.001338492288772,-0.08196233133021238,0.7883637486415069,-0.7160923388354608,0.18449238886029803,-4.1117454317650255,-4.482175698439315,0.0,0.0,0.0,0.0,0.0,0.0
828,0.5515479889903743,-0.697759577026624,-0.6537405509481474,-18.288404556992504,-13.961204939255476,-0.34581430654664524,0.6174002310119107,0.5440961918053023,-0.732763241373991,-6.873697719155782,-6.821027152488618,-10.72071906361458,-0.4232362465151989,0.6908556738627109,-0.7280688435121662,1.9589916197171646,-7.290028607887631,-7.970867902915347,-0.07995045542103507,0.7851733488691647,-0.7138827550029904,0.18397418819625042,-4.098998134976894,-4.463628045580167,0.0,0.0,0.0,0.0,0.0,0.0
829,0.548673580228578,-0.6968862457655814,-0.6500502235130866,-18.250837255255785,-13.887323869546812,-0.33461822069644054,0.6156942300094136,0.5406798252533582,-0.7304750032500893,-6.851444540573817,-6.799578494113161,-10.672814268499089,-0.4204340444884733,0.688486362286092,-0.7257872456811418,1.9552823907400843,-7.26579116395174,-7.940140166122889,-0.077967997641326,0.7819603902450167,-0.7116404181260938,0.183446698732405,-4.0860639245662025,-4.444959468366512,0.0,0.0,0.0,0.0,0.0,0.0
830,0.5457944639062247,-0.6959549160268972,-0.6463594987253511,-18.21204484193728,-13.81334563065931,-0.32361072288096304,0.613955748946053,0.5372712485826594,-0.7281530407731451,-6.828887872802253,-6.777818181950592,-10.62469113650976,-0.417641055062427,0.6860902075931095,-0.7234722926765946,1.9514414410005865,-7.241241857656078,-7.909156399104351,-0.07601481284085085,0.7787249996916856,-0.7093654750312953,0.18290995791355127,-4.072943637210432,-4.426170667620705,0.0,0.0,0.0,0.0,0.0,0.0
831,0.5429107009658388,-0.6949659033712783,-0.6426684307676812,-18.17203349178138,-13.739271629761362,-0.3127903896781299,0.6121849310400113,0.5338704042282197,-0.7257975068566881,-6.80602916748739,-6.755747648379005,-10.576350500830516,-0.4148572024302235,0.6836672925723388,-0.7211241356394106,1.9474692169817474,-7.216382258974695,-7.877917718369805,-0.07409075286780958,0.7754673030663914,-0.7070580734066749,0.18236400360926674,-4.059638114442852,-4.407262337047794,0.0,0.0,0.0,0.0,0.0,0.0
832,0.5400223498680985,-0.6939195257169208,-0.6389770702196907,-18.130809428555814,-13.665103209745507,-0.30215579027121375,0.6103819207791005,0.5304772324464803,-0.7234085553128932,-6.78286988161015,-6.733368333499207,-10.527793183199044,-0.4120824091580616,0.6812177013068925,-0.7187429265900754,1.9433661759056415,-7.191213940730146,-7.846425239820391,-0.07219566661815838,0.7721874251759374,-0.7047183617940671,0.18180887410924498,-4.046148202609523,-4.38823516333416,0.0,0.0,0.0,0.0,0.0,0.0
833,0.5371294666252552,-0.692816103291439,-0.6352854641058153,-18.088378924203568,-13.590841650107038,-0.29170548672630936,0.6085468639073578,0.5270916713566659,-0.7209863408443385,-6.759411477434033,-6.710681685060368,-10.47901999418897,-0.4093165962207095,0.6787415191692072,-0.7163288184207014,1.9391327856068348,-7.165738478559101,-7.814680078824036,-0.07032940008497328,0.7688854897920734,-0.7023464895813849,0.18124460811865378,-4.032474752827011,-4.369089826248393,0.0,0.0,0.0,0.0,0.0,0.0
834,0.5342321048349318,-0.6916559585843198,-0.6315936559437649,-18.044748298003775,-13.51648816783195,-0.2814380342661469,0.6066799074117065,0.5237136569822879,-0.7185310190358947,-6.735655422454898,-6.687689158387105,-10.430031733494493,-0.40655968303707174,0.6762388328157393,-0.7138819648871849,1.9347695244057939,-7.13995745088046,-7.782683350292905,-0.06849179640784762,0.7655616196672297,-0.6999426069950705,0.18067124475352586,-4.01861862094083,-4.34982699874435,0.0,0.0,0.0,0.0,0.0,0.0
835,0.5313303157142755,-0.6904394162998913,-0.6279016857934603,-17.999923915741267,-13.44204391829371,-0.2713519815404415,0.6047811995086623,0.5203431232927783,-0.7160427463467244,-6.711603189352325,-6.664392216307799,-10.380829190217252,-0.4038115875057821,0.673709730181552,-0.7114025206014759,1.9302768809821593,-7.113872438865723,-7.750436168762444,-0.06668269592232656,0.7622159365506,-0.6975068650926557,0.18008882353617675,-4.004580667484486,-4.330447347066292,0.0,0.0,0.0,0.0,0.0,0.0
836,0.5284241481344663,-0.6891668033108086,-0.6242095903064504,-17.953912188885063,-13.36750999615882,-0.2614458708926488,0.6028508896311053,0.5169800022452598,-0.7135216801024172,-6.687256255942811,-6.64079232908439,-10.331413143155581,-0.40107222604082254,0.6711543004748205,-0.7088906410239791,1.9256553542479882,-7.08748502641188,-7.717939648472113,-0.064901936209369,0.7588485612045848,-0.6950394157554538,0.17949738439065743,-3.9903617576392807,-4.310951530856135,0.0,0.0,0.0,0.0,0.0,0.0
837,0.5255136486555568,-0.6878384486120224,-0.6205174027757772,-17.90671957377484,-13.292887436300576,-0.25171823862337295,0.6008891284150912,0.5136242238264365,-0.7109679784872183,-6.6626161051343775,-6.616890974343241,-10.281784361095744,-0.39834151360715864,0.668572634171225,-0.706346482456051,1.9209054532208385,-7.0607968001163455,-7.685194903447515,-0.06314935214484063,0.7554596134215539,-0.6925404116813436,0.17889696763822888,-3.9759627611946318,-4.291340203262605,0.0,0.0,0.0,0.0,0.0,0.0
838,0.522598861561668,-0.6864546832752714,-0.6168251531863189,-17.858352570816706,-13.218177214721656,-0.24216761525032604,0.5988960676867378,0.5102757160946257,-0.7083818005364025,-6.637684224883097,-6.592689637007564,-10.231943603105734,-0.39561936375640994,0.6659648230082814,-0.7037702020326413,1.9160276968968823,-7.033809349254473,-7.652203047584376,-0.061424775949034324,0.7520492120409757,-0.6900100063776957,0.17828761399287482,-3.961384552509192,-4.271614011052542,0.0,0.0,0.0,0.0,0.0,0.0
839,0.5196798288964781,-0.6850158404040267,-0.613132868265539,-17.80881772368622,-13.143380249483922,-0.23279252576502918,0.5968718604491369,0.5069344052218863,-0.7057633061287295,-6.612462108150896,-6.5681898092307875,-10.181891618830672,-0.39290568866251824,0.6633309599795516,-0.7011619577150142,1.9110226141238602,-7.006524265758953,-7.6189651947336525,-0.05972803723621236,0.7486174749668342,-0.6874483541543778,0.1776693645568345,-3.9466280104724327,-4.2517735947239155,0.0,0.0,0.0,0.0,0.0,0.0
840,0.51675659049905,-0.6835222550889374,-0.6094405715346849,-17.75812161854029,-13.068497401646617,-0.2235914898861795,0.5948166608693348,0.5036002155362777,-0.7031126559790268,-6.586951252865059,-6.543392990331326,-10.131629148790545,-0.39020039915744226,0.6606711393287878,-0.6985219082835978,1.9058907434740346,-6.978943144201559,-7.585482458788315,-0.058058963064171576,0.7451645191853834,-0.6848556101168854,0.17704226081616825,-3.9316940184669216,-4.231819588620832,0.0,0.0,0.0,0.0,0.0,0.0
841,0.5138291840399538,-0.6819742643637363,-0.6057482833603935,-17.706270883236787,-12.993529476211862,-0.2145630223099011,0.5927306242653578,0.5002730695642287,-0.7004300116308784,-6.561153161879262,-6.518300686728518,-10.081156924679902,-0.38750340476686473,0.6579854565439891,-0.6958502133309393,1.9006326331170904,-6.951067581776994,-7.5517559537715515,-0.05641737798382995,0.7416904607832091,-0.6822319301595766,0.17640634463635102,-3.91658346433119,-4.211752621050347,0.0,0.0,0.0,0.0,0.0,0.0
842,0.5108976450576821,-0.6803722071616027,-0.6020560210066924,-17.65327218656186,-12.918477223077328,-0.2057056329567697,0.5906139070932782,0.4969528880730024,-0.6977155354494077,-6.535069342935955,-6.492914411879617,-10.030475669669219,-0.3848146137458996,0.6552740083513646,-0.6931470332547534,1.895248840692963,-6.922899178288713,-7.5177867939261755,-0.05480310408882795,0.7381954149655756,-0.6795774709589977,0.17576165825788934,-3.9012972403231294,-4.191573314400977,0.0,0.0,0.0,0.0,0.0,0.0
843,0.5079620069953543,-0.6787164242719808,-0.5983637986873998,-17.599132237465177,-12.843341337996133,-0.1970178272158134,0.5884666669343317,0.4936395901132726,-0.6949693906141726,-6.508701308630298,-6.467235686218031,-9.979586098708316,-0.3821339331148138,0.6525368927092223,-0.6904125292510811,1.8897399331846572,-6.894439536136836,-7.48357609380548,-0.05321596106514808,0.7346794960750744,-0.6768923899673193,0.17510824429196845,-3.885836243083992,-4.171282285262976,0.0,0.0,0.0,0.0,0.0,0.0
844,0.5050223012377049,-0.6770072582978419,-0.5946716276188986,-17.54385778430258,-12.76812246354366,-0.18849810618546936,0.5862890624820851,0.4903330930617964,-0.6921917411121548,-6.482050576375459,-6.441266037092619,-9.928488918831528,-0.3794612686947515,0.6497742088017848,-0.6876468633075458,1.8841064867910284,-6.865690260308041,-7.4491249683654335,-0.051655766240745235,0.731142817610556,-0.6741768454058643,0.17444614571612377,-3.870201373602929,-4.150880144550291,0.0,0.0,0.0,0.0,0.0,0.0
845,0.502078557148325,-0.6752450536133743,-0.5909795160732725,-17.487455614086073,-12.692821190090648,-0.1801449669115791,0.5840812535296326,0.48703331266417316,-0.6893827517308415,-6.455118668369247,-6.415006998708003,-9.877184829464383,-0.3767965251434552,0.6469860570329097,-0.6848501981966981,1.8783490867995194,-6.836652958367293,-7.414434533057907,-0.05012233463519124,0.7275854922463225,-0.6714309962587277,0.1737754058699371,-3.8543935371820384,-4.130367497624057,0.0,0.0,0.0,0.0,0.0,0.0
846,0.4991308021071791,-0.6734301563221072,-0.5872874694318067,-17.429932551741242,-12.617438056783104,-0.1719569026224841,0.5818434009568503,0.4837401630777042,-0.6865425880514121,-6.427907111562169,-6.388460112066072,-9.825674522732244,-0.37413960599099433,0.6441725390197545,-0.682022697469467,1.8724683274589138,-6.80732924045159,-7.379505903925376,-0.04861547900932732,0.7240076318516049,-0.6686550022664965,0.17309606845076062,-3.8384136434019798,-4.109744944417767,0.0,0.0,0.0,0.0,0.0,0.0
847,0.4961790615483618,-0.6715629142154445,-0.5835954902388205,-17.37129545937159,-12.541973552528098,-0.16393240296131406,0.5795756667176819,0.480453556914328,-0.6836714164420046,-6.400417437626714,-6.361626924908361,-9.773958683770296,-0.3714904136754828,0.6413337575863536,-0.6791645254486895,1.8664648118520395,-6.777720719265423,-7.344340197696589,-0.047135009914924815,0.7204093475102806,-0.6658490239200496,0.17240817750946222,-3.8222626060880476,-4.089013079563866,0.0,0.0,0.0,0.0,0.0,0.0
848,0.49322335899810194,-0.6696436767316053,-0.5799035782558364,-17.311551235529816,-12.466428116985572,-0.15606995421542846,0.5772782138274672,0.4771734052836395,-0.6807694040510748,-6.372651182927926,-6.334508991659496,-9.722037991035123,-0.36884884957879416,0.6384698167571297,-0.6762758472227347,1.8603391517684813,-6.747829010078072,-7.308938531883432,-0.04568073574435064,0.7167907495408494,-0.6630132224544486,0.17171177744619642,-3.805941343276756,-4.06817249252185,0.0,0.0,0.0,0.0,0.0,0.0
849,0.49026371611299113,-0.6676727949149662,-0.5762117305160664,-17.250706814495906,-12.390802141565864,-0.1483680395432434,0.5749512063503045,0.47389961783598494,-0.6778367188008423,-6.344609888495201,-6.307107873371576,-9.669913116617789,-0.36621481406226786,0.6355808217503298,-0.6733568286392098,1.85409196757727,-6.717655730722611,-7.273302024878863,-0.044252462780238574,0.7131519475166442,-0.6601477598429107,0.1710069130061973,-3.789450777182874,-4.047223767707778,0.0,0.0,0.0,0.0,0.0,0.0
850,0.48730015271845084,-0.6656506213757932,-0.5725199413792109,-17.188769165561947,-12.315095970432877,-0.14082513919833461,0.5725948093864593,0.4706321028056344,-0.6748735293808209,-6.316295099995346,-6.2794251376695405,-9.617584726558349,-0.3635882065024079,0.6326668789714035,-0.6704076362987558,1.8477238880996079,-6.687202501596685,-7.237431796055956,-0.04284999524516057,0.709493050286284,-0.6572527987908688,0.17029362927559646,-3.7727918341669837,-4.0261674846251845,0.0,0.0,0.0,0.0,0.0,0.0
851,0.48433268684740083,-0.6635775102503485,-0.568828202586547,-17.125745292323195,-12.239309901512332,-0.1334397307509585,0.5702091890597988,0.46737076705401537,-0.6718800052414245,-6.287708367706706,-6.251462358697376,-9.565053481161591,-0.36096892532656405,0.6297280960063029,-0.6674284375489146,1.8412355504815516,-6.656470945664819,-7.201328965867836,-0.04147313535129994,0.7058141659943384,-0.6543285027301006,0.16957197167725976,-3.7559654447033965,-4.005004217997248,0.0,0.0,0.0,0.0,0.0,0.0
852,0.48136133477913934,-0.6614538171613716,-0.5651365033163077,-17.061642231975586,-12.163444187505226,-0.12621028930709777,0.5677945125052628,0.4641155161130135,-0.6688563165876557,-6.258851246494485,-6.223221117065236,-9.51232003531416,-0.35835686804860056,0.6267645816147234,-0.664419400478079,1.8346276000667288,-6.625462688462402,-7.164994655948653,-0.04012168335012269,0.7021154021022161,-0.651375035812941,0.16884198596664834,-3.7389725433485648,-3.983734537900286,0.0,0.0,0.0,0.0,0.0,0.0
853,0.4783861110784232,-0.659279899178917,-0.561444830239328,-16.996467054619227,-12.087499036906063,-0.11913528772499848,0.5653509478563683,0.4608662542283336,-0.665802634372862,-6.229725295787098,-6.194702999797383,-9.459385038802816,-0.3557519313045459,0.6237764457232797,-0.661380693909512,1.8279006902690502,-6.594179358101147,-7.12842998921543,-0.03879543758204504,0.6983968654092567,-0.6483925629065626,0.1681037182276979,-3.72181406870986,-3.962359009898433,0.0,0.0,0.0,0.0,0.0,0.0
854,0.47540702863473716,-0.657056114781553,-0.5577531675749651,-16.930226862568183,-12.01147461502592,-0.11221319682932229,0.5628786642327478,0.4576228844029192,-0.6627191302925779,-6.2003320795536965,-6.165909600281037,-9.406249136634008,-0.35315401088822634,0.6207637994186271,-0.6583124873954486,1.8210554824454634,-6.5626225852761815,-7.091636089970885,-0.037494194526096966,0.6946586620740292,-0.645381249587335,0.16735721486872152,-3.704490963414814,-3.9408781951795455,0.0,0.0,0.0,0.0,0.0,0.0
855,0.4724240987017427,-0.6547828238178962,-0.5540614971472586,-16.86292878966578,-11.935371045019734,-0.10544248562297209,0.5603778317277142,0.4543853084404199,-0.6596059767784244,-6.1706731662826115,-6.136842518215911,-9.352912969354376,-0.35056300178687444,0.6177267549405149,-0.655214951211257,1.8140926457686888,-6.530794003274461,-7.0546140840069915,-0.03621774884957996,0.6909008976358136,-0.6423412621352446,0.16660252261832884,-3.687004174080679,-3.9192926506921797,0.0,0.0,0.0,0.0,0.0,0.0
856,0.4694373309368992,-0.652460387468475,-0.5503697984413358,-16.794580000605595,-11.859188408917902,-0.09882162149662976,0.5578486213958508,0.451153426988708,-0.6564633469920776,-6.140750128960789,-6.107503359564555,-9.29937717337237,-0.3479787982167125,0.6146654256747844,-0.6520882563496678,1.8070128570999926,-6.49869524798463,-7.017365098709371,-0.03496589345771434,0.687123677036269,-0.6392727675283805,0.16583968852136524,-3.669354651284385,-3.897602929283667,0.0,0.0,0.0,0.0,0.0,0.0
857,0.4664467334412531,-0.6500891682079298,-0.5466780486600483,-16.72518769025816,-11.782926748661971,-0.0923490704360943,0.5552912052406377,0.4479271395834417,-0.6532914148193097,-6.110564545054292,-6.077893736503485,-9.245642381280888,-0.34540129365851435,0.6115799261463171,-0.6489325745150751,1.799816800861996,-6.466327957908321,-6.979890263162504,-0.0337384195432804,0.6833271046412798,-0.6361759334374903,0.16506875993487125,-3.651543349532885,-3.875809579839238,0.0,0.0,0.0,0.0,0.0,0.0
858,0.4634523127993807,-0.6476695297675148,-0.5429862227808226,-16.654759083002723,-11.706586067144071,-0.08602329722748214,0.5527057562020954,0.44470634469166503,-0.6500903548640801,-6.0801179964895535,-6.048015267374921,-9.191709222180776,-0.34283038089313383,0.608470372011921,-0.6457480781178885,1.7925051689114815,-6.433693774172636,-6.942190708255602,-0.03253511663624423,0.6795112842629647,-0.633050928220587,0.1642897845240559,-3.633571227233766,-3.8539131474221016,0.0,0.0,0.0,0.0,0.0,0.0
859,0.4604540741026138,-0.64520183710454,-0.5392942935875631,-16.583301432141077,-11.630166328809109,-0.07984276560200065,0.5500924482043773,0.44149093954413077,-0.6468603425096793,-6.0494120704570316,-6.017869577263632,-9.13757832078291,-0.340265951759246,0.6053368801124245,-0.6425349403343543,1.7850786599125184,-6.400794341579021,-6.904267566619027,-0.031355772523067274,0.6756763191051096,-0.6298979209812287,0.16350281023888447,-3.615439247036603,-3.831914172952409,0.0,0.0,0.0,0.0,0.0,0.0
860,0.4574520209871925,-0.6426864563664187,-0.535602231724411,-16.51082201924439,-11.553667460645311,-0.0738059384254055,0.5474514561551379,0.4382808201382459,-0.6436015539259456,-6.018448359553605,-5.987458298071571,-9.083250297499507,-0.33770789713546184,0.6021795684767537,-0.6392933351137275,1.7775379791162447,-6.3676313088191945,-6.866121972700425,-0.030200173270852487,0.6718223117710982,-0.626717081575594,0.16270788530642996,-3.5971483758761025,-3.8098131932624275,0.0,0.0,0.0,0.0,0.0,0.0
861,0.45444615572759295,-0.640123754832354,-0.5319100058322381,-16.437328153243637,-11.477089354618814,-0.06791127808584241,0.5447829557474895,0.435075881936941,-0.6403141658561139,-5.987228459224551,-5.956783066538556,-9.02872577256182,-0.33515610783626015,0.5989985561313635,-0.6360234369702785,1.769883839776555,-6.334206325289047,-6.827755063402118,-0.02906810368167712,0.6679493645242545,-0.623508580410301,0.16190505828683177,-3.57869958379706,-3.787610742671865,0.0,0.0,0.0,0.0,0.0,0.0
862,0.45143647924337604,-0.6375141008892015,-0.5282175825563598,-16.36282716992072,-11.400431867848518,-0.062157246583633086,0.542087123567458,0.43187601949013465,-0.636998355745258,-5.955753969394426,-5.925845525446671,-8.974005363906,-0.3326104740914517,0.59579396321192,-0.6327254211088332,1.7621169620148238,-6.3005210431813365,-6.7891679778511556,-0.027959347082826956,0.6640575791568433,-0.6202725885646072,0.16109437803024046,-3.5600938446679136,-3.7653073522068476,0.0,0.0,0.0,0.0,0.0,0.0
863,0.44842299113961004,-0.6348578639948392,-0.5245249266040026,-16.28732643125316,-11.323694823656872,-0.056542305729518016,0.5393641370852278,0.4286811264664116,-0.6336543017387439,-5.92402649450373,-5.894647323613467,-8.919089687432859,-0.3300708855651336,0.5925659109596664,-0.6293994634233929,1.7542380726594113,-6.26657711756939,-6.750361857500808,-0.026873685369449875,0.6601470570084897,-0.6170092777891731,0.16027589367158784,-3.5413321361755763,-3.7429035497184246,0.0,0.0,0.0,0.0,0.0,0.0
864,0.44540568974856376,-0.6321554146413646,-0.5208320008036634,-16.21083332475828,-11.246878012653742,-0.05106491734491847,0.5366141746421582,0.4254910956996498,-0.6302821826759766,-5.892047643487945,-5.863190115841396,-8.863979357354442,-0.32753723139426005,0.5893145217135287,-0.6260457404911582,1.746247905120807,-6.232376206418317,-6.71133784624441,-0.02581089905636546,0.6562178989901347,-0.6137188205003548,0.15944965462675195,-3.522415439794231,-3.7203998600344077,0.0,0.0,0.0,0.0,0.0,0.0
865,0.44238457217145827,-0.6294071243185915,-0.5171387661645501,-16.13335526284243,-11.16998119382149,-0.04572354346013574,0.5338374154378341,0.4223058192355996,-0.6268821780842012,-5.859819029757322,-5.83147556286786,-8.808674986540623,-0.3250094002271177,0.5860399189021815,-0.6226644295666075,1.7381471992669,-6.197919970597255,-6.672097090529505,-0.02477076732979039,0.6522702056080805,-0.6104013897745496,0.1586157105887369,-3.5033447407544163,-3.6977968051117003,0.0,0.0,0.0,0.0,0.0,0.0
866,0.43935963432027003,-0.6266133654778268,-0.5134451819360972,-16.054899682154897,-11.09300409560133,-0.0405166465107043,0.5310340395171452,0.4191251883784134,-0.6234544681723476,-5.827342271177342,-5.799505331315749,-8.753177186865784,-0.32248728026170187,0.5827422270360756,-0.619255708575619,1.7299367012983609,-6.1632100738925555,-6.632640739472284,-0.023753068098979514,0.6483040769881172,-0.6070571593425869,0.15777411152386955,-3.48412102801237,-3.67509490418911,0.0,0.0,0.0,0.0,0.0,0.0
867,0.436330870959577,-0.6237745114959348,-0.5097512056675443,-15.975474042946713,-11.015946416980507,-0.035442689531759886,0.5282042277573986,0.41594909373711625,-0.6199992338249303,-5.794618990049872,-5.7672810936445815,-8.697486569555398,-0.3199707592839871,0.5794215716994311,-0.615819756109646,1.7216171636241615,-6.128248183021941,-6.592969944972249,-0.022757578047774375,0.6443196128997203,-0.6036863035841665,0.15692490766800893,-3.464745294219637,-3.6522946739405464,0.0,0.0,0.0,0.0,0.0,0.0
868,0.43329827574843144,-0.620890936639654,-0.5060567932675614,-15.895085828433565,-10.938807828580114,-0.030500136350635643,0.5253481618554466,0.41277742527201083,-0.6165166565959797,-5.761650813094862,-5.7348045281020505,-8.641603745532377,-0.3174597247060876,0.5760780795421838,-0.612356751419923,1.7131893447371915,-6.093035967649421,-6.5530858618269585,-0.021784072686062656,0.6403169127803032,-0.600288997522332,0.15606814952276898,-3.4452185356928746,-3.629396628628543,0.0,0.0,0.0,0.0,0.0,0.0
869,0.4302618412822666,-0.6179630160301856,-0.502361899063917,-15.813742544163347,-10.861587973743541,-0.025687451777665515,0.5224660243148548,0.409610072341021,-0.6130069187030229,-5.728439371432706,-5.702077318676084,-8.585529325763364,-0.31495406360431316,0.5727118782719101,-0.608866874411722,1.704654009090017,-6.057575100401151,-6.512989647847023,-0.020832326401145768,0.6362960757595327,-0.5968654168179892,0.15520388785175537,-3.425541752383912,-3.6064012802581202,0.0,0.0,0.0,0.0,0.0,0.0
870,0.42722155913481497,-0.6149911256080195,-0.498666475863176,-15.731451717387657,-10.784286469625137,-0.02100310179528897,0.5195579984330834,0.4064469237459607,-0.6094702030210981,-5.694986300567109,-5.669101155047327,-8.52926392160467,-0.31245366275710984,0.5693230966457116,-0.6053503056386416,1.6960119269707619,-6.0218672568820075,-6.472682463971148,-0.01990211250900926,0.6322572006836868,-0.5934157377644584,0.15433217367681293,-3.4057159478499965,-3.583309138730893,0.0,0.0,0.0,0.0,0.0,0.0
871,0.42417741990004165,-0.611975642098015,-0.49497047501042046,-15.648220896437564,-10.706902908279098,-0.016445553745508157,0.5166242682887013,0.40328786777872944,-0.6059066930768121,-5.661293240368556,-5.635877732542083,-8.472808145147974,-0.30995840868288577,0.5659118644620732,-0.6018072262969356,1.6872638743791153,-5.9859141156929505,-6.432165474381239,-0.018993203305498314,0.6282003861400529,-0.5899401372820661,0.15345305827428615,-3.385742129224253,-3.5601207119993923,0.0,0.0,0.0,0.0,0.0,0.0
872,0.4211294132340728,-0.6089169429746913,-0.4912738464489692,-15.564057650102749,-10.629436857748104,-0.01201327651573969,0.5136650187286118,0.40013279226742204,-0.602316573042416,-5.627361835058114,-5.602408752085523,-8.416162609565506,-0.3074681876777171,0.5624783125526855,-0.5982378182198654,1.6784106329024526,-5.949717358448998,-6.391439846617501,-0.018105370117393237,0.6241257304813502,-0.5864387929127566,0.1525665931712875,-3.3656213071862777,-3.5368365062215195,0.0,0.0,0.0,0.0,0.0,0.0
873,0.4180775278971267,-0.6058154064277644,-0.4875765387801093,-15.478969567014904,-10.551887863151892,-0.007704740723140979,0.5106804353553124,0.39698158462236177,-0.5987000277299321,-5.593193733191903,-5.568695920155412,-8.359327929454953,-0.3049828858529381,0.5590225727742498,-0.5946422638720958,1.6694529895921153,-5.913278669797985,-6.350506751693597,-0.017238383353385525,0.6200333318501852,-0.5829118828147493,0.1516728301419796,-3.3453544959329546,-3.513457025915173,0.0,0.0,0.0,0.0,0.0,0.0
874,0.4150217517954281,-0.6026714113278778,-0.48387849932280824,-15.392964255034238,-10.474255447775286,-0.003518418897470177,0.5076707045141642,0.39383413188203786,-0.5950572425852914,-5.558790587645816,-5.534740948736038,-8.302304721183756,-0.3025023891726026,0.5555447780002494,-0.5910207463441061,1.6603917368397854,-5.876599737439804,-6.309367364211675,-0.016392012554949355,0.6159232882035146,-0.5793595857572088,0.15077182120386273,-3.324942713149368,-3.489982774112904,0.0,0.0,0.0,0.0,0.0,0.0
875,0.4119620720230973,-0.5994853371925487,-0.48017967417340446,-15.306049340639536,-10.396539114155459,0.0005472143375144789,0.5046360132806835,0.3906903207589489,-0.5913884036825078,-5.524154055600746,-5.500545555272525,-8.24509360323282,-0.30002658349082095,0.5520450621126965,-0.5873734493466356,1.6512276722540253,-5.8396822521463205,-6.268022862477295,-0.015566026447109964,0.6117956973371144,-0.5757820811149508,0.14986361861407418,-3.304386979979902,-3.4664142525165946,0.0,0.0,0.0,0.0,0.0,0.0
876,0.4088984749040209,-0.5962575641523068,-0.47648000826527065,-15.218232468321446,-10.318738345168628,0.004493682083965833,0.5015765494478562,0.3875500376853542,-0.5876936977178729,-5.489285798528133,-5.466111462625396,-8.18769519653975,-0.2975553545889719,0.5485235599938648,-0.5837005572051476,1.641961598536926,-5.802527907781746,-6.226474428614329,-0.014760192989105164,0.607650656910057,-0.5721795488631612,0.14894827486569323,-3.283688320999423,-3.442751961652167,0.0,0.0,0.0,0.0,0.0,0.0
877,0.4058309460336816,-0.592988472917025,-0.47277944542843564,-15.129521299978906,-10.240852605115562,0.00832250499122189,0.49849250151346364,0.3844131688589179,-0.583973312004174,-5.454187482175881,-5.431440399025436,-8.130110124841249,-0.29508858821277845,0.5449804075179934,-0.5800022548543187,1.6325943233609057,-5.765138401323563,-6.18472324867959,-0.013974279424936512,0.6034882644691746,-0.5685521695721456,0.14802584268405516,-3.2628477641846128,-3.4189964010241813,0.0,0.0,0.0,0.0,0.0,0.0
878,0.40275947032094106,-0.5896784447424178,-0.46907792844914664,-15.039923514318259,-10.162881340805837,0.012035201078290925,0.49538405866742213,0.38127960028824337,-0.5802274344649239,-5.418860776554504,-5.396534098028691,-8.072339015014814,-0.29262617010925024,0.5414157415429696,-0.5762787278325371,1.6231266592456248,-5.727515432883798,-6.142770512777243,-0.013208052333812201,0.599308617473503,-0.5649001244020831,0.14709637502306974,-3.241866340885342,-3.3951480692703204,0.0,0.0,0.0,0.0,0.0,0.0
879,0.399684032029784,-0.5863278613967293,-0.46537539912938597,-14.949446806255569,-10.084823982640962,0.01563328555758403,0.4922514107791468,0.37814921783830563,-0.5764562536286214,-5.383307355923685,-5.36139429847183,-8.014382497419739,-0.29016798606349453,0.5378296999020047,-0.5725301622764326,1.613559423435071,-5.689660705730851,-6.100617415173112,-0.012461277680475603,0.595111813318716,-0.5612235950978128,0.14615992506154857,-3.2207450857962217,-3.3712074643157894,0.0,0.0,0.0,0.0,0.0,0.0
880,0.3966046148209953,-0.582937105127567,-0.46167179834630234,-14.858098886321205,-10.006679945695721,0.019118270659768122,0.4890947483849208,0.37502190727576007,-0.5726599586230129,-5.3475288987789344,-5.326022744427549,-7.956241206237138,-0.28771392193538275,0.5342224213952828,-0.5687567449154057,1.6038934377747476,-5.6515759263115415,-6.058265154408565,-0.011733720865419673,0.590897949361518,-0.5575227639836188,0.14521654619953492,-3.1994850369281327,-3.34717508352745,0.0,0.0,0.0,0.0,0.0,0.0
881,0.39352120179377525,-0.5795065586289001,-0.45796706611156934,-14.765887480067144,-9.92844863079782,0.02249166545972736,0.48591426267527926,0.3718975543141326,-0.5688387391693742,-5.311527087838575,-5.290421185160212,-7.8979157798090895,-0.28526386369607665,0.5305940457815979,-0.5649586630661778,1.594129528589024,-5.613262804273586,-6.01571493341414,-0.011025146774984555,0.5866671229440034,-0.5537978139580352,0.14426629205464006,-3.178087235579879,-3.3230514238677484,0.0,0.0,0.0,0.0,0.0,0.0
882,0.3904337755272883,-0.5760366050082015,-0.4542611416306552,-14.672820327476598,-9.8501294256058,0.02575497570357621,0.4827101454824086,0.36877604465889086,-0.5649927855767994,-5.2753036100308455,-5.25459137508161,-7.839406860976869,-0.28281769746441404,0.5269447137699808,-0.561136104627346,1.58426852655862,-5.5747230524883,-5.972967959622851,-0.010335319831337102,0.5824194314179745,-0.5500489284886562,0.14330921645838302,-3.15655272630986,-3.298836982048375,0.0,0.0,0.0,0.0,0.0,0.0
883,0.38734231812212583,-0.572527627753729,-0.4505539633619878,-14.578905182375811,-9.771721705684602,0.028909703636665007,0.47948258926755094,0.36565726405237964,-0.5611222887364979,-5.2388601564811905,-5.218535073706827,-7.780715097418076,-0.28037530954314227,0.523274567011309,-0.5572892580739476,1.5743112665982326,-5.535958387073569,-5.930025445083068,-0.009664004042327447,0.5781549721692034,-0.5462762916069547,0.14234537345253362,-3.1348825569077863,-3.274532254683581,0.0,0.0,0.0,0.0,0.0,0.0
884,0.3842468112416897,-0.5689800107019394,-0.4468454690760173,-14.484149811848042,-9.693224835579105,0.031957347832522576,0.4762317871084242,0.3625410983186298,-0.5572274401160986,-5.202198422499691,-5.1822540456102,-7.721841141982747,-0.27793658645500785,0.5195837480899096,-0.5534183124520292,1.5642585877343118,-5.496970527417046,-5.886888606570995,-0.009010963051225902,0.5738738426416394,-0.5424800879031046,0.1413748172854583,-3.1130777783664243,-3.2501377384431462,0.0,0.0,0.0,0.0,0.0,0.0
885,0.3811472361534819,-0.5653941380050249,-0.44313559591415763,-14.38856199564946,-9.614638169885128,0.034899403022744746,0.4729579326866475,0.3594274334080279,-0.5533084317539564,-5.165320107568567,-5.14575006038137,-7.662785653028284,-0.27550141497869207,0.5158724005151525,-0.5495234573732196,1.554111332982983,-5.457761196199493,-5.843558665702703,-0.008375960186331896,0.5695761403615504,-0.5386605025208087,0.14039760240846966,-3.091139444853352,-3.225653930204947,0.0,0.0,0.0,0.0,0.0,0.0
886,0.3780435737702905,-0.5617703940985653,-0.4394242804475994,-14.292149525626831,-9.53596105431778,0.03773735992767824,0.4696612202751739,0.3563161554418419,-0.5493654562534593,-5.128226915329762,-5.109024892581308,-7.603549294753183,-0.2730696821845916,0.5121406687130308,-0.5456048830093,1.5438703492281043,-5.418332119418245,-5.800036849045635,-0.007758758510457941,0.5652619629615868,-0.5348177211521205,0.13941378347217465,-3.0690686136826937,-3.201081327207052,0.0,0.0,0.0,0.0,0.0,0.0
887,0.3749358046912813,-0.5581091636692936,-0.4357114587359917,-14.194920205137016,-9.457192826777248,0.040472705087942984,0.46634184472573653,0.3532071507566098,-0.545398706777338,-5.090920553572597,-5.072080321698456,-7.544132737529612,-0.2706412754704468,0.5083886980177452,-0.5416627800867787,1.5335364870994972,-5.378685026410817,-5.756324388229675,-0.0071591208702829374,0.5609314082047786,-0.5309519300322728,0.1384234153228271,-3.0468663452868796,-3.1764204271993903,0.0,0.0,0.0,0.0,0.0,0.0
888,0.3718239092429646,-0.5544108316229581,-0.43199706638597546,-14.096881848467964,-9.378332818411444,0.043106920696704965,0.46300000145629355,0.3501003059483702,-0.5414083770419701,-5.053402734221418,-5.034918132104796,-7.484536658234563,-0.26821608259680757,0.5046166346632723,-0.5376973398814587,1.523110600851312,-5.338821649878519,-5.712422520057571,-0.006576809945575562,0.5565845740084348,-0.5270633159344981,0.13742655299867867,-3.024533703188361,-3.151671728594838,0.0,0.0,0.0,0.0,0.0,0.0
889,0.3687078675230815,-0.550675783047765,-0.42828103861397165,-13.998042280185885,-9.29938035475557,0.04564148440314053,0.4596358864404661,0.34699550791071637,-0.5373946613148332,-5.015675173367308,-4.997540113042088,-7.424761740555372,-0.26579399171168616,0.5008246257782917,-0.5337087542160979,1.5125935482008548,-5.298743725969177,-5.668332486620381,-0.0060115882973463125,0.5522215584659743,-0.5231520661678695,0.1364232517248818,-3.002071753989168,-3.126835730608656,0.0,0.0,0.0,0.0,0.0,0.0
890,0.3655876595142734,-0.5469044030742359,-0.42456331041048573,-13.89840933275661,-9.22033475871158,0.04807786843928419,0.4562496962421899,0.3438926437355468,-0.5333577544839855,-4.9777395923074925,-4.959948059297421,-7.364808674742394,-0.26337489113218887,0.49701281945774795,-0.5296972155288341,1.5019861892602613,-5.2584529957100985,-5.624055535541296,-0.005463218395011196,0.5478424598237291,-0.519218368644306,0.13541356687527972,-2.9794815677690925,-3.101912933145468,0.0,0.0,0.0,0.0,0.0,0.0
891,0.36246326501120346,-0.5430970770134473,-0.42084381643286983,-13.797990848802556,-9.141195348607855,0.05041754056710568,0.45284162792777816,0.3407916009866495,-0.5292978519327595,-4.939597715861957,-4.92214377001527,-7.304678158870066,-0.26095866978442334,0.49318136462714135,-0.5256629167502467,1.491289387918104,-5.217951202794004,-5.579592919877991,-0.004931462702016873,0.5434473765804375,-0.5152624117585531,0.13439755402362408,-2.9567642173789768,-3.0769038373747275,0.0,0.0,0.0,0.0,0.0,0.0
892,0.35933466367263645,-0.5392541903069569,-0.4171224910802749,-13.696794680226212,-9.061961439556072,0.05266196379279009,0.44941187906143565,0.3376922677184827,-0.5252151495468338,-4.9012512725399064,-4.884129048775646,-7.244370899060197,-0.25854521719460255,0.48933041104787,-0.5216060513104631,1.4805040115554937,-5.177240093842248,-5.5349458982514905,-0.004416083720648334,0.5390364075022973,-0.5112843843952571,0.13337526893397655,-2.9339207784848464,-3.0518089458318594,0.0,0.0,0.0,0.0,0.0,0.0
893,0.35620183509613734,-0.5353761284438976,-0.41339926860138554,-13.594828686785354,-8.982632345403694,0.05481259586735554,0.4459606477147914,0.3345945324527184,-0.5211098437437702,-4.862701995021067,-4.845905703887456,-7.183887609538108,-0.2561344234048512,0.4854601093464279,-0.5175268131683396,1.4696309304788444,-5.136321419090369,-5.490115735017408,-0.003916844030826233,0.5346096516243846,-0.5072844759576127,0.13234676754077113,-2.9109523297394966,-3.02662876244319,0.0,0.0,0.0,0.0,0.0,0.0
894,0.3530647588584561,-0.531463276929241,-0.40967408315221593,-13.492100735519946,-8.903207379781417,0.05687088912208482,0.4424881324539215,0.33149828422312116,-0.5169821314667744,-4.823951620136964,-4.80747554833963,-7.123229012964579,-0.25372617900978117,0.4815706110055209,-0.5134253968054933,1.4586710178028972,-5.095196932403863,-5.445103700373965,-0.0034335063395060338,0.5301672082745402,-0.5032628763616595,0.13131210594530365,-2.887859952751149,-3.001363792676914,0.0,0.0,0.0,0.0,0.0,0.0
895,0.3499234145557163,-0.5275160212521538,-0.4059468688536388,-13.388618700180386,-8.823685857145648,0.058838290304688456,0.43899453232638697,0.3284034126201924,-0.5128322101784436,-4.785001888852003,-4.768840399752118,-7.062395840765703,-0.2513203751928414,0.47766206835518843,-0.5093019972203208,1.4476251493339796,-5.053868391293719,-5.399911070469075,-0.0029658335298744787,0.5257091770970974,-0.4992197760305662,0.13027134041222016,-2.8646447320520263,-2.97601454369309,0.0,0.0,0.0,0.0,0.0,0.0
896,0.3467777818434064,-0.5235347468544442,-0.4022175598486484,-13.284390460657155,-8.744067093815787,0.06071624041611434,0.4354800468482878,0.32530980783558117,-0.508660277854506,-4.745854546244447,-4.730002080326809,-7.001388833460675,-0.24891690376244258,0.47373463456393683,-0.505156809922008,1.436494203453519,-5.012337556931786,-5.354539127506532,-0.0025135887103397182,0.5212356580764549,-0.4951553658889042,0.12922452736600426,-2.8413077550668664,-2.950581524492701,0.0,0.0,0.0,0.0,0.0,0.0
897,0.3436278404761539,-0.5195198390990843,-0.39848609035933746,-13.179423902411427,-8.664350409005962,0.06250617454800356,0.4319448759913236,0.3222173607062475,-0.5044665329775411,-4.706511341487134,-4.690962416798248,-6.940208740987254,-0.2465156571878463,0.46978846362987287,-0.5009900309245191,1.4252790610017811,-4.970606194165808,-5.308989159851109,-0.0020765352633136253,0.5167467515604722,-0.4910698373569003,0.12817172338746127,-2.817850112081314,-2.925065246065637,0.0,0.0,0.0,0.0,0.0,0.0
898,0.3404735703472863,-0.5154716832388134,-0.39475239474358836,-13.073726915906905,-8.584535125851314,0.064209521720767,0.42838922016986963,0.31912596275838084,-0.5002511745306882,-4.666974027828039,-4.6517232403842455,-6.878856323025052,-0.24411652863482217,0.4658237103718521,-0.4968018567405726,1.413980605161868,-4.928676071534226,-5.2632624621327,-0.0016544368937818146,0.5122425582836978,-0.48696338234467684,0.127112985210201,-2.794272896210234,-2.899466221537651,0.0,0.0,0.0,0.0,0.0,0.0
899,0.33731495152817326,-0.5113906643848106,-0.3910164075514696,-12.967307396042587,-8.504620572428534,0.06582770472220689,0.4248132802280632,0.31603550625106813,-0.49601440199133756,-4.627244362570584,-4.612286386736283,-6.817332349316477,-0.24171941200106917,0.46184053042063394,-0.49259248437560044,1.402599721343964,-4.886548961280635,-5.217360335349385,-0.0012470576776616553,0.507723179390415,-0.4828361932464742,0.12604836971711664,-2.7705772033659195,-2.8737849663162223,0.0,0.0,0.0,0.0,0.0,0.0
900,0.3341519643073376,-0.5072771674754334,-0.38727806358132383,-12.860173241586395,-8.424606082770584,0.06736213994668416,0.42121725742690214,0.3129458842197047,-0.49175641532480113,-4.587324107053679,-4.572653695889743,-6.755637599985354,-0.2393242019513951,0.45783908021005126,-0.4883621113216843,1.3911372970698308,-4.8442266393679,-5.171284086969438,-0.0008541621099413081,0.5031887164575038,-0.47868846293485007,0.12497793393686094,-2.7467641322261684,-2.8480219982352937,0.0,0.0,0.0,0.0,0.0,0.0
901,0.3309845892293367,-0.5031315772450157,-0.38353729793554625,-12.752332354609607,-8.344490997875397,0.06881423723481728,0.41760135343135074,0.30985699051914617,-0.48747741497796293,-4.547215026631494,-4.5328270122139,-6.693772865853083,-0.2369307939526549,0.45381951696818684,-0.48411093555147144,1.3795942218575517,-4.801710885491861,-5.125035031032173,-0.00047551515260188873,0.49863927151710896,-0.47452038475485836,0.12390173504031728,-2.7228347842022327,-2.822177837698835,0.0,0.0,0.0,0.0,0.0,0.0
902,0.3278128071334036,-0.498954278192729,-0.37979404607604395,-12.643792639922115,-8.264274666708499,0.07018539971363769,0.4139657702974622,0.3067687198665967,-0.48317760187291425,-4.506918890652975,-4.492808184361753,-6.631738948752426,-0.23453908430844464,0.44978199870857155,-0.47983915551207357,1.3679713871065573,-4.75900348309472,-5.078614488247744,-0.00011088228231521599,0.49407494707911687,-0.47033215251821137,0.12281983033706939,-2.698790263406673,-2.796253007823257,0.0,0.0,0.0,0.0,0.0,0.0
903,0.3246365991918413,-0.49474565455148484,-0.3760482438793631,-12.534562004508109,-8.183956447199254,0.07147702363719421,0.4103107104595014,0.30368096788422605,-0.4788571774005551,-4.466437472440966,-4.452599065219523,-6.569536661838684,-0.23214897019354416,0.4457266842213856,-0.4755469701189321,1.3562696859828773,-4.716106219377867,-5.0320237860956665,0.00023997046208180592,0.48949584615342245,-0.4661239604974069,0.12173227727186256,-2.674631676621009,-2.7702480345785405,0.0,0.0,0.0,0.0,0.0,0.0
904,0.3214559469481749,-0.49050609025689684,-0.372299827691485,-12.424648356962566,-8.103535707230854,0.07269049822761486,0.4066363767170893,0.30059363114151955,-0.4745163434141821,-4.4257725492710795,-4.4122015118559945,-6.507166829898429,-0.22976034968811457,0.4416537330646881,-0.4712345787496681,1.3444900133046909,-4.6730208853143695,-4.985264258922269,0.0005772764323414246,0.4849020722719996,-0.4618960034198406,0.12063913342106346,-2.6503601332632756,-2.7441634469281833,0.0,0.0,0.0,0.0,0.0,0.0
905,0.31827083235504117,-0.4862359689162782,-0.3685487343822785,-12.314059606928069,-8.023011825623625,0.07382720551654476,0.40294297222234693,0.2975066071973463,-0.4701553022230454,-4.384925902350171,-4.371617385471533,-6.444630289655569,-0.22737312181163755,0.4375633055556517,-0.46690218123790017,1.332633265428131,-4.6297492756609016,-4.93833724803684,0.0009012683237898389,0.4802937295107504,-0.4576484764618871,0.11954045648911305,-2.625976745355409,-2.7179997769678104,0.0,0.0,0.0,0.0,0.0,0.0
906,0.3150812378118184,-0.4819356737776831,-0.36479490139959886,-12.20280366453207,-7.9423841931116765,0.07488852018695846,0.39923070046705167,0.2944197946417465,-0.4657742565858788,-4.343899316794433,-4.330848551346808,-6.381927890074755,-0.22498718655660013,0.4334555627618191,-0.4625499778670351,1.3207003401333561,-4.5862931889691785,-4.891244101806542,0.0012121781285453145,0.4756709225111391,-0.4533815752429524,0.1184363043049741,-2.6014826274904483,-2.6917575600624755,0.0,0.0,0.0,0.0,0.0,0.0
907,0.31188714620199554,-0.47760558769898115,-0.3610382668230313,-12.090888439824521,-7.8616522133128175,0.07587580941533911,0.3954997652698046,0.291333093137438,-0.46137340970440227,-4.302694581607101,-4.289896878791255,-6.319060492662161,-0.22260244492192224,0.4293306664923786,-0.4581781693640295,1.308692136510904,-4.542654427596825,-4.843986175750111,0.0015102370889732881,0.4710337565016071,-0.4490954958194966,0.11732673481857234,-2.5768788967995806,-2.6654373349826432,0.0,0.0,0.0,0.0,0.0,0.0
908,0.3086885409302653,-0.47324609311697424,-0.3572787694172727,-11.978321842215948,-7.780815303691434,0.07679043271420571,0.39175037076320673,0.28824640346103064,-0.45695296521680234,-4.261313489655838,-4.248764241091256,-6.256028971763493,-0.2202187989461226,0.42518877928945875,-0.4537869568931283,1.2966095548483454,-4.4988347977177945,-4.796564832630226,0.0017956756513805086,0.46638233731876,-0.44479043467903573,0.11621180609723408,-2.5521666729190495,-2.6390396440387907,0.0,0.0,0.0,0.0,0.0,0.0
909,0.3054854059593435,-0.4688575720165271,-0.3535163486851329,-11.865111779915406,-7.699872896514338,0.07763374177489446,0.38798272138103945,0.2851596275439466,-0.452513127191168,-4.219757837649527,-4.207452515457889,-6.192834214859196,-0.21783615174021864,0.4210300644194384,-0.44937654204955796,1.2844534965171828,-4.454836109332017,-4.748981442544547,0.002068723419952085,0.46171677142831835,-0.44046658873409594,0.11509157632211345,-2.5273470779567946,-2.6125650332145796,0.0,0.0,0.0,0.0,0.0,0.0
910,0.3022777258465055,-0.46444040589974206,-0.34975094492016584,-11.75126615936904,-7.618824439799381,0.07840708031071797,0.38419702184545984,0.2820726685130463,-0.44805410011891095,-4.17802942611481,-4.165963582974479,-6.129477122856865,-0.21545440752036288,0.416854685864283,-0.44494712685320276,1.2722248638600797,-4.410660176274618,-4.701237383015445,0.0023296091109335643,0.457037165945838,-0.4361241553161519,0.11396610378461701,-2.5024212364589937,-2.5860140522986406,0.0,0.0,0.0,0.0,0.0,0.0
911,0.2990654857798377,-0.4599949757551408,-0.3459824992589072,-11.636792884698359,-7.53766939825677,0.07911178390032614,0.3803934771541983,0.2789854307309499,-0.4435760889081398,-4.136130059371995,-4.124299328543682,-6.065958610380758,-0.21307347164020746,0.4126628083128974,-0.44049891374223443,1.2599245600783533,-4.36630881622436,-4.653334039078334,0.0025785605070622747,0.4523436286571845,-0.4317633321695178,0.11283544688281819,-2.477390275376335,-2.5593872550148653,0.0,0.0,0.0,0.0,0.0,0.0
912,0.29584867161419864,-0.45552166202688454,-0.3422109537327262,-11.521699857138982,-7.456407254222928,0.07974917983136365,0.37657229256777236,0.27589781983605793,-0.4390792988770146,-4.094061545510656,-4.082461640834323,-6.002279606058458,-0.21069325062300107,0.4084545971525062,-0.43603210556671973,1.2475534891197948,-4.321783850711546,-4.605272803368665,0.002815804412248872,0.4476362680387674,-0.4273843174452169,0.1116996641178678,-2.452255324030152,-2.532685199151252,0.0,0.0,0.0,0.0,0.0,0.0
913,0.2926272699068806,-0.4510208445839965,-0.33843625131926913,-11.405994974479079,-7.37503750858672,0.08032058694437216,0.37273367359670045,0.2728097427822566,-0.434563935747053,-4.051825696364602,-4.0404524122277605,-5.938441052804483,-0.20831365219340617,0.4042302184600498,-0.43154690558218045,1.2351125555667664,-4.277087105125138,-4.557055076207435,0.0030415666065158158,0.4429151932775179,-0.4229873096948027,0.11055881409039439,-2.4270175140782966,-2.5059084466871973,0.0,0.0,0.0,0.0,0.0,0.0
914,0.28940126795297494,-0.4464929026896133,-0.3346583359935052,-11.289686130498033,-7.293559681708077,0.0808273154768997,0.3688778259887325,0.26972110787831727,-0.4300302056364142,-4.009424327486456,-3.9982735387639625,-5.874443908101004,-0.20593458530904568,0.3999898389936121,-0.4270435174431292,1.222602664524633,-4.232220408719273,-4.50868226568536,0.0032560718011914215,0.438180514290621,-0.41857250786415634,0.1094129554969,-2.4016779794808456,-2.4790575639193113,0.0,0.0,0.0,0.0,0.0,0.0
915,0.28617065382042717,-0.4419382149702413,-0.3308771527783502,-11.172781214404889,-7.211973314328671,0.08127066690786777,0.3650049557160807,0.2666318248269706,-0.4254783150531345,-3.966859258121609,-3.9559269200871032,-5.810289144275405,-0.20355596019176428,0.3957336261838631,-0.42252214519655523,1.2100247215104851,-4.187185594618961,-4.460155787745467,0.0034595435943665966,0.4334323417449793,-0.41414011128723416,0.10826214712614565,-2.376237856465546,-2.4521331215856015,0.0,0.0,0.0,0.0,0.0,0.0
916,0.28293541638478586,-0.4373571593850334,-0.3270926477948789,-11.055288110276852,-7.1302779684748,0.08165193380209579,0.36111526896266755,0.26354180476366795,-0.42090847088833694,-3.924132311181752,-3.913414459390853,-5.745977748774897,-0.20117768835861338,0.39146174812553486,-0.417982993275384,1.1973796323422063,-4.1419844998251225,-4.411477066264346,0.0036522044266153186,0.4286707870764254,-0.4096903196797883,0.10710644785553176,-2.3506982834930854,-2.42513569498815,0.0,0.0,0.0,0.0,0.0,0.0
917,0.2796955453636354,-0.4327501131950721,-0.32330476831210625,-10.937214696497623,-7.048473228352126,0.08197239965506253,0.3572089721113777,0.260450960295013,-0.416320880409397,-3.88124531321779,-3.870738063363193,-5.681510724437922,-0.1987996826525495,0.3871743735689184,-0.4134262664918917,1.1846683030278513,-4.09661896521883,-4.3626475331318115,0.00383427553698212,0.423895962508662,-0.4052233331330424,0.10594591664746933,-2.3250604012221006,-2.3980658641141366,0.0,0.0,0.0,0.0,0.0,0.0
918,0.2764510313509734,-0.42811745293231346,-0.31951346279672327,-10.818568845189809,-6.966558701239252,0.08223333873552274,0.3532862717313567,0.25735920553681496,-0.41171575125318327,-3.8382000943940064,-3.8278996421319524,-5.616889089762953,-0.196421857272572,0.38287167191152627,-0.4088521700311911,1.1718916396533288,-4.051090835567268,-4.313668628329859,0.0040059769190655785,0.4191079810719347,-0.40073935210743805,0.10478061254567195,-2.2993253524746295,-2.370924213755314,0.0,0.0,0.0,0.0,0.0,0.0
919,0.2732018659391514,-0.4234595542519921,-0.3157186810903614,-10.69935841972569,-6.884534020685919,0.08243601515819265,0.34934737457738657,0.25426645613485405,-0.4070932914562436,-3.7949984890498722,-3.7849011095742484,-5.552113879343482,-0.19404412771285875,0.3785538132358514,-0.4042609094812756,1.1590505475943336,-4.00540196035732,-4.264541800261255,0.004167527218784592,0.4143069566215082,-0.3962385774623029,0.10361059464761249,-2.2734942824171047,-2.343711333646427,0.0,0.0,0.0,0.0,0.0,0.0
920,0.2699480416515655,-0.41877679203619556,-0.3119203743112483,-10.579591276378103,-6.802398844730385,0.08258168361666551,0.34539248756296725,0.25117262932313333,-0.4024537094049303,-3.751642334989741,-3.7417443828374584,-5.487186143943068,-0.19166641089875783,0.3742209682474814,-0.3996526907838444,1.146145932188872,-3.9595541928382105,-4.215268505537202,0.004319143757958006,0.40949300385634724,-0.39172121040767766,0.10243592212845332,-2.2475683382743186,-2.3164278185614426,0.0,0.0,0.0,0.0,0.0,0.0
921,0.266689551927933,-0.41406954042632615,-0.3081184948325943,-10.459275264799576,-6.720152855501797,0.08267158964583876,0.34142181774101954,0.24807764397019688,-0.39779721380829824,-3.7081334731338242,-3.698431382084168,-5.4221069506616875,-0.1892886252655622,0.369873308241735,-0.3950277202076581,1.1331786989944783,-3.913549389572412,-4.1658502089141525,0.004461042523106903,0.40466623833682336,-0.3871874524782766,0.10125665425029834,-2.221548669176185,-2.289074268416227,0.0,0.0,0.0,0.0,0.0,0.0
922,0.26342639122807376,-0.40933817269811,-0.3043129964335488,-10.338418225905146,-6.637795761941461,0.08270696884414819,0.3374355723008814,0.24498142060232195,-0.3931240137209179,-3.6644737479631635,-3.654964030728872,-5.35687738332866,-0.18691069071457386,0.3655110051325294,-0.3903862043712795,1.120149753132608,-3.867389411104799,-4.116288383568764,0.0045934380753072275,0.3998267765023311,-0.38263750555597953,0.10007285033925636,-2.195436426295716,-2.2616512883978808,0.0,0.0,0.0,0.0,0.0,0.0
923,0.2601585550639613,-0.404583061231552,-0.30050383434570127,-10.217027991319938,-6.5553273006363,0.08268904672350108,0.3334339585554055,0.24188388144056272,-0.38843431853543425,-3.6206650074838134,-3.61134425537666,-5.291498542756893,-0.184532528643256,0.3611342314436347,-0.38572835023588214,1.107059999185105,-3.821076121954874,-4.066584511167381,0.004716543507843927,0.39497473568877633,-0.3780715718629091,0.09888456978194707,-2.1692327628105126,-2.234159489076874,0.0,0.0,0.0,0.0,0.0,0.0
924,0.2568860400313864,-0.39980457748092263,-0.2966909652990636,-10.095112382826951,-6.472747236642495,0.08261903855958308,0.3294171839280748,0.23878495043739403,-0.3837283379750897,-3.5767091031904035,-3.567573985761495,-5.225971546993334,-0.1821540619750398,0.35674316029995307,-0.3810543650980177,1.093910341091102,-3.7746113906080887,-4.016740081933706,0.004830570404201987,0.3901102341457472,-0.3734898539544675,0.0976918720219997,-2.1429388338640227,-2.2065994865172742,0.0,0.0,0.0,0.0,0.0,0.0
925,0.25360884384125015,-0.3950030919447884,-0.29287434756753955,-9.97267921181529,-6.390055364299551,0.08249814924251653,0.32538545594014506,0.23568455331296032,-0.3790062820862134,-3.5326078900291527,-3.5236551546840946,-5.160297531565769,-0.17977521518879158,0.3523379654188376,-0.37636445658235096,1.080701682044375,-3.7279970895063412,-3.9667565947147914,0.004935728796396893,0.3852333910533797,-0.36889255471233995,0.0964948165565472,-2.1165557965265984,-2.1789719023851113,0.0,0.0,0.0,0.0,0.0,0.0
926,0.25032696535046794,-0.3901789741360672,-0.28905394101386295,-9.849736278728402,-6.307251508034426,0.08232757312785499,0.3213389821978023,0.23258261759091436,-0.37426836123066415,-3.488363226360165,-3.4795896979493053,-5.094477649725713,-0.1773959143479276,0.34791882110143507,-0.3716588326343457,1.0674349243911152,-3.6812350950374584,-3.9166355570451747,0.005032227123650215,0.3803443265388969,-0.36427987733744827,0.09529346293271132,-2.090084809756264,-2.1512773640547795,0.0,0.0,0.0,0.0,0.0,0.0
927,0.24704040459248572,-0.3853325925521288,-0.2852297071340095,-9.726291372512822,-6.224335523155752,0.08210849388800612,0.31727797037934774,0.2294790726338529,-0.3695147860782439,-3.443976973919199,-3.435379554303128,-5.0285130726875265,-0.17501608712918254,0.3434859022240665,-0.3669377015129204,1.0541109695281912,-3.6343272875238712,-3.8663784852092618,0.005120272191412426,0.3754431616928367,-0.35965202534287577,0.09408787074408474,-2.0635270343593173,-2.1235165047135416,0.0,0.0,0.0,0.0,0.0,0.0
928,0.24374916280740422,-0.3804643146449222,-0.2814016091010695,-9.602352270066941,-6.1413072966379865,0.08184208436395979,0.31320262822239925,0.2263738496783363,-0.3647457675990635,-3.3994509977787,-3.3910266653692016,-4.962404989863618,-0.17263566285102172,0.33903938422963376,-0.3622012717830537,1.0407307178018264,-3.587275551210241,-3.81598690430185,0.005200069130736548,0.37053001858494844,-0.35500920254673973,0.09287809962720298,-2.0368836329506173,-2.0956899634640345,0.0,0.0,0.0,0.0,0.0,0.0
929,0.2404532424717159,-0.3755745067911577,-0.27756961180858924,-9.47792673569046,-6.058166747895652,0.0815295064174466,0.3091131635111276,0.2232668818694997,-0.3599615170558833,-3.3547871663083244,-3.3465329755849775,-4.896154609095861,-0.17025457250170392,0.33457944311906984,-0.35744975230836407,1.0272950684067959,-3.5400817742502935,-3.765462348286934,0.0052718213580075675,0.36560502027977754,-0.35035161306503837,0.09166420925801488,-2.0101557699137262,-2.067798385424882,0.0,0.0,0.0,0.0,0.0,0.0
930,0.23715264732763008,-0.370663534262503,-0.2737336819133533,-9.353022520533594,-5.9749138295470345,0.08117191078346098,0.3050097840634984,0.2201581042952343,-0.3551622459963953,-3.3099873511346494,-3.3019004321372747,-4.829763156882857,-0.16787274876697728,0.3301062554428041,-0.35268335224362896,1.0138049192860374,-3.4927478486925154,-3.714806360054486,0.005335730535029674,0.36066829085190466,-0.3456794613044381,0.09044625934834163,-1.9833446113607056,-2.039842421829219,0.0,0.0,0.0,0.0,0.0,0.0
931,0.23384738241201367,-0.36573176119584794,-0.26989378787763396,-9.227647362047234,-5.891548528168026,0.08077043692318586,0.3008926977185598,0.21704745401995953,-0.35034816624548926,-3.2650534271004146,-3.257130984897576,-4.763231878603526,-0.16549012605742525,0.32561999829228194,-0.34790228102728643,1.000261167030802,-3.4452756704650898,-3.664020491475619,0.0053919965294768335,0.3557199554008773,-0.3409929519550413,0.08922430964233534,-1.9564513250917839,-2.0118227301213443,0.0,0.0,0.0,0.0,0.0,0.0
932,0.23053745408491355,-0.36077955056358835,-0.26604990001087264,-9.101808983432964,-5.808070865035251,0.08032621287734609,0.2967621123237375,0.21393487011795712,-0.3455194898974613,-3.2199872722229665,-3.2122265863567296,-4.696562038736445,-0.16310664053544063,0.3211208492914988,-0.34310674837387783,0.9866647067812497,-3.3976671393597133,-3.613106303455675,0.0054408173757085725,0.3507601400657907,-0.336292289983096,0.08799841991292769,-1.9294770805547006,-1.9837399740512587,0.0,0.0,0.0,0.0,0.0,0.0
933,0.22722287005768366,-0.3558072641439727,-0.2622019905108152,-8.97551509309388,-5.724480896859074,0.07984035511995646,0.29261823572217005,0.21082029370628558,-0.3406764293081988,-3.174790767652168,-3.167189191559311,-4.62975492107538,-0.16072223014184217,0.3166089865885826,-0.33829696426646494,0.9730164321275774,-3.349924159014558,-3.562065365985609,0.005482389235955815,0.34578897203955156,-0.3315776806236787,0.08676864995827625,-1.9024230488038751,-1.9555948237672698,0.0,0.0,0.0,0.0,0.0,0.0
934,0.22390363942069208,-0.35081526249148043,-0.2583500335040739,-8.84877338408553,-5.640778716505839,0.07931396841252636,0.28846127574006075,0.20770366797725434,-0.33581919708731633,-3.1294657976275557,-3.122020758037476,-4.5628118289406165,-0.15833683462211634,0.3120845888473995,-0.3334731389489968,0.9593172350116256,-3.302048636896174,-3.510899258191377,0.00551690636188128,0.3408065795827949,-0.32684932937332756,0.08553505959820296,-1.8752904024592973,-1.9273879559065032,0.0,0.0,0.0,0.0,0.0,0.0
935,0.2205797726706244,-0.34580390490726126,-0.2544940050861315,-8.72159153356754,-5.556964453709753,0.0787481456587078,0.28429144017406527,0.20458493823046642,-0.33094800609026054,-3.084014249434903,-3.076723245744397,-4.495734085386325,-0.15595039555229442,0.3075478352392002,-0.32863548291864314,0.9455680056290171,-3.2540424842804563,-3.4596095683814987,0.005544561056516226,0.335813092037473,-0.3221074419826416,0.08429770867062981,-1.8480803156652077,-1.8991200536834185,0.0,0.0,0.0,0.0,0.0,0.0
936,0.21725128173736372,-0.3407735494096143,-0.250633883360767,-8.59397720225558,-5.473038275773937,0.07814396775941224,0.2801089367787011,0.20146405190441846,-0.32606306941037183,-3.038438013362075,-3.031298616987235,-4.428523033403746,-0.15356285636445355,0.30299890543429553,-0.32378420691808457,0.9317696323318044,-3.2059076162325923,-3.4081978940926714,0.005565543636578716,0.3308086398400991,-0.31735222444883493,0.08305665702800727,-1.8207939640485198,-1.8707918069762393,0.0,0.0,0.0,0.0,0.0,0.0
937,0.21391818001045865,-0.33572455270453283,-0.24676964847891406,-8.465938033874084,-5.389000388260909,0.07750250346841558,0.2759139732537931,0.1983409586076601,-0.3211646003709154,-2.9927389826542834,-2.9857488363597215,-4.361180036120324,-0.15117416237184444,0.29843797959376994,-0.3189195219277676,0.9179230015316665,-3.157645951586063,-3.35666584213351,0.005580042395177821,0.3257933545346575,-0.3125838830082578,0.08181196453374096,-1.7934325246770437,-1.8424039124113514,0.0,0.0,0.0,0.0,0.0,0.0
938,0.21058048236516635,-0.3306572701562953,-0.24290128267693267,-8.33748165460934,-5.304851035672171,0.07682480924845381,0.2717067572319445,0.19521561014950445,-0.3162528125170664,-2.946919053468593,-2.9400758706742183,-4.293706476994629,-0.1487842607936409,0.2938652383612261,-0.31404163915811556,0.9040289976036214,-3.1092594129205815,-3.305015028626339,0.005588243564905858,0.3207673687851681,-0.3078026241288706,0.0805636910586111,-1.7659971760174313,-1.8139570734456112,0.0,0.0,0.0,0.0,0.0,0.0
939,0.2072382051880758,-0.32557205575812515,-0.23902877031430658,-8.20861567256348,-5.220590502117032,0.07611192912785403,0.26748749626604357,0.1920879605702921,-0.3113279196078678,-2.900980124827868,-2.894281688893434,-4.226103760007169,-0.14639310077931122,0.2892808628545672,-0.30915077004170743,0.8900885027903129,-3.060749926539114,-3.253247079047093,0.00559033128132394,0.31573081638791334,-0.30300865450268766,0.07931189647719075,-1.738489097892942,-1.7854520004466015,0.0,0.0,0.0,0.0,0.0,0.0
940,0.20389136640229927,-0.3204692621029045,-0.23515209791074485,-8.079347677208911,-5.136219111970373,0.07536489455770701,0.26325639781679644,0.18895796617119706,-0.3063901356081414,-2.854924098573946,-2.848368262061611,-4.158373309846894,-0.1440006334326036,0.2846850346578062,-0.30424712622541,0.8761023971068292,-3.0121194224437975,-3.201363628263198,0.005586487546844408,0.3106838322833134,-0.2982021810381721,0.07805664066425774,-1.7109094714409252,-1.7568894107707556,0.0,0.0,0.0,0.0,0.0,0.0
941,0.20053998549224689,-0.315349240353966,-0.23127125418270542,-7.949685238843818,-5.051737230519686,0.07458472426959939,0.2590136692403042,0.18582558554358558,-0.30143967468037414,-2.8087528793202616,-2.8023375632353837,-4.0905165720936605,-0.14160681183515425,0.2800779358129213,-0.29933091956248287,0.8620715582461165,-2.9633698343109707,-3.1493663205696536,0.005576892195013394,0.3056265525674705,-0.29338341085260383,0.07679798349120566,-1.6832594790701363,-1.7282700288394672,0.0,0.0,0.0,0.0,0.0,0.0
942,0.1971840835279562,-0.310212340215942,-0.22738623007931305,-7.8196359080481646,-4.967145264600745,0.07377242413393947,0.25475951777566036,0.18269077959790425,-0.29647675117655803,-2.7624683744037046,-2.756191567414108,-4.022535013396224,-0.13921159106969988,0.27545974881173035,-0.2944023621046349,0.8479968614849385,-2.9145030994650796,-3.0972568097229884,0.005561722855199007,0.30055911450335143,-0.28855255126439894,0.07553598482244973,-1.6555403044177677,-1.69959458621301,0.0,0.0,0.0,0.0,0.0,0.0
943,0.1938236831890027,-0.3050589099056984,-0.2234970188176903,-7.689207215140877,-4.882443663222489,0.07292898701888917,0.25049415053259705,0.17955351159211655,-0.29150157963000345,-2.716072493835902,-2.709932251469849,-3.9544301216461886,-0.13681492824291056,0.27083065658781325,-0.28946166609405327,0.8338791795904497,-2.865521158851671,-3.0450367589734255,0.005541154917686718,0.2954816565316386,-0.28370980978539995,0.07427070451183167,-1.6277531323063081,-1.6708638216624387,0.0,0.0,0.0,0.0,0.0,0.0
944,0.190458808787968,-0.29988929612334275,-0.2196036159176846,-7.558406669637843,-4.797632918180559,0.07205539264995409,0.24621777447916038,0.17641374715966793,-0.28651437474711533,-2.6695671502538136,-2.663561594076928,-3.886203406147529,-0.13441678250782493,0.26619084250845937,-0.28450904395539234,0.81971938272735,-2.8164259570093417,-2.992707841094985,0.005515361499188666,0.29039431828122625,-0.2788553941131264,0.07300220239902179,-1.5998991487001648,-1.6420784812393348,0.0,0.0,0.0,0.0,0.0,0.0
945,0.18708948629347277,-0.2947038440233098,-0.21570601923599025,-7.427241759710864,-4.712713564659687,0.07115260747021268,0.24193059642942358,0.1732714543369826,-0.28151535139913125,-2.622954258869633,-2.6170815756410084,-3.8178563977818216,-0.13201711508589453,0.26154049036664995,-0.27954470828772376,0.8055183383656378,-2.7672194420406435,-2.94027173841363,0.0054845134087682275,0.28529724057936845,-0.2739895121229859,0.07173053830591813,-1.57197954066205,-1.613239318343437,0.0,0.0,0.0,0.0,0.0,0.0
946,0.18371574335277197,-0.2895028971855414,-0.21180422899966816,-7.295719951647888,-4.627686181824823,0.07022158450125504,0.23763282303124214,0.1701266035904916,-0.27650472461383235,-2.5762357374200975,-2.5704941782278397,-3.74939064916921,-0.12961588928863324,0.2568797843730763,-0.2745688718564564,0.791276911188992,-2.717903565582036,-2.8877301428334805,0.005448779114186002,0.2801905654614838,-0.2691123718604541,0.07045577203304577,-1.5439954963091849,-1.584347093788184,0.0,0.0,0.0,0.0,0.0,0.0
947,0.18033760934799437,-0.2842867975429357,-0.20789824788866343,-7.1638486885935935,-4.542551394297428,0.06926326291462348,0.23332466075430344,0.16697916785199413,-0.2714827095762343,-2.5294135062754646,-2.5238013855828605,-3.6808077349757413,-0.12721307052502118,0.2522089091609993,-0.2695817475942034,0.7769959627884255,-2.6684802830070824,-2.8350847559669567,0.005408324677682905,0.2750744361862615,-0.2642241815420926,0.06917796334850869,-1.5159482048233195,-1.5554025759055872,0.0,0.0,0.0,0.0,0.0,0.0
948,0.17695511544512088,-0.2790558853177716,-0.2039880811077755,-7.031635389437179,-4.45730987344097,0.06827856766291429,0.22900631587812845,0.1638291225519156,-0.2664495216273845,-2.4824894885149655,-2.47700518313161,-3.6121092521868983,-0.12480862631150687,0.24752804978849344,-0.2645835485997596,0.7626763514005016,-2.6189515535807164,-2.782337289241779,0.005363313698371685,0.2699489972493655,-0.2593251495547002,0.06789717197846291,-1.487838856449403,-1.526406540641137,0.0,0.0,0.0,0.0,0.0,0.0
949,0.17356829447131467,-0.2738104991782533,-0.20007373620883903,-6.899087451320649,-4.371962334132238,0.06726841056871291,0.2246779944788206,0.1606764456079265,-0.2614053762178461,-2.4354656091962084,-2.43010755752118,-3.5432968196201466,-0.1224025263512495,0.24283739167641324,-0.2595744880919281,0.7483189327278138,-2.5693193394357334,-2.729489463474157,0.005313907410617342,0.26481439436841403,-0.25441548440985756,0.06661345763498772,-1.4596686422226373,-1.497359771438398,0.0,0.0,0.0,0.0,0.0,0.0
950,0.1701771810214237,-0.26855097609980183,-0.19615522324650878,-6.766212247290306,-4.286509537560523,0.06623368945819252,0.2203399024175768,0.15752111747231276,-0.25635048892189244,-2.388343795704452,-2.3831104967763697,-3.4743720784478835,-0.11999474251947298,0.2381371206327281,-0.2545547794238358,0.7339245593083851,-2.519585606127038,-2.676543009153288,0.005260264574079732,0.2596707745055936,-0.24949539475822874,0.06532687999375654,-1.4314387540594196,-1.4682630594002997,0.0,0.0,0.0,0.0,0.0,0.0
951,0.1667818114830923,-0.26327765133066705,-0.19223255481559615,-6.633017125663779,-4.2009522918862885,0.06517528798577898,0.21599224532864372,0.15436312115798348,-0.2512850754302578,-2.341125977720262,-2.3360159902386206,-3.4053366923582833,-0.11758524888140429,0.23342742284642792,-0.24952463607588116,0.7194940803978638,-2.469752322628205,-2.623499666472445,0.00520254143783536,0.2545182858765629,-0.24456508938275218,0.0640374986894202,-1.4031503847197275,-1.4391172033501607,0.0,0.0,0.0,0.0,0.0,0.0
952,0.16338222405581174,-0.25799085836487545,-0.18830574607961603,-6.499509409517489,-4.11529145274069,0.06409407550749391,0.2116352286072878,0.15120244226251806,-0.24620935154138732,-2.293814087160274,-2.28882602848968,-3.336192347686802,-0.11517402171205328,0.22870848487936188,-0.24448427164718342,0.7050283418878087,-2.419821461288634,-2.5703611853406496,0.005140891710060987,0.249357077958071,-0.2396247771903502,0.0627453733122162,-1.3748047277604878,-1.4099230098837379,0.0,0.0,0.0,0.0,0.0,0.0
953,0.15997845876949807,-0.2526909289153161,-0.18437481479867426,-6.36569639617599,-4.029527923712935,0.06299090695534892,0.2072690573978169,0.14803906899168667,-0.24112353315265678,-2.246410058117299,-2.2415426032748638,-3.266940753542935,-0.11276103951555243,0.2239804936581065,-0.23943389984700053,0.6905281862246867,-2.369794997789664,-2.5171293253922356,0.00507546652819746,0.2441873014952095,-0.23467466720360575,0.061450563404579335,-1.34640297748874,-1.3806812934190258,0.0,0.0,0.0,0.0,0.0,0.0
954,0.15657055750259918,-0.24737819288697932,-0.18043978135670014,-6.23158535670358,-3.9436626568255186,0.06186662271285126,0.20289393658166047,0.14487299218244798,-0.23602783625157367,-2.198915826799875,-2.194167707426045,-3.1975836419323294,-0.1103462830440566,0.21924363646586917,-0.23437373448612506,0.675994452329623,-2.3196749110997565,-2.463805855994372,0.00500641442959863,0.23900910850830587,-0.2297149685524167,0.060153128457757124,-1.3179463289146665,-1.3513928762438776,0.0,0.0,0.0,0.0,0.0,0.0
955,0.15315856399972586,-0.24205297835034478,-0.17650066878801915,-6.0971835353980035,-3.8576966529972143,0.060722048491633096,0.1985100707655017,0.1417042053254144,-0.23092247690695017,-2.151333331471188,-2.1467033347842808,-3.128122767874101,-0.1079297353161981,0.2144981009344178,-0.22930398946825023,0.6614279755188823,-2.2694631834286585,-2.4103925562524577,0.004933881322667581,0.23382265229944896,-0.22474589046561905,0.05885312790842743,-1.289435977704435,-1.322058588561376,0.0,0.0,0.0,0.0,0.0,0.0
956,0.14974252388881643,-0.23671561151494303,-0.17255750280327242,-5.962498149286815,-3.7716309624940565,0.059557995209269965,0.19411766426947977,0.13853270458679348,-0.22580767126006843,-2.103664512387516,-2.09915148012225,-3.058559909513603,-0.10551138163510126,0.20974407503605488,-0.2242248787813263,0.6468295874251448,-2.21916180018073,-2.3568912150135777,0.004858010458487039,0.22862808745866703,-0.21976764226259915,0.05755062113532369,-1.2608731201329562,-1.292679268533077,0.0,0.0,0.0,0.0,0.0,0.0
957,0.14632248469782172,-0.23136641670307126,-0.1686103118146674,-5.827536387625898,-3.6854666853679325,0.05837525886829775,0.18971692111544183,0.13535848882978893,-0.22068363551581152,-2.0559113117360104,-2.0515141390662794,-2.9888968682302925,-0.10309120960594549,0.20498174707561057,-0.21913661648887967,0.6322001159195144,-2.1687727499071925,-2.3033036308677657,0.004778942402944374,0.22342556986973322,-0.2147804333448681,0.056245667455862354,-1.2322589530364314,-1.2632557623199805,0.0,0.0,0.0,0.0,0.0,0.0
958,0.1428984958709178,-0.22600571632369248,-0.16465912696057314,-5.692305411400764,-3.599204971883054,0.05717462043651189,0.18530804501526352,0.13218155963547099,-0.21555058593378804,-2.008075673571995,-2.0037933080181984,-2.919135468740978,-0.10066920915308239,0.20021130568247467,-0.21403941672132365,0.6175403850343308,-2.118298024257549,-2.249631612147286,0.00469681500935787,0.21821525671562061,-0.20978447318762627,0.05493832612277762,-1.203594673764814,-1.233788924121355,0.0,0.0,0.0,0.0,0.0,0.0
959,0.13947060878424267,-0.22063383084650806,-0.16070398212944695,-5.556812352830381,-3.512847022930119,0.055956845728520443,0.18089123935922904,0.12900192132310376,-0.21040873881943062,-1.9601595437556691,-1.9559909840768444,-2.849277559198241,-0.09824537253669983,0.19543293980265503,-0.2089334936672411,0.6028512148867546,-2.0677396179300005,-2.1958769769238176,0.0046117633916069375,0.212997306483595,-0.20477997133129872,0.053628656320761255,-1.1748814801341063,-1.204279616211349,0.0,0.0,0.0,0.0,0.0,0.0
960,0.1360388767611627,-0.21525107877622773,-0.15674491398310564,-5.421064314874051,-3.4263940904283747,0.05472268528868174,0.17646670720448404,0.12581958096994,-0.20525831051509122,-1.9121648698883709,-1.908109164959437,-2.7793250112842385,-0.0958196943690377,0.19064683869087368,-0.2038190615646604,0.5881334216031783,-2.017099528621055,-2.142041553003663,0.004523919897770448,0.2077718789699597,-0.19976713737306268,0.05231671716311172,-1.1461205703785908,-1.174728708973466,0.0,0.0,0.0,0.0,0.0,0.0
961,0.132603355087054,-0.20985777662701743,-0.1527819619793197,-5.28506837074082,-3.339847477715152,0.053472874275394044,0.1720346512635425,0.12263454843046183,-0.20009951739110587,-1.8640936012481912,-1.8601498489225645,-2.709279720299538,-0.09339217163014177,0.1858531919026802,-0.1986963346923,0.5733878172444071,-1.9663797569741,-2.088127177920774,0.004433414084276862,0.20253913528443124,-0.19474618095834217,0.05100256768838667,-1.117313143102866,-1.1451370809327872,0.0,0.0,0.0,0.0,0.0,0.0
962,0.1291641010236192,-0.2044542388971658,-0.14881516839375458,-5.148831563402336,-3.253208539923418,0.05220813234682031,0.16759527389287665,0.11944683635508731,-0.1949325758368635,-1.8159476887252188,-1.8121150346830959,-2.639143605247412,-0.09096280368316903,0.18105218928660946,-0.19356552736081314,0.5586152097317045,-1.9155823065272295,-2.034135698927895,0.004340372690570891,0.19729923785417802,-0.1897173117723022,0.049686266857068,-1.0884603972338647,-1.1155056187861203,0.0,0.0,0.0,0.0,0.0,0.0
963,0.12572117382271905,-0.19904077804394232,-0.14484457834123604,-5.012360905108506,-3.1664786843468167,0.05092916354807686,0.163148777081564,0.11625646020832173,-0.18975770225184996,-1.7677290847561842,-1.7640067213387698,-2.5689186089131817,-0.08853159228922855,0.17624402097635505,-0.18842685390400668,0.5438164027736329,-1.864709183660086,-1.98006897298553,0.004244919614298969,0.19205235042749288,-0.184680739531315,0.04836787354823199,-1.0595635319727028,-1.0858352174299093,0.0,0.0,0.0,0.0,0.0,0.0
964,0.12227463473973563,-0.19361770445868304,-0.14087023979635527,-4.8756633769067,-3.0796593707925997,0.04963665619994728,0.1586953624400165,0.11306343828636471,-0.18457511303669233,-1.7194397432587,-1.71582690828867,-2.498606697938917,-0.08609854162176647,0.1714288773829816,-0.1832805286700562,0.5289921957937589,-1.8137623975399157,-1.9259288667489893,0.00414717588701952,0.18679863807712543,-0.1796366739744216,0.04704744655623128,-1.030623746746484,-1.056126779986054,0.0,0.0,0.0,0.0,0.0,0.0
965,0.11882454704645427,-0.1881853264420892,-0.1368922036134031,-4.738745928164164,-2.992752111922144,0.04833128278914567,0.1542352311887752,0.10986779173416217,-0.1793850245841882,-1.6710816195649847,-1.6675775951534662,-2.428209862893261,-0.0836636582804865,0.16660694918715743,-0.17812676601270522,0.5141433838591978,-1.7627439600667374,-1.8717172565533333,0.004047259650439889,0.18153826720325839,-0.1745853248547759,0.04572504458738518,-1.0016422411599961,-1.0263812178255467,0.0,0.0,0.0,0.0,0.0,0.0
966,0.11537097604347471,-0.18274395017976186,-0.1329105235456392,-4.601615476094096,-2.905758473579291,0.047013699860187885,0.14976858414738606,0.1066695445619079,-0.17418765327033278,-1.6226566703551701,-1.6192607816955276,-2.357730118336561,-0.0812269513048094,0.16177842733142078,-0.17296578028245838,0.49927075761002987,-1.7116558858177058,-1.8174360283963655,0.003945286133185118,0.176271405536143,-0.16952690193108155,0.044400726256682,-0.9726202149473508,-0.9965994505900121,0.0,0.0,0.0,0.0,0.0,0.0
967,0.11191398907214153,-0.17729387971796787,-0.12892525626389073,-4.464278905285253,-2.8186800751062777,0.04568454790893106,0.14529562172334667,0.10346872366098561,-0.1689832154453369,-1.5741668535901305,-1.570878467738849,-2.28716950288111,-0.07878843218686452,0.15694350301246646,-0.1677977858177639,0.4843751031895788,-1.660500191990627,-1.763087077919545,0.0038413676281017287,0.17099822213838284,-0.1644616149590164,0.04307455008449138,-0.9435588679235376,-0.9667824062110894,0.0,0.0,0.0,0.0,0.0,0.0
968,0.10845365552600586,-0.17183541693965454,-0.12493646137448729,-4.326743067235455,-2.7315185896475356,0.04434445127778974,0.14081654390113713,0.10026535881935789,-0.1637719274246448,-1.5256141284439275,-1.5224326530888748,-2.2165300792467146,-0.07634811488401741,0.15210236767346502,-0.16262299693619242,0.46945720217558473,-1.6092788983467028,-1.7086723103869712,0.003735613470100688,0.16571888740688048,-0.1593896736826519,0.04174657449328976,-0.91445939993594,-0.9369310209277384,0.0,0.0,0.0,0.0,0.0,0.0
969,0.1049900468618042,-0.16636886154071057,-0.12094420143652146,-4.1890147798888275,-2.6442757444410097,0.042994018052732175,0.13633155023132323,0.0970594827363895,-0.1585540054799443,-1.477000455235779,-1.4739253374521473,-2.1458139343113274,-0.07390601583092526,0.14725521299639943,-0.1574416279256065,0.4545178315122541,-1.5579940271524342,-1.6541936406622768,0.0036281300145429435,0.1604335730744348,-0.15431128782586173,0.04041685780439705,-0.8853230108157696,-0.9070462393014,0.0,0.0,0.0,0.0,0.0,0.0
970,0.10152323660997295,-0.160894511006496,-0.11694854197845085,-4.051100827177366,-2.5569533210974607,0.041633839962049835,0.13184083981975203,0.09385113103711736,-0.15332966583018573,-1.4283277953617293,-1.4253585203559378,-2.075023179157078,-0.0714621539511277,0.14240223089443738,-0.1522538930353355,0.4395577634432423,-1.5066476031208431,-1.5996529931836687,0.0035190206161719705,0.15514245221101014,-0.14922666708373378,0.03908545823472893,-0.8561509003295111,-0.8771290142291315,0.0,0.0,0.0,0.0,0.0,0.0
971,0.09805330038467966,-0.15541266058862863,-0.11294955151402317,-3.9130079585663675,-2.469553155867259,0.04026449227699247,0.12734461131681957,0.09064034228594903,-0.14809912463259106,-1.379598111225829,-1.3767342010676833,-2.0041599491113162,-0.06901655066816029,0.13754361350431635,-0.1470600064673385,0.4245777654455189,-1.4552416533518324,-1.5450523019368476,0.0034083856085962254,0.14984569922465657,-0.14413602111396923,0.037752433893560575,-0.826944268130276,-0.8471803069545951,0.0,0.0,0.0,0.0,0.0,0.0
972,0.09458031589338892,-0.14992360328205642,-0.10894730155754215,-3.7747428886044605,-2.38207713989513,0.03888653371430162,0.12284306290683387,0.08742715799980348,-0.1428625979736761,-1.3308133661710453,-1.3280543785144479,-1.9332264037830356,-0.0665692299162003,0.1326795531787624,-0.14186018236737724,0.4095786001641892,-1.403778207271905,-1.4903935104260881,0.0032963222843259456,0.14454348986210586,-0.1390395595282894,0.0364178427793078,-0.7977043137091864,-0.817201087077047,0.0,0.0,0.0,0.0,0.0,0.0
973,0.0911043629459497,-0.14442762980240476,-0.10494186663845986,-3.6363122964778665,-2.2945272194624975,0.03750050634068858,0.11833639229745695,0.08421162266067875,-0.13762030186026858,-1.2819755244097426,-1.2793210512022422,-1.862224727094368,-0.06412021815023339,0.12781024247892336,-0.1366546348161827,0.39456102534822735,-1.3522592965730793,-1.4356785716432532,0.0031829248753678634,0.13923600120902577,-0.1339374918838347,0.035081742776321374,-0.7684322363467011,-0.7871923325582172,0.0,0.0,0.0,0.0,0.0,0.0
974,0.08762552346321528,-0.13892502856362013,-0.10093332431530763,-3.4977228255693804,-2.206905396217726,0.036106935479317426,0.11382479670924008,0.08099378372765595,-0.1323724522105374,-1.2330865509538722,-1.2305362171353509,-1.7911571273073796,-0.06166954435574765,0.12293587416682925,-0.13144357782062963,0.3795257937871705,-1.300686955151147,-1.3809094480349309,0.0030682845343809467,0.13392341168995026,-0.12883002767456958,0.03374419165169889,-0.7391292350639582,-0.7571550297271907,0.0,0.0,0.0,0.0,0.0,0.0
975,0.08414388150888061,-0.13341608562572027,-0.09692175522343144,-3.358981082525695,-2.1192137280170487,0.034706329418285664,0.1093084728642951,0.07777369165835261,-0.12711926484992883,-1.184148411638892,-1.1817018737862341,-1.720025837172225,-0.05921724005374159,0.11805664120548949,-0.12622722530982342,0.36447365311097935,-1.2490632191837217,-1.3260881115432186,0.002952489292765913,0.1286059010732094,-0.1237173763275583,0.03240524704739122,-0.7097965086040814,-0.7270901733204105,0.0,0.0,0.0,0.0,0.0,0.0
976,0.0806595232878144,-0.12790108468496925,-0.09290724307398929,-3.2200936370220017,-2.031454328884613,0.03329917940028526,0.1047876169763803,0.07455139991585803,-0.12186095550026838,-1.1351630730160789,-1.1328200179947485,-1.6488331138947276,-0.056763339311163154,0.11317273674837665,-0.12100579112433911,0.3494053457831394,-1.1973901270115248,-1.2712165435391611,0.0028356240522687814,0.12328365046811622,-0.11859974719244647,0.03106496647891646,-0.6804352553716555,-0.6969987664679298,0.0,0.0,0.0,0.0,0.0,0.0
977,0.07717253710358729,-0.1223803071157557,-0.08888987459359612,-3.081067022376413,-1.9436293678997247,0.03188595995491772,0.10026242474268968,0.0713269649580762,-0.11659773976051899,-1.0861325020842556,-1.083892645781084,-1.5775812388845871,-0.05430787875808774,0.10828435411595337,-0.11577948899710089,0.33432160932941407,-1.1456697187796223,-1.2162967346255564,0.002717770617359231,0.11795684231276721,-0.11347734952265132,0.0297234073421352,-0.6510466733211542,-0.6668818206144641,0.0,0.0,0.0,0.0,0.0,0.0
978,0.07368301340270855,-0.1168540319016943,-0.08486973959015537,-2.9419077343430797,-1.8557410703643256,0.030467128497011386,0.09573309133224585,0.06810044626332622,-0.11132983310560012,-1.0370586663675758,-1.034921752345122,-1.5062725179628962,-0.05185089758886797,0.1033916868002647,-0.11054853255234809,0.3192231760604027,-1.0939040365952704,-1.1613306847160927,0.0025990076412504117,0.11262566038111929,-0.10835039247448676,0.028380626902662822,-0.6216319599557303,-0.636740355575115,0.0,0.0,0.0,0.0,0.0,0.0
979,0.0701910447803497,-0.1113225356155419,-0.08084693096266728,-2.802622230707549,-1.7677917179578948,0.02904312524853686,0.09119981137592116,0.06487190633924653,-0.10605745087735305,-0.9879435338420326,-0.9859093319845695,-1.4349092813620308,-0.04939243756952425,0.09849492845731457,-0.10531313529673193,0.3041107730163026,-1.0420951244595935,-1.1063204029910798,0.002479410610461987,0.10729028978117863,-0.10321908509848256,0.02703668229288113,-0.5921923122779409,-0.606575399529379,0.0,0.0,0.0,0.0,0.0,0.0
980,0.066696725985081,-0.1057860924001417,-0.07682154470961608,-2.6632169308989853,-1.6797836488665212,0.027614373167291484,0.08666277895659272,0.0616414107308937,-0.10078080827543015,-0.9387890728598095,-0.9368573780121732,-1.3634938837180588,-0.04693254304473555,0.0935942728993036,-0.1000735106103329,0.2889851219157549,-0.990245028195723,-1.0512679078497265,0.0023590518304993707,0.10195091695276377,-0.09808363633062218,0.025691630509078005,-0.5627289267399463,-0.5763879890124226,0.0,0.0,0.0,0.0,0.0,0.0
981,0.06320015392313158,-0.10024497394971982,-0.07279367993667943,-2.523698215607952,-1.5917192578996002,0.026181277878036258,0.08212218759939656,0.058409028028244415,-0.09550012034819742,-0.8895972520733517,-0.8877678826729696,-1.2920287040581937,-0.0444712609443283,0.08868991408687889,-0.09482987173768861,0.2738469391057084,-0.9383557953762999,-0.9961752268604493,0.0022380004121343696,0.09660772966494541,-0.09294425498358934,0.02434552840860698,-0.53324299919374,-0.5461791689043483,0.0,0.0,0.0,0.0,0.0,0.0
982,0.059701427662176974,-0.09469944949155205,-0.06876343886376635,-2.3840724264101376,-1.5036009965942396,0.024744227606124547,0.07757823026208839,0.05517482987310201,-0.09021560198366002,-0.8403700403592635,-0.8386428370616477,-1.2205161457833842,-0.042008640789265306,0.08378204612139967,-0.08958243177884144,0.258696935512332,-0.886429475250437,-0.9410443967092892,0.0021163222582899852,0.09126091701317182,-0.08780114973803214,0.02299843270706967,-0.5037357248414615,-0.5159499924175105,0.0,0.0,0.0,0.0,0.0,0.0
983,0.056200648434661056,-0.08914978576801158,-0.06473092683138991,-2.2443458653962334,-1.415431373307543,0.02330359311369018,0.07303109932551628,0.05193889096541042,-0.08492746790041618,-0.791109406742073,-0.789484231040089,-1.148958636646111,-0.03954473469713545,0.07887086323722345,-0.08433140368041167,0.2435358165929943,-0.834468118670208,-0.885877463146499,0.0019940800515332,0.08591066941608778,-0.08265452913385034,0.02165039997552249,-0.474208298185827,-0.48570152108191944,0.0,0.0,0.0,0.0,0.0,0.0
984,0.052697919640648704,-0.08359624701900312,-0.060696252306372184,-2.1045247948080292,-1.3272129532966812,0.02185972763843419,0.06848098658420339,0.04870128906897064,-0.07963593263863779,-0.7418173203178577,-0.7402940531550589,-1.0773586287233394,-0.03707959738714104,0.07395655979400623,-0.07907700022669428,0.22836428228930927,-0.7824737780166375,-0.8306764809312698,0.0018713332421784502,0.0805571786120454,-0.0775046015615039,0.02030148663770754,-0.4446619129806611,-0.4554348247287292,0.0,0.0,0.0,0.0,0.0,0.0
985,0.04919334685021262,-0.07803909496478903,-0.05665952688688288,-1.9646154366808033,-1.2389483587868253,0.020412966835078872,0.06392808323704115,0.04546210501655867,-0.07434121055107709,-0.6924957501777205,-0.6910742905560523,-1.0057185983846113,-0.03461328618458099,0.06903933026901549,-0.07381943403077852,0.21318302698124802,-0.7304485071251946,-0.7754435137745882,0.001748138037004767,0.07520063765530853,-0.07235157525334204,0.018951748967307617,-0.4150977621815304,-0.4251509814718162,0.0,0.0,0.0,0.0,0.0,0.0
986,0.045687037805355143,-0.07247858878921842,-0.05262086530681488,-1.8246239724922084,-1.1506402690269653,0.018963628719527947,0.059372579878096084,0.04222142271444423,-0.06904351579410399,-0.6431466653311617,-0.6418269289133324,-0.9340410462553157,-0.032145861024829483,0.06411936924945648,-0.06855891752569522,0.1979927394423344,-0.6783943612108397,-0.7201806342802662,0.0016245473885900348,0.06984124091195638,-0.06719565827495769,0.017601243085226887,-0.38551703789650243,-0.3948510776874804,0.0,0.0,0.0,0.0,0.0,0.0
987,0.04217910242147316,-0.06691498512337424,-0.04858038543950421,-1.6845565428179834,-1.062291420333812,0.017512013615802235,0.054814666487538244,0.0389793291463144,-0.06374306231878231,-0.5937720346294312,-0.5925539523362457,-0.8623284971752412,-0.02967738445681265,0.05919687142481714,-0.0632956629555999,0.18279410279595076,-0.62631339679271,-0.6648899238842267,0.0015006109852650279,0.06447918405549599,-0.06203705851657504,0.016250024956899506,-0.3559209313370775,-0.36453620799232656,0.0,0.0,0.0,0.0,0.0,0.0
988,0.038669652788357045,-0.06134853802963167,-0.04453820830078499,-1.544419246994223,-0.9739046061235485,0.016058404105792845,0.0502545324226792,0.0357359143765908,-0.05844006386197158,-0.5443738266887275,-0.5432573432916833,-0.7905835001522028,-0.027207921645974492,0.05427203157921634,-0.05802988236697804,0.16758779447271735,-0.5742076716183119,-0.6095734727918916,0.0013763752416901761,0.05911466406217128,-0.05687598368445716,0.01489815038962292,-0.3263106327692156,-0.33420747521925226,0.0,0.0,0.0,0.0,0.0,0.0
989,0.035158803170739744,-0.055779498986156355,-0.04049445805139702,-1.404218142786889,-0.8854826769318294,0.014603064981891872,0.045692366409139595,0.03249127155315313,-0.053134733937476836,-0.4949540098134649,-0.4939390825229035,-0.7188086283110456,-0.024737540376741307,0.04934504458377407,-0.05276178759989549,0.15237448616901353,-0.5220792445874483,-0.5542333799139154,0.0012518832900583537,0.053747879205993596,-0.05171264129235566,0.01354567502992192,-0.296687331464586,-0.30386599039168716,0.0,0.0,0.0,0.0,0.0,0.0
990,0.03164667000838253,-0.05020811687182759,-0.03644926199873102,-1.2639592460681024,-0.7970285404216955,0.013146243202555169,0.04112835653212744,0.029245496909453397,-0.0478272858272249,-0.44551455191940387,-0.4446011489685173,-0.6470064788377105,-0.022266311054472483,0.044416105388980345,-0.047491590279271904,0.13715484380658213,-0.4699301756756755,-0.4988717528000238,0.0011271749719258322,0.048379029053472765,-0.0465472386529813,0.01219265436093811,-0.26705221565191783,-0.2735128726959632,0.0,0.0,0.0,0.0,0.0,0.0
991,0.0281333719157184,-0.04463463795162434,-0.0324027505979357,-1.1236485305001018,-0.7085451613799173,0.011688167850851888,0.036562690227853654,0.02599868976603756,-0.042517932572498,-0.396057420456934,-0.39524551968191896,-0.5751796729187625,-0.019794306706910066,0.039485409017088816,-0.04221950180620841,0.12192952749330609,-0.41776252585758994,-0.44349070757127695,0.001002286830675118,0.04300831445808149,-0.04137998286952582,0.010839143699852876,-0.23740647246862384,-0.2431492494520026,0.0,0.0,0.0,0.0,0.0,0.0
992,0.024619029681033078,-0.03905930586244636,-0.028355057452362702,-0.9832919272261145,-0.6200355617012607,0.010229050096046022,0.03199555427505701,0.022750952531453247,-0.037206886965191414,-0.34658458233420475,-0.34587416975085894,-0.5033308556759338,-0.017321602985110603,0.034553150554501984,-0.036945733349336034,0.10669919148506646,-0.3655783570296292,-0.3880923688504131,0.0008772521046113563,0.03763593755442173,-0.03621108082720204,0.009485198195335635,-0.2077512879125106,-0.21277625608214595,0.0,0.0,0.0,0.0,0.0,0.0
993,0.021103766265208147,-0.033482361599415214,-0.024306319313378812,-0.8428953245691858,-0.5315028203612937,0.008769083158282232,0.027427134786669617,0.019502390702563738,-0.031894361539132575,-0.29709800384045026,-0.2964890722175074,-0.4314626960961525,-0.014848278163874093,0.02961952514417912,-0.03167049583622225,0.09146448414879028,-0.3133797319327554,-0.33267886969064664,0.0007521007206960756,0.03226210175213146,-0.031040739184839232,0.00813087282502702,-0.17808784679378442,-0.18239503607833737,0.0,0.0,0.0,0.0,0.0,0.0
994,0.01758770680001338,-0.02790404350263849,-0.0202566760795296,-0.7024645677384928,-0.4429500733773963,0.0073084422764108925,0.022857617201604466,0.016253112864253186,-0.026580568561438905,-0.24759965056930328,-0.24709219799879545,-0.3595778869567553,-0.012374413141658658,0.02468472797804384,-0.026393999944813153,0.07622604792662589,-0.2611687140748046,-0.2772523515026911,0.0006268592889200702,0.02688701172951154,-0.025869164366511373,0.006776222393051629,-0.14841733268722646,-0.15200674096755434,0.0,0.0,0.0,0.0,0.0,0.0
995,0.014070978585959733,-0.022324587244460313,-0.016206270795068242,-0.5620054585436438,-0.35438051375826524,0.005847284679021084,0.018287186276678465,0.01300323068853108,-0.02126572002393072,-0.1980914873422463,-0.19768551580718913,-0.28767914474608147,-0.009900091439986386,0.019748954289403216,-0.02111645609492709,0.060984519301294005,-0.20894736765266372,-0.2218149639801652,0.0005015510973186304,0.02151087342689007,-0.020696562553213935,0.0054213015275644426,-0.11874092788462527,-0.1216125302755783,0.0,0.0,0.0,0.0,0.0,0.0
996,0.010553711089706482,-0.016744225817192062,-0.01215524964784188,-0.4215237551167549,-0.26579739144174336,0.004385749558725088,0.013716026078661119,0.00975285893302732,-0.01595002763458744,-0.14857547813209773,-0.14827099207178873,-0.2157692095792837,-0.007425399202333636,0.01481239934536487,-0.01583807443978852,0.045740528762583575,-0.15671775747416825,-0.1663688650232607,0.0003761961076311018,0.016133894039714727,-0.01552313967457819,0.004066164678328341,-0.08905981334740383,-0.09121357148905429,0.0,0.0,0.0,0.0,0.0,0.0
997,0.007036035941037677,-0.011163189521351721,-0.008103761966552811,-0.2810251716429435,-0.17720401322134754,0.0029239580497554055,0.00914431997646677,0.006502115438888886,-0.010633702809067721,-0.0990535859867256,-0.098850590859945,-0.1438508451096222,-0.004950425192513924,0.009875258439268725,-0.01055906485762231,0.030494700775053528,-0.10448194887992636,-0.11091622066088393,0.0002508109516078152,0.01075628201139548,-0.010349101400642817,0.0027108661143281144,-0.059375168659554445,-0.06081104001596583,0.0,0.0,0.0,0.0,0.0,0.0
998,0.0035180869293980266,-0.005581705954400644,-0.004051960217383736,-0.14051537809889622,-0.08860374266125039,0.0014620132089242718,0.004572250633476075,0.003251121128066627,-0.0053169566622773955,-0.04952777295283904,-0.04942627379924407,-0.07192683843500922,-0.0024752607925441392,0.004937726883114973,-0.005279636943292448,0.015247653746895101,-0.052242007664914936,-0.05545920497109452,0.0001254089279663879,0.005378247025882996,-0.005174653133667044,0.0013554599214170276,-0.029688171980790674,-0.0304061191444428,0.0,0.0,0.0,0.0,0.0,0.0
999,1.370048540135202e-16,-2.1736831483528217e-16,-1.5779548615738302e-16,-5.472089056503241e-15,-3.450495437623674e-15,5.693501793188202e-17,1.7805711577731541e-16,1.2660842824252954e-16,-2.0705820027393945e-16,-1.928759659962916e-15,-1.9248069829555553e-15,-2.8010466614263704e-15,-9.639410579388108e-17,1.9228986070467736e-16,-2.0560485896219793e-16,5.937892674516619e-16,-2.034460078792179e-15,-2.1597475224957643e-15,4.883763208327651e-18,2.0944505315662626e-16,-2.015164754241401e-16,5.2785666636703715e-17,-1.1561462434924915e-15,-1.1841053892064176e-15,0.0,0.0,0.0,0.0,0.0,0.0
